rent,availability_date,address,city,zip,lat,lon,beds,baths,area,type,rent_zestimate,home_zestimate,days_on_zillow,price_change,tier1_beds,tier1_price,tier2_beds,tier2_price,rent_per_sqft,size_group,coastal,price_cut,days_group,beds_group
1895.0,,"Las Casas Apartment Homes, 15491 Pasadena Ave, Tustin, CA 92780",Tustin,92780,33.73892,-117.8322,0.0,1.0,570.0,APARTMENT,,,0.0,,,,,,3.324561403508772,under 700,False,False,0-7 days,Studio
2295.0,,"Le Med Apartment Homes, 2900 E Lincoln Ave, Anaheim, CA 92806",Anaheim,92806,33.83494,-117.86679,1.0,1.0,713.0,APARTMENT,,,0.0,,,,,,3.2187938288920055,"700-1,000",False,False,0-7 days,1 bed
1925.0,,"Glen Oaks Apartment Homes, 2000 W Glenoaks Ave, Anaheim, CA 92801",Anaheim,92801,33.84269,-117.9521,1.0,1.0,745.0,APARTMENT,,,1.0,,,,,,2.5838926174496644,"700-1,000",False,False,0-7 days,1 bed
2755.0,2025-05-22,"Athenian Apartments, 111 N Western Ave #5, Anaheim, CA 92801",Anaheim,92801,33.832752,-118.002815,2.0,2.0,,APARTMENT,2233.0,,0.0,,,,,,,,False,False,0-7 days,2 beds
2010.0,2025-05-20,"Cris Village Apartments, 9040 Cris Ave #50-07, Anaheim, CA 92804",Anaheim,92804,33.80849,-117.97489,1.0,1.0,630.0,APARTMENT,,,0.0,,,,,,3.1904761904761907,under 700,False,False,0-7 days,1 bed
2920.0,,"The Timbers Apartments, 23333 Ridge Route Dr, Lake Forest, CA 92630",Lake Forest,92630,33.623863,-117.71402,2.0,1.0,1025.0,APARTMENT,,,40.0,,,,,,2.848780487804878,"1,000-1,500",False,False,31-60 days,2 beds
2685.0,2025-05-08,"Normandy Apartment Homes, 125 N Syracuse St #36, Anaheim, CA 92801",Anaheim,92801,33.833176,-117.9831,2.0,1.0,890.0,APARTMENT,2339.0,,40.0,,,,,,3.0168539325842696,"700-1,000",False,False,31-60 days,2 beds
5800.0,,"M Collection, 32468 Crown Valley Pkwy #304, Dana Pt, CA 92629",Dana Point,92629,33.490685,-117.71959,2.0,2.0,1547.0,APARTMENT,4321.0,,231.0,-295.0,,,,,3.749191984486102,"1,500-2,500",True,True,90+ days,2 beds
2310.0,2025-04-24,"Trabuco Woods Apartment Homes, 22159 Rimhurst Dr #43, Lake Forest, CA 92630",Lake Forest,92630,33.64078,-117.681755,1.0,1.0,720.0,APARTMENT,2336.0,,69.0,10.0,,,,,3.2083333333333335,"700-1,000",False,False,61-90 days,1 bed
2005.0,,"Parkside La Palma, 1000 E La Palma Ave, Anaheim, CA 92805",Anaheim,92805,33.8468,-117.90859,1.0,1.0,825.0,APARTMENT,2094.0,,376.0,,,,,,2.43030303030303,"700-1,000",False,False,90+ days,1 bed
2235.0,,"Villa Buena, 7000 La Palma Ave, Buena Park, CA 90620",Buena Park,90620,33.84614,-118.009415,1.0,1.0,,APARTMENT,1434.0,,251.0,,,,,,,,False,False,90+ days,1 bed
2085.0,,"Harbor Grove Senior Apartments, 12777 Garden Grove Blvd, Garden Grove, CA 92843",Garden Grove,92843,33.774773,-117.9106,1.0,1.0,575.0,APARTMENT,,,26.0,,,,,,3.626086956521739,under 700,False,False,8-30 days,1 bed
2700.0,2025-04-27,"Joann Street Apartments, 735 Joann St, Costa Mesa, CA 92627",Costa Mesa,92627,33.657166,-117.92922,2.0,2.0,1015.0,APARTMENT,,,116.0,50.0,,,,,2.6600985221674875,"1,000-1,500",False,False,90+ days,2 beds
3040.0,2025-05-24,"Sandpointe Cove Apartment Homes, 1525 Placentia Ave #P-3, Newport Beach, CA 92663",Newport Beach,92663,33.629986,-117.93297,2.0,2.0,870.0,APARTMENT,,,12.0,25.0,,,,,3.4942528735632186,"700-1,000",True,False,8-30 days,2 beds
4045.0,2025-04-24,"Fairway Villas Apartment Homes, 20122 Santa Ana Ave #5D, Newport Beach, CA 92660",Newport Beach,92660,33.664925,-117.88348,3.0,2.0,1400.0,APARTMENT,3871.0,,63.0,60.0,,,,,2.8892857142857142,"1,000-1,500",True,False,61-90 days,3 beds
2800.0,2025-05-15,"Newport Seacrest Apartments, 843 W 15th St #12, Newport Beach, CA 92663",Newport Beach,92663,33.628696,-117.93357,1.0,1.0,,APARTMENT,2725.0,,37.0,,,,,,,,True,False,31-60 days,1 bed
2309.0,,"Orange County - Lake Forest, 20251 Lake Forest Dr, Lake Forest, CA 92630",Lake Forest,92630,33.66811,-117.66242,0.0,1.0,300.0,APARTMENT,,,32.0,-540.0,,,,,7.696666666666666,under 700,False,True,31-60 days,Studio
4000.0,2025-05-12,"33300 Ortega Hwy #B, San Juan Capistrano, CA 92675",San Juan Capistrano,92675,33.53287,-117.55019,2.0,2.0,2200.0,APARTMENT,,,8.0,,,,,,1.8181818181818181,"1,500-2,500",False,False,8-30 days,2 beds
2170.0,2025-04-28,"Harbor Pointe Apartments, 1500 N Harbor Blvd UNIT 4, Santa Ana, CA 92703",Santa Ana,92703,33.757893,-117.92164,1.0,1.0,683.0,APARTMENT,,,4.0,,,,,,3.177159590043924,under 700,False,False,0-7 days,1 bed
2305.0,2025-06-07,"The Imperial Apartments, 1722 N Bush St APT 310, Santa Ana, CA 92706",Santa Ana,92706,33.760868,-117.86677,1.0,1.0,648.0,APARTMENT,,,20.0,,,,,,3.557098765432099,under 700,False,False,8-30 days,1 bed
2095.0,,"Pacific Woods, 16350 S Harbor Blvd, Santa Ana, CA 92704",Santa Ana,92704,33.72574,-117.918655,1.0,1.0,700.0,APARTMENT,2444.0,,398.0,-115.0,,,,,2.992857142857143,under 700,False,True,90+ days,1 bed
2035.0,,"Tradewinds, 1609 N Bush St, Santa Ana, CA 92701",Santa Ana,92701,33.759274,-117.86606,1.0,1.0,672.0,APARTMENT,,,49.0,,,,,,3.0282738095238093,under 700,False,False,31-60 days,1 bed
2270.0,,"Casa Tiempo, 8912 Heil Ave #12, Westminster, CA 92683",Westminster,92683,33.72292,-117.97367,1.0,1.0,780.0,APARTMENT,,,7.0,,,,,,2.91025641025641,"700-1,000",False,False,0-7 days,1 bed
2300.0,,"Bever Place, 8080 Bever Pl, Stanton, CA 90680",Stanton,90680,33.79076,-117.99139,2.0,1.0,900.0,APARTMENT,2557.0,,364.0,200.0,,,,,2.5555555555555554,"700-1,000",False,False,90+ days,2 beds
2325.0,,"Oasis Apartments, 13852 La Pat Pl, Westminster, CA 92683",Westminster,92683,33.761112,-118.01423,2.0,2.0,,APARTMENT,,,22.0,-50.0,,,,,,,False,True,8-30 days,2 beds
2500.0,2025-07-01,"Chapman Villas Apartments, 8602 Chapman Ave #6, Garden Grove, CA 92841",Garden Grove,92841,33.787975,-117.982124,2.0,2.0,850.0,APARTMENT,,,11.0,,,,,,2.9411764705882355,"700-1,000",False,False,8-30 days,2 beds
1995.0,,"Chanteclair Apartments, 13122 Benton St, Garden Grove, CA 92843",Garden Grove,92843,33.772137,-117.94603,1.0,1.0,,APARTMENT,1757.0,,617.0,45.0,,,,,,,False,False,90+ days,1 bed
2495.0,,"Bolsa Gardens Apartment Homes, 10621 Bolsa Ave, Garden Grove, CA 92843",Garden Grove,92843,33.74548,-117.94382,2.0,2.0,900.0,APARTMENT,,,116.0,-55.0,,,,,2.772222222222222,"700-1,000",False,True,90+ days,2 beds
2400.0,,"Milesquare Apartments, 4800 W McFadden Ave, Santa Ana, CA 92704",Santa Ana,92704,33.73777,-117.933556,2.0,1.0,,APARTMENT,,,298.0,,,,,,,,False,False,90+ days,2 beds
2595.0,2025-05-09,"Vista Del Sol, 8911 Mays Ave APT 12, Garden Grove, CA 92844",Garden Grove,92844,33.76458,-117.97341,2.0,2.0,970.0,APARTMENT,2624.0,,11.0,,,,,,2.6752577319587627,"700-1,000",False,False,8-30 days,2 beds
2495.0,2025-05-10,"10442 Lampson Avenue, 10442 Lampson Ave #2, Garden Grove, CA 92840",Garden Grove,92840,33.78124,-117.95029,2.0,1.0,900.0,APARTMENT,,,20.0,,,,,,2.772222222222222,"700-1,000",False,False,8-30 days,2 beds
2195.0,2025-04-22,"Chapman Woods, 200 E Chapman Ave, Placentia, CA 92870",Placentia,92870,33.871372,-117.86877,1.0,1.0,650.0,APARTMENT,,,207.0,-400.0,,,,,3.376923076923077,under 700,False,True,90+ days,1 bed
1910.0,,"South Park Apartments, 514 E South St, Anaheim, CA 92805",Anaheim,92805,33.827755,-117.905365,1.0,1.0,540.0,APARTMENT,,,375.0,,,,,,3.537037037037037,under 700,False,False,90+ days,1 bed
2105.0,2025-06-06,"Royal Palms, 1295 E Lincoln Ave #13, Anaheim, CA 92805",Anaheim,92805,33.839546,-117.899605,1.0,1.0,680.0,APARTMENT,2052.0,,14.0,,,,,,3.0955882352941178,under 700,False,False,8-30 days,1 bed
2765.0,2025-05-29,"Woodhaven apartments, 1240 N State College Blvd APT 2, Anaheim, CA 92806",Anaheim,92806,33.852283,-117.88872,2.0,2.0,882.0,APARTMENT,,,34.0,,,,,,3.134920634920635,"700-1,000",False,False,31-60 days,2 beds
2399.0,,"Orange County - Anaheim Convention Center, 1742 S Clementine St, Anaheim, CA 92802",Anaheim,92802,33.804806,-117.90893,0.0,1.0,300.0,APARTMENT,,,13.0,,,,,,7.996666666666667,under 700,False,False,8-30 days,Studio
6500.0,2025-05-08,"32981 N Peak Dr, Trabuco Canyon, CA 92679",Trabuco Canyon,92679,33.65392,-117.55656,4.0,3.0,2647.0,SINGLE_FAMILY,6389.0,1565600.0,12.0,,,,,,2.455610124669437,"over 2,500",False,False,8-30 days,4 beds
2165.0,,"Brooklake, 1401 S Harbor Blvd, La Habra, CA 90631",La Habra,90631,33.91465,-117.93421,1.0,1.0,741.0,APARTMENT,2143.0,,469.0,200.0,,,,,2.921727395411606,"700-1,000",False,False,90+ days,1 bed
3395.0,,"Cypress Cape Apartments, 5302 Bishop St, Cypress, CA 90630",Cypress,90630,33.830517,-118.04017,3.0,2.0,,APARTMENT,3396.0,,6.0,,,,,,,,False,False,0-7 days,3 beds
2095.0,2025-05-16,"La Granada Apartment Homes, 2341 W Crescent Ave, Anaheim, CA 92801",Anaheim,92801,33.84026,-117.9658,1.0,1.0,700.0,APARTMENT,,,265.0,100.0,,,,,2.992857142857143,under 700,False,False,90+ days,1 bed
2910.0,2025-05-15,"Fairway Village Apartment Homes, 5001 Beach Blvd APT 202, Buena Park, CA 90621",Buena Park,90621,33.888176,-117.99298,2.0,2.0,1005.0,APARTMENT,2820.0,,52.0,,,,,,2.8955223880597014,"1,000-1,500",False,False,31-60 days,2 beds
2645.0,2025-07-02,"The Orleans, 6141 Orange Ave #31, Cypress, CA 90630",Cypress,90630,33.825123,-118.025894,2.0,2.0,1016.0,APARTMENT,,,5.0,,,,,,2.6033464566929134,"1,000-1,500",False,False,0-7 days,2 beds
1950.0,,"Pinetree Anaheim Apartments, 420 N Loara St, Anaheim, CA 92801",Anaheim,92801,33.836216,-117.93651,1.0,1.0,,APARTMENT,,,56.0,,,,,,,,False,False,31-60 days,1 bed
2000.0,2025-06-16,"Buena Vista Apartments, 8102 Artesia Blvd APT 205, Buena Park, CA 90621",Buena Park,90621,33.87302,-117.991974,1.0,1.0,710.0,APARTMENT,2026.0,,13.0,,,,,,2.816901408450704,"700-1,000",False,False,8-30 days,1 bed
5250.0,2025-07-15,"The Waterfront, 919 Bayside Dr APT D4, Newport Beach, CA 92660",Newport Beach,92660,33.610363,-117.89328,2.0,2.0,1245.0,APARTMENT,5212.0,,24.0,,,,,,4.216867469879518,"1,000-1,500",True,False,8-30 days,2 beds
2925.0,,"140 W Escalones APT 2, San Clemente, CA 92672",San Clemente,92672,33.428448,-117.62069,2.0,2.0,1200.0,APARTMENT,3260.0,,0.0,,,,,,2.4375,"1,000-1,500",True,False,0-7 days,2 beds
9500.0,2025-05-06,"33442 Calle Miramar #1, San Juan Capistrano, CA 92675",San Juan Capistrano,92675,33.47738,-117.65565,4.0,3.0,3097.0,APARTMENT,,,14.0,,,,,,3.067484662576687,"over 2,500",False,False,8-30 days,4 beds
7500.0,2025-05-15,"25432 Calle Jardin, San Juan Capistrano, CA 92675",San Juan Capistrano,92675,33.480743,-117.68482,4.0,4.0,2573.0,SINGLE_FAMILY,6746.0,1753000.0,5.0,-300.0,,,,,2.914885347842985,"over 2,500",False,True,0-7 days,4 beds
10500.0,2025-06-01,"307 Via Salamanca, San Clemente, CA 92672",San Clemente,92672,33.435417,-117.63094,4.0,5.0,3882.0,SINGLE_FAMILY,12039.0,4083500.0,15.0,,,,,,2.704791344667697,"over 2,500",True,False,8-30 days,4 beds
7500.0,2025-06-01,"23861 Marmara Bay, Dana Point, CA 92629",Dana Point,92629,33.473022,-117.71347,2.0,2.0,1446.0,SINGLE_FAMILY,6883.0,2015100.0,16.0,,,,,,5.186721991701245,"1,000-1,500",True,False,8-30 days,2 beds
7500.0,2025-05-15,"1509 Buena Vis #101, San Clemente, CA 92673",San Clemente,92673,33.46634,-117.6116,2.0,2.0,1600.0,APARTMENT,,,41.0,-1000.0,,,,,4.6875,"1,500-2,500",True,True,31-60 days,2 beds
6000.0,2025-05-03,"33841 Golden Lantern St, Dana Point, CA 92629",Dana Point,92629,33.47127,-117.69822,2.0,2.0,1143.0,SINGLE_FAMILY,5689.0,1711100.0,21.0,-500.0,,,,,5.2493438320209975,"1,000-1,500",True,True,8-30 days,2 beds
4950.0,2025-06-01,"766 Calle Vallarta, San Clemente, CA 92673",San Clemente,92673,33.4585,-117.63614,2.0,2.0,1800.0,SINGLE_FAMILY,5999.0,1454600.0,16.0,,,,,,2.75,"1,500-2,500",True,False,8-30 days,2 beds
3200.0,2025-06-17,"26836 Calle Juanita, Dana Pt, CA 92624",Dana Point,92624,33.46267,-117.66146,2.0,2.0,1000.0,SINGLE_FAMILY,5041.0,1446700.0,2.0,,,,,,3.2,"700-1,000",True,False,0-7 days,2 beds
2750.0,,"33462 Cheltam Way APT B, Dana Pt, CA 92629",Dana Point,92629,33.476776,-117.69496,1.0,1.0,675.0,APARTMENT,2656.0,,4.0,,,,,,4.074074074074074,under 700,True,False,0-7 days,1 bed
15585.0,2025-04-25,"35757 Beach Rd, Dana Pt, CA 92624",Dana Point,92624,33.44317,-117.64864,3.0,2.0,1418.0,SINGLE_FAMILY,4819.0,2881100.0,25.0,,,,,,10.99083215796897,"1,000-1,500",True,False,8-30 days,3 beds
7500.0,2025-09-01,"23862 Marmara Bay, Dana Point, CA 92629",Dana Point,92629,33.47262,-117.7132,3.0,2.0,1589.0,SINGLE_FAMILY,7626.0,2218800.0,16.0,,,,,,4.7199496538703585,"1,500-2,500",True,False,8-30 days,3 beds
2985.0,2025-05-05,"27001 Calle Juanita #B, Capistrano Beach, CA 92624",Capistrano Beach,92624,33.464306,-117.658844,1.0,1.0,600.0,APARTMENT,2985.0,,21.0,-215.0,,,,,4.975,under 700,True,True,8-30 days,1 bed
9250.0,2025-05-14,"4604 Aire De La Sal, San Clemente, CA 92673",San Clemente,92673,33.467594,-117.62331,5.0,4.0,,SINGLE_FAMILY,7981.0,2191400.0,4.0,,,,,,,,True,False,0-7 days,5+ beds
10600.0,,"34311 Amber Lantern St, Dana Point, CA 92629",Dana Point,92629,33.464176,-117.70251,4.0,3.0,2560.0,SINGLE_FAMILY,7839.0,3559100.0,32.0,,,,,,4.140625,"over 2,500",True,False,31-60 days,4 beds
13500.0,,"75 Palm Beach Ct, Dana Point, CA 92629",Dana Point,92629,33.466003,-117.70857,3.0,2.0,1641.0,SINGLE_FAMILY,6568.0,2460300.0,416.0,-1000.0,,,,,8.226691042047532,"1,500-2,500",True,True,90+ days,3 beds
14000.0,2025-06-01,"30842 La Brise, Laguna Niguel, CA 92677",Laguna Niguel,92677,33.51514,-117.7262,4.0,5.0,4324.0,SINGLE_FAMILY,12999.0,3113800.0,34.0,,,,,,3.2377428307123033,"over 2,500",False,False,31-60 days,4 beds
3100.0,,"495 Anita St #497, Laguna Beach, CA 92651",Laguna Beach,92651,33.536064,-117.77514,1.0,1.0,500.0,APARTMENT,2671.0,,0.0,,,,,,6.2,under 700,True,False,0-7 days,1 bed
5750.0,,"358 Bluebird Canyon Dr, Laguna Beach, CA 92651",Laguna Beach,92651,33.531235,-117.7716,3.0,3.0,1400.0,APARTMENT,6649.0,,39.0,-245.0,,,,,4.107142857142857,"1,000-1,500",True,True,31-60 days,3 beds
4350.0,,"921 S Coast Hwy, Laguna Beach, CA 92651",Laguna Beach,92651,33.535717,-117.778366,1.0,1.0,710.0,APARTMENT,3243.0,,126.0,-100.0,,,,,6.126760563380282,"700-1,000",True,True,90+ days,1 bed
5000.0,,"424 Los Robles, Laguna Beach, CA 92651",Laguna Beach,92651,33.54078,-117.77887,1.0,1.0,1116.0,SINGLE_FAMILY,4685.0,1515200.0,33.0,,,,,,4.480286738351254,"1,000-1,500",True,False,31-60 days,1 bed
12500.0,,"1339 La Mirada St, Laguna Beach, CA 92651",Laguna Beach,92651,33.533504,-117.761536,3.0,3.0,2362.0,SINGLE_FAMILY,7488.0,2817600.0,81.0,,,,,,5.292125317527519,"1,500-2,500",True,False,61-90 days,3 beds
4900.0,2025-05-16,"1550 Del Mar Ave, Laguna Beach, CA 92651",Laguna Beach,92651,33.53081,-117.75835,2.0,2.0,1181.0,SINGLE_FAMILY,5357.0,1943200.0,23.0,-600.0,,,,,4.149026248941575,"1,000-1,500",True,True,8-30 days,2 beds
11900.0,,"31293 Holly Dr, Laguna Beach, CA 92651",Laguna Beach,92651,33.50818,-117.74789,4.0,3.0,3565.0,SINGLE_FAMILY,8038.0,4769500.0,5.0,,,,,,3.338008415147265,"over 2,500",True,False,0-7 days,4 beds
3750.0,2025-06-01,"31671 Seacove Dr #C, Laguna Beach, CA 92651",Laguna Beach,92651,33.50235,-117.744804,1.0,2.0,715.0,APARTMENT,3458.0,,22.0,,,,,,5.244755244755245,"700-1,000",True,False,8-30 days,1 bed
11995.0,2025-04-23,"592 Bluebird Canyon Dr, Laguna Beach, CA 92651",Laguna Beach,92651,33.53277,-117.76974,3.0,4.0,1700.0,SINGLE_FAMILY,7553.0,3475100.0,33.0,-655.0,,,,,7.055882352941176,"1,500-2,500",True,True,31-60 days,3 beds
3000.0,2025-05-12,"923 Santa Ana St, Laguna Beach, CA 92651",Laguna Beach,92651,33.528538,-117.75592,1.0,1.0,550.0,APARTMENT,2513.0,2131800.0,9.0,-200.0,,,,,5.454545454545454,under 700,True,True,8-30 days,1 bed
15000.0,2025-04-26,"2172 Ocean Way, Laguna Beach, CA 92651",Laguna Beach,92651,33.525948,-117.768654,2.0,2.0,1380.0,APARTMENT,3775.0,,24.0,,,,,,10.869565217391305,"1,000-1,500",True,False,8-30 days,2 beds
9950.0,2025-06-01,"1445 Bluebird Canyon Dr, Laguna Beach, CA 92651",Laguna Beach,92651,33.53882,-117.761986,2.0,2.0,1011.0,SINGLE_FAMILY,5617.0,1494600.0,1.0,,,,,,9.841740850642928,"1,000-1,500",True,False,0-7 days,2 beds
6900.0,2025-06-01,"1055 Summit Dr #2, Laguna Beach, CA 92651",Laguna Beach,92651,33.53376,-117.76225,3.0,1.0,1500.0,APARTMENT,5395.0,,11.0,,,,,,4.6,"1,000-1,500",True,False,8-30 days,3 beds
5000.0,,"2930 S Coast Hwy, Laguna Beach, CA 92651",Laguna Beach,92651,33.520626,-117.76099,0.0,1.0,1000.0,APARTMENT,4331.0,,18.0,,,,,,5.0,"700-1,000",True,False,8-30 days,Studio
13500.0,,"(undisclosed Address), Laguna Beach, CA 92651",Laguna Beach,92651,,,3.0,3.0,1572.0,SINGLE_FAMILY,8102.0,3028500.0,19.0,,,,,,8.587786259541986,"1,500-2,500",True,False,8-30 days,3 beds
8000.0,,"2924 S Coast Hwy, Laguna Beach, CA 92651",Laguna Beach,92651,33.520702,-117.760994,1.0,1.0,539.0,SINGLE_FAMILY,3874.0,1308300.0,124.0,,,,,,14.84230055658627,under 700,True,False,90+ days,1 bed
45000.0,2025-05-12,"400 Ashton Dr, Laguna Beach, CA 92651",Laguna Beach,92651,33.522408,-117.76062,4.0,4.0,3344.0,SINGLE_FAMILY,34635.0,10899700.0,31.0,,,,,,13.456937799043063,"over 2,500",True,False,31-60 days,4 beds
4350.0,,"(undisclosed Address), Laguna Beach, CA 92651",Laguna Beach,92651,,,1.0,1.0,800.0,APARTMENT,4410.0,,56.0,-150.0,,,,,5.4375,"700-1,000",True,True,31-60 days,1 bed
3695.0,2025-05-01,"1150 Baja St, Laguna Beach, CA 92651",Laguna Beach,92651,33.53096,-117.762505,2.0,1.0,1200.0,APARTMENT,,,22.0,100.0,,,,,3.0791666666666666,"1,000-1,500",True,False,8-30 days,2 beds
5000.0,2025-05-01,"2685 S Coast Hwy, Laguna Beach, CA 92651",Laguna Beach,92651,33.52253,-117.76401,1.0,1.0,700.0,SINGLE_FAMILY,4419.0,2637900.0,53.0,-500.0,,,,,7.142857142857143,under 700,True,True,31-60 days,1 bed
6900.0,2025-06-01,"2750 Solana Way #1, Laguna Beach, CA 92651",Laguna Beach,92651,33.522163,-117.76246,2.0,2.0,1150.0,APARTMENT,5210.0,,39.0,-2095.0,,,,,6.0,"1,000-1,500",True,True,31-60 days,2 beds
6000.0,2025-05-12,"275 Diamond St, Laguna Beach, CA 92651",Laguna Beach,92651,33.527775,-117.76882,2.0,2.0,1400.0,SINGLE_FAMILY,6539.0,3004500.0,45.0,-300.0,,,,,4.285714285714286,"1,000-1,500",True,True,31-60 days,2 beds
8200.0,2025-06-01,"536 Seaview St, Laguna Beach, CA 92651",Laguna Beach,92651,33.537052,-117.77515,3.0,2.0,1640.0,SINGLE_FAMILY,8174.0,2712800.0,60.0,-800.0,,,,,5.0,"1,500-2,500",True,True,31-60 days,3 beds
2950.0,2025-05-15,"2859 Terry Rd, Laguna Beach, CA 92651",Laguna Beach,92651,33.52144,-117.76119,1.0,1.0,480.0,APARTMENT,5528.0,,17.0,,,,,,6.145833333333333,under 700,True,False,8-30 days,1 bed
3450.0,2025-05-01,"326 Thalia St #326, Laguna Beach, CA 92651",Laguna Beach,92651,33.53657,-117.77715,1.0,1.0,604.0,APARTMENT,2951.0,,50.0,,,,,,5.711920529801325,under 700,True,False,31-60 days,1 bed
12500.0,2025-08-10,"2535 Juanita Way, Laguna Beach, CA 92651",Laguna Beach,92651,33.526123,-117.762794,3.0,3.0,2612.0,SINGLE_FAMILY,8322.0,4051700.0,63.0,-1000.0,,,,,4.785604900459418,"over 2,500",True,True,61-90 days,3 beds
11500.0,2025-09-03,"129 McAulay Pl, Laguna Beach, CA 92651",Laguna Beach,92651,33.521152,-117.76295,3.0,3.0,2100.0,SINGLE_FAMILY,8727.0,4553900.0,4.0,1515.0,,,,,5.476190476190476,"1,500-2,500",True,False,0-7 days,3 beds
2250.0,,"2937 Terry Rd #C, Laguna Beach, CA 92651",Laguna Beach,92651,33.520687,-117.76065,0.0,1.0,,APARTMENT,3886.0,,47.0,,,,,,,,True,False,31-60 days,Studio
3850.0,2025-05-01,"31494 West St #1PLUS, Laguna Beach, CA 92651",Laguna Beach,92651,33.50598,-117.745285,2.0,1.0,1200.0,APARTMENT,,,16.0,,,,,,3.2083333333333335,"1,000-1,500",True,False,8-30 days,2 beds
4900.0,,"21701 Wesley Dr UNIT B, Laguna Beach, CA 92651",Laguna Beach,92651,33.51383,-117.75199,2.0,1.0,1000.0,CONDO,5119.0,985500.0,100.0,,,,,,4.9,"700-1,000",True,False,90+ days,2 beds
27000.0,,"31161 Holly Dr, Laguna Beach, CA 92651",Laguna Beach,92651,33.510468,-117.74912,5.0,3.0,2500.0,SINGLE_FAMILY,8111.0,3507700.0,0.0,,,,,,10.8,"1,500-2,500",True,False,0-7 days,5+ beds
7000.0,,"255 Nyes Pl, Laguna Beach, CA 92651",Laguna Beach,92651,33.521996,-117.76155,2.0,2.0,1641.0,SINGLE_FAMILY,2902.0,2999200.0,4.0,,,,,,4.2656916514320535,"1,500-2,500",True,False,0-7 days,2 beds
12000.0,,"2192 Crestview Dr, Laguna Beach, CA 92651",Laguna Beach,92651,33.528404,-117.764786,3.0,4.0,1664.0,SINGLE_FAMILY,8259.0,3291400.0,8.0,,,,,,7.211538461538462,"1,500-2,500",True,False,8-30 days,3 beds
3995.0,,"Pacific Breeze Townhomes, 1315 Delaware St, Huntington Beach, CA 92648",Huntington Beach,92648,33.668964,-117.99337,2.0,3.0,1550.0,APARTMENT,,,71.0,,,,,,2.57741935483871,"1,500-2,500",True,False,61-90 days,2 beds
2545.0,,"Newport Terrace Apartments, 1401 Superior Ave #1409-07, Newport Beach, CA 92663",Newport Beach,92663,33.625664,-117.9346,1.0,1.0,,APARTMENT,,,21.0,,,,,,,,True,False,8-30 days,1 bed
2195.0,,"Oceanaire Villa Apartments, 931 W 19th St, Costa Mesa, CA 92627",Costa Mesa,92627,33.642815,-117.937485,1.0,1.0,,APARTMENT,,,126.0,,,,,,,,False,False,90+ days,1 bed
2675.0,2025-05-19,"Ocean Pacific Apartment Homes, 220 Huntington St #212-08, Huntington Beach, CA 92648",Huntington Beach,92648,33.659206,-117.99476,1.0,1.0,640.0,APARTMENT,,,134.0,-25.0,,,,,4.1796875,under 700,True,True,90+ days,1 bed
3628.0,2025-05-05,"316 Beach Apartments, 316 16th St APT 3, Huntington Beach, CA 92648",Huntington Beach,92648,33.66623,-118.00922,2.0,1.0,950.0,APARTMENT,3159.0,,39.0,26.0,,,,,3.8189473684210524,"700-1,000",True,False,31-60 days,2 beds
2795.0,,"Newport Villa, 1549 Placentia Ave, Newport Beach, CA 92663",Newport Beach,92663,33.63048,-117.93227,2.0,2.0,1025.0,APARTMENT,,,250.0,-100.0,,,,,2.726829268292683,"1,000-1,500",True,True,90+ days,2 beds
2095.0,,"Monte Sereno Apartments, 1800 Wallace Ave, Costa Mesa, CA 92627",Costa Mesa,92627,33.64026,-117.92945,1.0,1.0,,APARTMENT,,,573.0,-100.0,,,,,,,False,True,90+ days,1 bed
2550.0,,"9842 Hamilton Ave., 9842 Hamilton Ave APT 18, Huntington Beach, CA 92646",Huntington Beach,92646,33.650143,-117.955734,2.0,2.0,,APARTMENT,,,11.0,,,,,,,,True,False,8-30 days,2 beds
10000.0,2025-05-20,"236 2nd St #1, Huntington Beach, CA 92648",Huntington Beach,92648,33.657444,-117.99863,3.0,3.0,2100.0,APARTMENT,,,0.0,,,,,,4.761904761904762,"1,500-2,500",True,False,0-7 days,3 beds
7800.0,2025-05-07,"21271 Ronda Cir, Huntington Beach, CA 92648",Huntington Beach,92648,33.653736,-117.99222,5.0,5.0,3387.0,APARTMENT,7150.0,2691200.0,13.0,,,,,,2.3029229406554474,"over 2,500",True,False,8-30 days,5+ beds
35000.0,2025-09-01,"233 19th St APT A, Newport Beach, CA 92663",Newport Beach,92663,33.609333,-117.9262,6.0,4.0,4500.0,APARTMENT,7242.0,,11.0,,,,,,7.777777777777778,"over 2,500",True,False,8-30 days,5+ beds
5175.0,,"101 Scholz Plz #0, Newport Beach, CA 92663",Newport Beach,92663,33.62468,-117.93292,2.0,2.0,1200.0,TOWNHOUSE,4626.0,1350500.0,10.0,,,,,,4.3125,"1,000-1,500",True,False,8-30 days,2 beds
2295.0,2025-05-06,"218 Indianapolis Ave #1, Huntington Beach, CA 92648",Huntington Beach,92648,33.6646,-117.99581,1.0,1.0,700.0,APARTMENT,5337.0,,17.0,-100.0,,,,,3.2785714285714285,under 700,True,True,8-30 days,1 bed
5800.0,2025-05-11,"217 Knoxville Ave, Huntington Beach, CA 92648",Huntington Beach,92648,33.66694,-117.99582,3.0,4.0,2381.0,SINGLE_FAMILY,6605.0,1666800.0,12.0,,,,,,2.4359512809743804,"1,500-2,500",True,False,8-30 days,3 beds
11499.0,2025-04-26,"623 36th St, Newport Beach, CA 92663",Newport Beach,92663,33.619797,-117.93049,2.0,2.0,1200.0,SINGLE_FAMILY,4826.0,4143700.0,24.0,-1.0,,,,,9.5825,"1,000-1,500",True,True,8-30 days,2 beds
6450.0,2025-05-01,"220 Nice Ln APT 208, Newport Beach, CA 92663",Newport Beach,92663,33.623955,-117.93484,2.0,2.0,1640.0,APARTMENT,5164.0,1535000.0,18.0,,,,,,3.932926829268293,"1,500-2,500",True,False,8-30 days,2 beds
9000.0,2025-06-01,"6 Canal Cir, Newport Beach, CA 92663",Newport Beach,92663,33.63179,-117.94931,4.0,3.0,1987.0,SINGLE_FAMILY,7159.0,2851200.0,17.0,3700.0,,,,,4.529441368897836,"1,500-2,500",True,False,8-30 days,4 beds
2400.0,2025-06-01,"20174 Swansea Ln #1, Huntington Beach, CA 92646",Huntington Beach,92646,33.669624,-117.971794,1.0,1.0,565.0,APARTMENT,,,33.0,-100.0,,,,,4.247787610619469,under 700,True,True,31-60 days,1 bed
6900.0,,"408 15th St, Huntington Beach, CA 92648",Huntington Beach,92648,33.66625,-118.00768,3.0,4.0,2900.0,SINGLE_FAMILY,8490.0,2513200.0,7.0,600.0,,,,,2.3793103448275863,"over 2,500",True,False,0-7 days,3 beds
6500.0,2025-05-10,"224 17th St, Huntington Beach, CA 92648",Huntington Beach,92648,33.666092,-118.010666,4.0,3.0,2174.0,SINGLE_FAMILY,6591.0,1810000.0,38.0,-350.0,,,,,2.9898804047838086,"1,500-2,500",True,True,31-60 days,4 beds
8800.0,2025-05-08,"220 9th St, Huntington Beach, CA 92648",Huntington Beach,92648,33.66133,-118.00429,4.0,4.0,2419.0,SINGLE_FAMILY,7967.0,2317900.0,27.0,300.0,,,,,3.637866887143448,"1,500-2,500",True,False,8-30 days,4 beds
2900.0,,"449 Avenida Sevilla UNIT H, Laguna Woods, CA 92637",Laguna Woods,92637,33.602406,-117.71597,2.0,2.0,950.0,APARTMENT,2847.0,,32.0,,,,,,3.0526315789473686,"700-1,000",False,False,31-60 days,2 beds
9000.0,,"6 Saddleridge, Aliso Viejo, CA 92656",Aliso Viejo,92656,33.592495,-117.73425,4.0,3.0,2416.0,SINGLE_FAMILY,7698.0,1669100.0,27.0,,,,,,3.725165562913907,"1,500-2,500",False,False,8-30 days,4 beds
2000.0,2025-05-01,"(undisclosed Address), Mission Viejo, CA 92691",Mission Viejo,92691,,,0.0,1.0,500.0,APARTMENT,2247.0,828400.0,22.0,-150.0,,,,,4.0,under 700,False,True,8-30 days,Studio
4000.0,,"28 Sobrante, Aliso Viejo, CA 92656",Aliso Viejo,92656,33.574314,-117.735466,2.0,2.0,950.0,APARTMENT,3197.0,734600.0,546.0,500.0,,,,,4.2105263157894735,"700-1,000",False,False,90+ days,2 beds
5400.0,2025-05-21,"22602 Leaflock St, Lake Forest, CA 92630",Lake Forest,92630,33.635075,-117.69919,5.0,3.0,2665.0,SINGLE_FAMILY,5412.0,1529200.0,19.0,,,,,,2.026266416510319,"over 2,500",False,False,8-30 days,5+ beds
4800.0,,"28787 El Adolfo, Laguna Niguel, CA 92677",Laguna Niguel,92677,33.545025,-117.700615,3.0,3.0,1569.0,APARTMENT,4141.0,1119000.0,11.0,,,,,,3.0592734225621414,"1,500-2,500",False,False,8-30 days,3 beds
4450.0,,"5512 Paseo Del Lago W APT B, Laguna Woods, CA 92637",Laguna Woods,92637,33.612133,-117.742546,2.0,2.0,1675.0,APARTMENT,4167.0,819900.0,345.0,-200.0,,,,,2.656716417910448,"1,500-2,500",False,True,90+ days,2 beds
5250.0,2025-05-19,"28802 El Canto Dr, Laguna Niguel, CA 92677",Laguna Niguel,92677,33.544914,-117.68849,4.0,2.0,1462.0,SINGLE_FAMILY,5609.0,1238600.0,28.0,,,,,,3.5909712722298224,"1,000-1,500",False,False,8-30 days,4 beds
4300.0,2025-05-05,"27 Tierra Seguro, Rancho Santa Margarita, CA 92688",Rancho Santa Margarita,92688,33.65376,-117.61684,3.0,3.0,1500.0,TOWNHOUSE,4109.0,841200.0,18.0,,,,,,2.8666666666666667,"1,000-1,500",False,False,8-30 days,3 beds
9000.0,2025-06-24,"26305 Naccome Dr, Mission Viejo, CA 92691",Mission Viejo,92691,33.605495,-117.67146,4.0,2.0,2109.0,SINGLE_FAMILY,6539.0,1320400.0,1.0,,,,,,4.267425320056899,"1,500-2,500",False,False,0-7 days,4 beds
10995.0,2025-06-17,"25871 Hitching Rail Rd, Laguna Hills, CA 92653",Laguna Hills,92653,33.587334,-117.67631,4.0,3.0,3438.0,SINGLE_FAMILY,6481.0,2383500.0,64.0,-2000.0,,,,,3.1980802792321117,"over 2,500",False,True,61-90 days,4 beds
2850.0,2025-04-21,"(undisclosed Address), Aliso Viejo, CA 92656",Aliso Viejo,92656,,,2.0,2.0,1157.0,APARTMENT,3114.0,703000.0,29.0,,,,,,2.463267070008643,"1,000-1,500",False,False,8-30 days,2 beds
15000.0,,"25931 Sheriff Rd, Laguna Hills, CA 92653",Laguna Hills,92653,33.589893,-117.67717,5.0,4.0,4063.0,SINGLE_FAMILY,7584.0,2827600.0,134.0,3000.0,,,,,3.6918533103618016,"over 2,500",False,False,90+ days,5+ beds
7900.0,,"24232 Tahoe Ct, Laguna Niguel, CA 92677",Laguna Niguel,92677,33.552147,-117.706696,4.0,2.0,2050.0,SINGLE_FAMILY,6453.0,1431200.0,58.0,,,,,,3.8536585365853657,"1,500-2,500",False,False,31-60 days,4 beds
4850.0,2025-05-18,"12 Bolero, Mission Viejo, CA 92692",Mission Viejo,92692,33.591724,-117.64549,4.0,3.0,1900.0,SINGLE_FAMILY,4898.0,1324100.0,10.0,,,,,,2.5526315789473686,"1,500-2,500",False,False,8-30 days,4 beds
5400.0,2025-06-16,"14 Donatello, Aliso Viejo, CA 92656",Aliso Viejo,92656,33.597015,-117.71997,2.0,3.0,1600.0,TOWNHOUSE,3716.0,1126700.0,138.0,400.0,,,,,3.375,"1,500-2,500",False,False,90+ days,2 beds
3700.0,,"22862 Sailwind Way #14, Lake Forest, CA 92630",Lake Forest,92630,33.631287,-117.70743,2.0,2.0,1308.0,APARTMENT,3547.0,747600.0,106.0,-250.0,,,,,2.8287461773700304,"1,000-1,500",False,True,90+ days,2 beds
5200.0,,"100 Matisse Cir #98, Aliso Viejo, CA 92656",Aliso Viejo,92656,33.558853,-117.72174,4.0,3.0,2036.0,APARTMENT,4913.0,1197600.0,11.0,,,,,,2.5540275049115913,"1,500-2,500",False,False,8-30 days,4 beds
4100.0,2025-08-15,"24563 Copper Cliff Ct, Lake Forest, CA 92630",Lake Forest,92630,33.648167,-117.70238,2.0,2.0,1190.0,TOWNHOUSE,,667000.0,9.0,,,,,,3.4453781512605044,"1,000-1,500",False,False,8-30 days,2 beds
5000.0,2025-05-05,"25372 Pacifica Ave, Mission Viejo, CA 92691",Mission Viejo,92691,33.611378,-117.6878,4.0,2.0,1872.0,SINGLE_FAMILY,4959.0,1165100.0,42.0,-100.0,,,,,2.6709401709401708,"1,500-2,500",False,True,31-60 days,4 beds
3050.0,2025-07-01,"145 Abbeywood Ln, Aliso Viejo, CA 92656",Aliso Viejo,92656,33.574436,-117.71072,2.0,1.0,918.0,APARTMENT,2922.0,605600.0,31.0,-150.0,,,,,3.3224400871459694,"700-1,000",False,True,31-60 days,2 beds
3500.0,2025-07-01,"41 Tulip Pl, Aliso Viejo, CA 92656",Aliso Viejo,92656,33.575108,-117.72166,2.0,2.0,1200.0,TOWNHOUSE,3518.0,751200.0,14.0,,,,,,2.9166666666666665,"1,000-1,500",False,False,8-30 days,2 beds
3200.0,2025-07-07,"187 Night Heron Ln, Aliso Viejo, CA 92656",Aliso Viejo,92656,33.602108,-117.741844,2.0,3.0,1171.0,APARTMENT,3285.0,733200.0,4.0,,,,,,2.7327070879590094,"1,000-1,500",False,False,0-7 days,2 beds
5995.0,,"46 Via Andorra, Trabuco Canyon, CA 92679",Trabuco Canyon,92679,33.616646,-117.58565,3.0,2.0,1631.0,SINGLE_FAMILY,5007.0,1198500.0,76.0,-505.0,,,,,3.675659104843654,"1,500-2,500",False,True,61-90 days,3 beds
3750.0,2025-06-01,"23112 Mullin Rd, Lake Forest, CA 92630",Lake Forest,92630,33.626915,-117.71269,4.0,2.0,1450.0,SINGLE_FAMILY,4498.0,1077200.0,8.0,,,,,,2.586206896551724,"1,000-1,500",False,False,8-30 days,4 beds
2495.0,2025-05-31,"26701 Quail Crk APT 246, Laguna Hills, CA 92656",Laguna Hills,92656,33.57415,-117.70288,1.0,1.0,676.0,APARTMENT,2456.0,444800.0,13.0,,,,,,3.690828402366864,under 700,False,False,8-30 days,1 bed
2825.0,2025-06-01,"968 Calle Aragon UNIT A, Laguna Woods, CA 92637",Laguna Woods,92637,33.608486,-117.71289,2.0,2.0,1000.0,APARTMENT,2439.0,,5.0,,,,,,2.825,"700-1,000",False,False,0-7 days,2 beds
4795.0,2025-07-01,"15 Robin Rdg, Aliso Viejo, CA 92656",Aliso Viejo,92656,33.589466,-117.71771,4.0,3.0,2200.0,SINGLE_FAMILY,4965.0,1424600.0,71.0,,,,,,2.1795454545454547,"1,500-2,500",False,False,61-90 days,4 beds
5200.0,,"29011 Jaeger Dr, Laguna Niguel, CA 92677",Laguna Niguel,92677,33.541122,-117.71021,4.0,2.0,1945.0,SINGLE_FAMILY,5472.0,1591500.0,11.0,200.0,,,,,2.673521850899743,"1,500-2,500",False,False,8-30 days,4 beds
3750.0,2025-05-19,"24221 Valyermo Dr, Mission Viejo, CA 92691",Mission Viejo,92691,33.611015,-117.663,3.0,2.0,1320.0,SINGLE_FAMILY,4177.0,1146200.0,11.0,,,,,,2.840909090909091,"1,000-1,500",False,False,8-30 days,3 beds
4800.0,,"24242 Juanita Dr, Laguna Niguel, CA 92677",Laguna Niguel,92677,33.55677,-117.70665,3.0,3.0,1908.0,TOWNHOUSE,4710.0,1150200.0,80.0,,,,,,2.5157232704402515,"1,500-2,500",False,False,61-90 days,3 beds
4450.0,,"26171 Golada, Mission Viejo, CA 92692",Mission Viejo,92692,33.583076,-117.6499,3.0,3.0,1913.0,SINGLE_FAMILY,4743.0,1227200.0,11.0,,,,,,2.3261892315734447,"1,500-2,500",False,False,8-30 days,3 beds
3900.0,,"21806 Lake Vista Dr, Lake Forest, CA 92630",Lake Forest,92630,33.64631,-117.70009,3.0,3.0,1465.0,TOWNHOUSE,4091.0,731300.0,1.0,-100.0,,,,,2.6621160409556315,"1,000-1,500",False,True,0-7 days,3 beds
4350.0,2025-05-10,"24582 Tarazona, Mission Viejo, CA 92692",Mission Viejo,92692,33.607872,-117.63489,4.0,2.0,1472.0,SINGLE_FAMILY,4738.0,1033600.0,34.0,,,,,,2.9551630434782608,"1,000-1,500",False,False,31-60 days,4 beds
5000.0,,"26602 Cortina Dr, Mission Viejo, CA 92691",Mission Viejo,92691,33.59311,-117.66592,4.0,4.0,2609.0,SINGLE_FAMILY,5152.0,1523900.0,11.0,,,,,,1.9164430816404754,"over 2,500",False,False,8-30 days,4 beds
4950.0,2025-05-27,"4 Toronto, Aliso Viejo, CA 92656",Aliso Viejo,92656,33.573223,-117.73519,4.0,3.0,1550.0,SINGLE_FAMILY,4503.0,1062600.0,24.0,-50.0,,,,,3.193548387096774,"1,500-2,500",False,True,8-30 days,4 beds
3500.0,,"(undisclosed Address), Laguna Hills, CA 92653",Laguna Hills,92653,,,3.0,2.0,1200.0,APARTMENT,3571.0,,30.0,,,,,,2.9166666666666665,"1,000-1,500",False,False,8-30 days,3 beds
3900.0,2025-05-25,"28076 Wentworth, Mission Viejo, CA 92692",Mission Viejo,92692,33.647762,-117.640724,3.0,2.0,1200.0,SINGLE_FAMILY,4110.0,1002200.0,12.0,,,,,,3.25,"1,000-1,500",False,False,8-30 days,3 beds
4450.0,2025-05-15,"(undisclosed Address), Aliso Viejo, CA 92656",Aliso Viejo,92656,,,3.0,3.0,1785.0,TOWNHOUSE,4234.0,976000.0,15.0,260.0,,,,,2.492997198879552,"1,500-2,500",False,False,8-30 days,3 beds
3000.0,2025-05-06,"28105 Via Fierro, Laguna Niguel, CA 92677",Laguna Niguel,92677,33.554897,-117.69402,2.0,2.0,890.0,APARTMENT,3013.0,610500.0,38.0,-50.0,,,,,3.3707865168539324,"700-1,000",False,True,31-60 days,2 beds
2600.0,2025-06-06,"63 Gaviota, Rancho Santa Margarita, CA 92688",Rancho Santa Margarita,92688,33.6483,-117.58972,2.0,2.0,882.0,APARTMENT,2831.0,,28.0,,,,,,2.947845804988662,"700-1,000",False,False,8-30 days,2 beds
4950.0,2025-08-24,"24561 Tonia Ave, Lake Forest, CA 92630",Lake Forest,92630,33.63971,-117.702034,4.0,3.0,2520.0,SINGLE_FAMILY,5877.0,1416500.0,0.0,,,,,,1.9642857142857142,"over 2,500",False,False,0-7 days,4 beds
3400.0,2025-07-01,"25712 Le Parc UNIT 42, Lake Forest, CA 92630",Lake Forest,92630,33.64099,-117.67954,2.0,3.0,1084.0,TOWNHOUSE,3292.0,658700.0,0.0,,,,,,3.1365313653136533,"1,000-1,500",False,False,0-7 days,2 beds
3300.0,2025-05-18,"24314 El Pilar #106, Laguna Niguel, CA 92677",Laguna Niguel,92677,33.568867,-117.70523,2.0,2.0,956.0,APARTMENT,3108.0,619800.0,2.0,,,,,,3.4518828451882846,"700-1,000",False,False,0-7 days,2 beds
2400.0,2025-06-01,"26141 La Real #28D, Mission Viejo, CA 92691",Mission Viejo,92691,33.624466,-117.67371,0.0,1.0,441.0,APARTMENT,,,6.0,-100.0,,,,,5.442176870748299,under 700,False,True,0-7 days,Studio
4300.0,2025-07-01,"16 Titian, Aliso Viejo, CA 92656",Aliso Viejo,92656,33.598766,-117.71889,2.0,3.0,1640.0,APARTMENT,4189.0,1034200.0,7.0,,,,,,2.6219512195121952,"1,500-2,500",False,False,0-7 days,2 beds
9000.0,2025-05-18,"187 Sawbuck, Irvine, CA 92618",Irvine,92618,33.668438,-117.7217,4.0,5.0,2839.0,SINGLE_FAMILY,,1873900.0,2.0,,,,,,3.170130327580134,"over 2,500",False,False,0-7 days,4 beds
2850.0,2025-05-20,"12 Andarrios, Rancho Santa Margarita, CA 92688",Rancho Santa Margarita,92688,33.647938,-117.588844,2.0,2.0,882.0,APARTMENT,2885.0,572000.0,5.0,,,,,,3.2312925170068025,"700-1,000",False,False,0-7 days,2 beds
4400.0,2025-08-24,"42 Pamplona, Aliso Viejo, CA 92656",Aliso Viejo,92656,33.561707,-117.72299,2.0,3.0,1400.0,TOWNHOUSE,3960.0,845500.0,0.0,,,,,,3.142857142857143,"1,000-1,500",False,False,0-7 days,2 beds
2600.0,2025-05-24,"(undisclosed Address), Rancho Santa Margarita, CA 92688",Rancho Santa Margarita,92688,,,2.0,1.0,600.0,APARTMENT,4305.0,1270600.0,9.0,-300.0,,,,,4.333333333333333,under 700,False,True,8-30 days,2 beds
3150.0,2025-06-01,"1 De Lino, Rancho Santa Margarita, CA 92688",Rancho Santa Margarita,92688,33.64746,-117.59129,2.0,2.0,1110.0,APARTMENT,3159.0,639600.0,8.0,,,,,,2.8378378378378377,"1,000-1,500",False,False,8-30 days,2 beds
7200.0,,"228 Siena, Lake Forest, CA 92630",Lake Forest,92630,33.662815,-117.68167,3.0,4.0,1736.0,TOWNHOUSE,4349.0,1044100.0,27.0,,,,,,4.147465437788019,"1,500-2,500",False,False,8-30 days,3 beds
5800.0,2025-07-01,"28382 Via Nandina, Laguna Niguel, CA 92677",Laguna Niguel,92677,33.550686,-117.69976,4.0,3.0,2000.0,SINGLE_FAMILY,5656.0,1580400.0,1.0,,,,,,2.9,"1,500-2,500",False,False,0-7 days,4 beds
3100.0,2025-06-01,"79 Bentwood Ln, Aliso Viejo, CA 92656",Aliso Viejo,92656,33.572765,-117.709015,2.0,2.0,957.0,APARTMENT,2957.0,635200.0,2.0,,,,,,3.239289446185998,"700-1,000",False,False,0-7 days,2 beds
3100.0,,"2386 Via Mariposa W UNIT 1C, Laguna Woods, CA 92637",Laguna Woods,92637,33.61341,-117.72179,2.0,2.0,1335.0,APARTMENT,3136.0,466900.0,2.0,,,,,,2.3220973782771535,"1,000-1,500",False,False,0-7 days,2 beds
9000.0,,"24282 Sunnybrook Cir, Lake Forest, CA 92630",Lake Forest,92630,33.626713,-117.70671,4.0,3.0,2294.0,SINGLE_FAMILY,5187.0,1312800.0,27.0,,,,,,3.923278116826504,"1,500-2,500",False,False,8-30 days,4 beds
4250.0,2025-05-24,"21 Harrison Way, Mission Viejo, CA 92691",Mission Viejo,92691,33.62394,-117.68246,4.0,3.0,2000.0,APARTMENT,4384.0,1033800.0,5.0,,,,,,2.125,"1,500-2,500",False,False,0-7 days,4 beds
2550.0,,"(undisclosed Address), Laguna Hills, CA 92653",Laguna Hills,92653,,,1.0,1.0,750.0,APARTMENT,2568.0,,29.0,,,,,,3.4,"700-1,000",False,False,8-30 days,1 bed
5300.0,2025-05-18,"19 Via Arribo, Rancho Santa Margarita, CA 92688",Rancho Santa Margarita,92688,33.644787,-117.61845,4.0,3.0,2553.0,SINGLE_FAMILY,5049.0,1478800.0,2.0,,,,,,2.0759890325107717,"over 2,500",False,False,0-7 days,4 beds
4200.0,2025-05-30,"5 Castilla #5, Rancho Santa Margarita, CA 92688",Rancho Santa Margarita,92688,33.63626,-117.59862,4.0,4.0,2183.0,TOWNHOUSE,4305.0,1170200.0,7.0,,,,,,1.923957856161246,"1,500-2,500",False,False,0-7 days,4 beds
6500.0,2025-05-06,"245 Abacus, Irvine, CA 92618",Irvine,92618,33.66558,-117.71352,4.0,4.0,2800.0,SINGLE_FAMILY,,2173300.0,14.0,,,,,,2.3214285714285716,"over 2,500",False,False,8-30 days,4 beds
2300.0,2025-08-01,"(undisclosed Address), Mission Viejo, CA 92691",Mission Viejo,92691,,,1.0,1.0,400.0,APARTMENT,2075.0,,46.0,,,,,,5.75,under 700,False,False,31-60 days,1 bed
8000.0,2025-05-06,"27546 Genil, Mission Viejo, CA 92691",Mission Viejo,92691,33.651913,-117.6507,4.0,2.0,1500.0,SINGLE_FAMILY,4483.0,1210400.0,43.0,,,,,,5.333333333333333,"1,000-1,500",False,False,31-60 days,4 beds
3995.0,2025-06-06,"65 Cloudcrest, Aliso Viejo, CA 92656",Aliso Viejo,92656,33.58476,-117.716194,3.0,2.0,1374.0,APARTMENT,3571.0,815800.0,11.0,,,,,,2.9075691411935956,"1,000-1,500",False,False,8-30 days,3 beds
6000.0,2025-05-03,"616 Athos, Lake Forest, CA 92630",Lake Forest,92630,33.659267,-117.68276,4.0,3.0,2637.0,SINGLE_FAMILY,6199.0,1845500.0,18.0,,,,,,2.2753128555176336,"over 2,500",False,False,8-30 days,4 beds
7950.0,2025-05-05,"27380 Morro Dr, Mission Viejo, CA 92692",Mission Viejo,92692,33.587307,-117.65221,4.0,4.0,3459.0,SINGLE_FAMILY,7834.0,2051500.0,15.0,-550.0,,,,,2.2983521248915872,"over 2,500",False,True,8-30 days,4 beds
6400.0,,"104 San Benito, Irvine, CA 92618",Irvine,92618,33.637794,-117.741356,3.0,3.0,1870.0,SINGLE_FAMILY,5180.0,1561800.0,9.0,100.0,,,,,3.4224598930481283,"1,500-2,500",False,False,8-30 days,3 beds
2600.0,,"375 Avenida Castilla UNIT O, Laguna Woods, CA 92637",Laguna Woods,92637,33.604744,-117.7163,2.0,2.0,1040.0,APARTMENT,2639.0,,8.0,,,,,,2.5,"1,000-1,500",False,False,8-30 days,2 beds
5200.0,2025-05-15,"26015 Malaga Ln, Mission Viejo, CA 92692",Mission Viejo,92692,33.584846,-117.64575,4.0,3.0,2089.0,SINGLE_FAMILY,5302.0,,4.0,,,,,,2.4892292963140257,"1,500-2,500",False,False,0-7 days,4 beds
3475.0,,"2397 Via Mariposa W, Laguna Woods, CA 92637",Laguna Woods,92637,33.61889,-117.722015,2.0,2.0,1336.0,APARTMENT,2081.0,,81.0,,,,,,2.6010479041916166,"1,000-1,500",False,False,61-90 days,2 beds
8300.0,2025-05-01,"41 Fieldhouse, Mission Viejo, CA 92694",Mission Viejo,92694,33.55733,-117.64148,3.0,3.0,1600.0,SINGLE_FAMILY,4392.0,1064700.0,43.0,-200.0,,,,,5.1875,"1,500-2,500",False,True,31-60 days,3 beds
3995.0,2025-05-15,"26011 Galway Dr, Lake Forest, CA 92630",Lake Forest,92630,33.650978,-117.67722,3.0,3.0,1419.0,SINGLE_FAMILY,4339.0,1087600.0,5.0,,,,,,2.8153629316420012,"1,000-1,500",False,False,0-7 days,3 beds
6850.0,2025-05-01,"17 Starflower, Lake Forest, CA 92630",Lake Forest,92630,33.66898,-117.68719,5.0,6.0,3268.0,SINGLE_FAMILY,7095.0,2110600.0,21.0,,,,,,2.0960832313341493,"over 2,500",False,False,8-30 days,5+ beds
2895.0,2025-04-28,"20702 El Toro Rd APT 151, Lake Forest, CA 92630",Lake Forest,92630,33.65946,-117.65002,2.0,2.0,916.0,APARTMENT,2904.0,514700.0,42.0,-80.0,,,,,3.160480349344978,"700-1,000",False,True,31-60 days,2 beds
6000.0,2025-07-01,"156 Chorus, Irvine, CA 92618",Irvine,92618,33.667362,-117.71945,3.0,3.0,2268.0,SINGLE_FAMILY,5253.0,1912500.0,15.0,,,,,,2.6455026455026456,"1,500-2,500",False,False,8-30 days,3 beds
4300.0,2025-07-01,"22951 Caminito Plata, Laguna Hills, CA 92653",Laguna Hills,92653,33.629353,-117.73847,3.0,2.0,1239.0,APARTMENT,3369.0,,32.0,,,,,,3.4705407586763517,"1,000-1,500",False,False,31-60 days,3 beds
5900.0,,"2431 Chorus, Irvine, CA 92618",Irvine,92618,33.667686,-117.719986,3.0,3.0,2780.0,APARTMENT,,,32.0,,,,,,2.1223021582733814,"over 2,500",False,False,31-60 days,3 beds
5500.0,,"25352 Hillary Ln, Laguna Hills, CA 92653",Laguna Hills,92653,33.594208,-117.69446,5.0,3.0,3394.0,SINGLE_FAMILY,6611.0,1746400.0,7.0,,,,,,1.6205067766647023,"over 2,500",False,False,0-7 days,5+ beds
2580.0,,"348 Avenida Sevilla UNIT A, Laguna Woods, CA 92637",Laguna Woods,92637,33.604633,-117.719154,2.0,1.0,1000.0,CONDO,2734.0,338400.0,3.0,,,,,,2.58,"700-1,000",False,False,0-7 days,2 beds
7300.0,,"5 Jackson Ct, Coto De Caza, CA 92679",Coto De Caza,92679,33.58086,-117.580925,5.0,4.0,3206.0,SINGLE_FAMILY,7372.0,1849100.0,3.0,,,,,,2.2769806612601373,"over 2,500",False,False,0-7 days,5+ beds
2950.0,,"2086 Ronda Granada #C, Laguna Woods, CA 92637",Laguna Woods,92637,33.615047,-117.712135,2.0,2.0,953.0,CONDO,,370200.0,24.0,,,,,,3.0954879328436515,"700-1,000",False,False,8-30 days,2 beds
4950.0,2025-06-14,"28041 Ebson, Mission Viejo, CA 92692",Mission Viejo,92692,33.64599,-117.64136,4.0,2.0,1329.0,SINGLE_FAMILY,4650.0,1076200.0,9.0,,,,,,3.724604966139955,"1,000-1,500",False,False,8-30 days,4 beds
15000.0,,"31746 Via Patito, Trabuco Canyon, CA 92679",Trabuco Canyon,92679,33.619106,-117.57779,4.0,3.0,2000.0,SINGLE_FAMILY,4881.0,1277100.0,29.0,,,,,,7.5,"1,500-2,500",False,False,8-30 days,4 beds
4250.0,,"27406 Hyatt Ct, Laguna Niguel, CA 92677",Laguna Niguel,92677,33.56485,-117.70396,3.0,3.0,1509.0,TOWNHOUSE,4129.0,1018400.0,75.0,,,,,,2.816434724983433,"1,500-2,500",False,False,61-90 days,3 beds
3400.0,,"164 Montara Dr, Aliso Viejo, CA 92656",Aliso Viejo,92656,33.588596,-117.719925,2.0,2.0,1115.0,CONDO,3373.0,776500.0,1.0,,,,,,3.0493273542600896,"1,000-1,500",False,False,0-7 days,2 beds
2700.0,,"2405 Via Mariposa W UNIT 3C, Laguna Woods, CA 92637",Laguna Woods,92637,33.620625,-117.721344,1.0,1.0,995.0,CONDO,2541.0,296700.0,22.0,,,,,,2.71356783919598,"700-1,000",False,False,8-30 days,1 bed
3300.0,,"25163 Via Catalina, Laguna Niguel, CA 92677",Laguna Niguel,92677,33.556522,-117.69087,2.0,2.0,1113.0,CONDO,3346.0,695200.0,2.0,,,,,,2.964959568733154,"1,000-1,500",False,False,0-7 days,2 beds
9000.0,,"11 Southern Hills Dr, Aliso Viejo, CA 92656",Aliso Viejo,92656,33.567806,-117.73865,4.0,3.0,2525.0,SINGLE_FAMILY,5765.0,2037200.0,5.0,,,,,,3.5643564356435644,"over 2,500",False,False,0-7 days,4 beds
5500.0,,"21691 Regal Way, Lake Forest, CA 92630",Lake Forest,92630,33.64789,-117.678604,4.0,3.0,2328.0,SINGLE_FAMILY,5107.0,1422200.0,3.0,,,,,,2.3625429553264605,"1,500-2,500",False,False,0-7 days,4 beds
4000.0,2025-05-17,"3 Costa Dr, Mission Viejo, CA 92692",Mission Viejo,92692,33.66317,-117.63107,3.0,3.0,1605.0,APARTMENT,3936.0,958400.0,2.0,,,,,,2.4922118380062304,"1,500-2,500",False,False,0-7 days,3 beds
3195.0,,"3111 Via Serena N, Laguna Woods, CA 92637",Laguna Woods,92637,33.616283,-117.7332,2.0,2.0,1145.0,CONDO,3198.0,487300.0,4.0,,,,,,2.7903930131004366,"1,000-1,500",False,False,0-7 days,2 beds
5900.0,,"9337 Astor Rd, Irvine, CA 92618",Irvine,92618,33.66407,-117.71524,3.0,4.0,2532.0,CONDO,5025.0,1610400.0,7.0,,,,,,2.330173775671406,"over 2,500",False,False,0-7 days,3 beds
3700.0,,"5 Via Athena, Aliso Viejo, CA 92656",Aliso Viejo,92656,33.59739,-117.721794,2.0,3.0,1260.0,CONDO,3400.0,920000.0,6.0,,,,,,2.9365079365079363,"1,000-1,500",False,False,0-7 days,2 beds
4499.0,,"5 Fuente, Rancho Santa Margarita, CA 92688",Rancho Santa Margarita,92688,33.613934,-117.62263,3.0,3.0,1689.0,TOWNHOUSE,3969.0,971300.0,5.0,,,,,,2.6637063351095325,"1,500-2,500",False,False,0-7 days,3 beds
2800.0,2025-05-24,"25881 Portofino UNIT 190, Laguna Niguel, CA 92677",Laguna Niguel,92677,33.551754,-117.67835,2.0,2.0,913.0,SINGLE_FAMILY,3370.0,557300.0,3.0,,,,,,3.0668127053669223,"700-1,000",False,False,0-7 days,2 beds
2800.0,,"2324 Via Puerta UNIT B, Laguna Woods, CA 92637",Laguna Woods,92637,33.616848,-117.72057,2.0,2.0,1009.0,CONDO,2651.0,369800.0,11.0,,,,,,2.7750247770069376,"1,000-1,500",False,False,8-30 days,2 beds
7750.0,,"27096 Ironwood Dr, Laguna Hills, CA 92653",Laguna Hills,92653,33.569096,-117.68189,4.0,3.0,3000.0,SINGLE_FAMILY,6269.0,2255800.0,6.0,,,,,,2.5833333333333335,"over 2,500",False,False,0-7 days,4 beds
2950.0,,"1 Via Alivio, Rancho Santa Margarita, CA 92688",Rancho Santa Margarita,92688,33.619453,-117.6143,2.0,2.0,864.0,CONDO,3021.0,606000.0,5.0,,,,,,3.4143518518518516,"700-1,000",False,False,0-7 days,2 beds
5300.0,,"4 Palatine, Aliso Viejo, CA 92656",Aliso Viejo,92656,33.54953,-117.72733,3.0,3.0,1890.0,SINGLE_FAMILY,4515.0,1262000.0,6.0,,,,,,2.804232804232804,"1,500-2,500",False,False,0-7 days,3 beds
5700.0,,"1 Willow Bend Rd, Coto De Caza, CA 92679",Coto De Caza,92679,33.583607,-117.58322,4.0,3.0,2300.0,SINGLE_FAMILY,6684.0,1712100.0,4.0,,,,,,2.4782608695652173,"1,500-2,500",False,False,0-7 days,4 beds
4000.0,,"21552 Sterling Dr, Lake Forest, CA 92630",Lake Forest,92630,33.650154,-117.6786,2.0,2.0,1222.0,SINGLE_FAMILY,3782.0,1023900.0,5.0,,,,,,3.2733224222585924,"1,000-1,500",False,False,0-7 days,2 beds
3200.0,,"21296 Tupelo Ln #6, Lake Forest, CA 92630",Lake Forest,92630,33.653057,-117.689644,2.0,2.0,995.0,CONDO,3199.0,682600.0,6.0,,,,,,3.2160804020100504,"700-1,000",False,False,0-7 days,2 beds
3500.0,,"28213 La Gallina, Laguna Niguel, CA 92677",Laguna Niguel,92677,33.553566,-117.69322,2.0,2.0,939.0,CONDO,3239.0,734700.0,3.0,,,,,,3.7273695420660276,"700-1,000",False,False,0-7 days,2 beds
4300.0,,"103 Via Vicini, Rancho Santa Margarita, CA 92688",Rancho Santa Margarita,92688,33.639248,-117.59927,3.0,3.0,1473.0,CONDO,3998.0,868200.0,12.0,,,,,,2.919212491513917,"1,000-1,500",False,False,8-30 days,3 beds
2750.0,,"2154 Ronda Granada UNIT O, Laguna Woods, CA 92637",Laguna Woods,92637,33.616196,-117.7125,2.0,2.0,1009.0,CONDO,2667.0,370100.0,7.0,,,,,,2.725470763131814,"1,000-1,500",False,False,0-7 days,2 beds
7500.0,2025-05-01,"28671 Rancho Maralena, Laguna Niguel, CA 92677",Laguna Niguel,92677,33.54649,-117.69539,5.0,3.0,2736.0,SINGLE_FAMILY,7273.0,2095500.0,13.0,,,,,,2.741228070175439,"over 2,500",False,False,8-30 days,5+ beds
5200.0,,"103 Biome, Irvine, CA 92618",Irvine,92618,,,3.0,3.0,2279.0,SINGLE_FAMILY,5560.0,1762800.0,4.0,,,,,,2.2817025010969725,"1,500-2,500",False,False,0-7 days,3 beds
7150.0,,"101 Walworth, Lake Forest, CA 92630",Lake Forest,92630,33.669186,-117.66542,5.0,5.0,3176.0,SINGLE_FAMILY,7167.0,2497800.0,19.0,,,,,,2.2512594458438286,"over 2,500",False,False,8-30 days,5+ beds
6500.0,2025-05-06,"26581 Domingo Dr, Mission Viejo, CA 92692",Mission Viejo,92692,33.576797,-117.64689,4.0,3.0,2573.0,SINGLE_FAMILY,5964.0,1626600.0,5.0,,,,,,2.5262339681305868,"over 2,500",False,False,0-7 days,4 beds
2790.0,,"24207 El Pilar #60, Laguna Niguel, CA 92677",Laguna Niguel,92677,33.568867,-117.7072,1.0,1.0,683.0,CONDO,2427.0,469700.0,26.0,90.0,,,,,4.084919472913616,under 700,False,False,8-30 days,1 bed
2600.0,,"47 Via Honrado, Rancho Santa Margarita, CA 92688",Rancho Santa Margarita,92688,33.647438,-117.58174,1.0,1.0,781.0,CONDO,2827.0,499900.0,6.0,,,,,,3.329065300896287,"700-1,000",False,False,0-7 days,1 bed
4850.0,,"2 Via Floria, Rancho Santa Margarita, CA 92688",Rancho Santa Margarita,92688,33.616684,-117.62127,3.0,3.0,1689.0,SINGLE_FAMILY,4111.0,1082600.0,4.0,,,,,,2.871521610420367,"1,500-2,500",False,False,0-7 days,3 beds
3600.0,,"27867 Mazagon #105, Mission Viejo, CA 92692",Mission Viejo,92692,33.62529,-117.6445,2.0,2.0,1135.0,CONDO,3486.0,702000.0,12.0,,,,,,3.171806167400881,"1,000-1,500",False,False,8-30 days,2 beds
2495.0,,"26701 Quail Cre Rd #246, Aliso Viejo, CA 92656",Aliso Viejo,92656,33.575024,-117.7321,1.0,1.0,676.0,CONDO,,443000.0,10.0,,,,,,3.690828402366864,under 700,False,False,8-30 days,1 bed
6500.0,,"188 Pinnacle Dr, Lake Forest, CA 92630",Lake Forest,92630,33.667606,-117.653656,5.0,4.0,3260.0,SINGLE_FAMILY,5701.0,1949900.0,6.0,,,,,,1.9938650306748467,"over 2,500",False,False,0-7 days,5+ beds
6625.0,,"27735 Homestead Rd, Laguna Niguel, CA 92677",Laguna Niguel,92677,33.559826,-117.7011,5.0,3.0,3300.0,SINGLE_FAMILY,7296.0,1820700.0,13.0,-24.0,,,,,2.007575757575758,"over 2,500",False,True,8-30 days,5+ beds
5400.0,,"962 Longhorn Way Rancho, Mission Viejo, CA 92694",Mission Viejo,92694,33.545963,-117.618454,3.0,3.0,1763.0,SINGLE_FAMILY,5253.0,1313500.0,5.0,,,,,,3.062960862166761,"1,500-2,500",False,False,0-7 days,3 beds
2550.0,,"654 Avenida Sevilla UNIT O, Laguna Woods, CA 92637",Laguna Woods,92637,33.60062,-117.703064,2.0,2.0,1040.0,CONDO,2784.0,326600.0,12.0,,,,,,2.451923076923077,"1,000-1,500",False,False,8-30 days,2 beds
4700.0,2025-04-19,"28482 La Noche, Mission Viejo, CA 92692",Mission Viejo,92692,33.611355,-117.632866,4.0,2.0,1850.0,SINGLE_FAMILY,4854.0,1227000.0,31.0,,,,,,2.5405405405405403,"1,500-2,500",False,False,31-60 days,4 beds
3000.0,,"25561 Indian Hill Ln UNIT X, Laguna Hills, CA 92653",Laguna Hills,92653,33.59193,-117.7093,2.0,2.0,1029.0,APARTMENT,3120.0,652700.0,36.0,,,,,,2.9154518950437316,"1,000-1,500",False,False,31-60 days,2 beds
2795.0,2025-06-01,"(undisclosed Address), Laguna Niguel, CA 92677",Laguna Niguel,92677,,,1.0,1.0,644.0,APARTMENT,2550.0,483800.0,66.0,,,,,,4.340062111801243,under 700,False,False,61-90 days,1 bed
4888.0,,"21004 Ponderosa, Mission Viejo, CA 92692",Mission Viejo,92692,33.65708,-117.637245,3.0,3.0,1976.0,SINGLE_FAMILY,4920.0,1248500.0,25.0,-111.0,,,,,2.473684210526316,"1,500-2,500",False,True,8-30 days,3 beds
4500.0,,"27973 Via Del Agua, Laguna Niguel, CA 92677",Laguna Niguel,92677,33.557125,-117.691765,3.0,2.0,1658.0,TOWNHOUSE,3746.0,851800.0,5.0,,,,,,2.7141133896260556,"1,500-2,500",False,False,0-7 days,3 beds
2395.0,,"20702 El Toro Rd APT 397, Lake Forest, CA 92630",Lake Forest,92630,33.65983,-117.64802,1.0,1.0,686.0,CONDO,2400.0,457300.0,28.0,,,,,,3.491253644314869,under 700,False,False,8-30 days,1 bed
4650.0,,"25201 Calle Becerra, Laguna Niguel, CA 92677",Laguna Niguel,92677,33.543148,-117.68929,2.0,2.0,1400.0,SINGLE_FAMILY,5012.0,1322900.0,22.0,-150.0,,,,,3.3214285714285716,"1,000-1,500",False,True,8-30 days,2 beds
7200.0,,"170 Chorus, Irvine, CA 92618",Irvine,92618,33.66722,-117.719086,4.0,4.0,3010.0,SINGLE_FAMILY,7115.0,,18.0,,,,,,2.39202657807309,"over 2,500",False,False,8-30 days,4 beds
4650.0,,"27 Via Florencia, Mission Viejo, CA 92692",Mission Viejo,92692,33.663174,-117.631096,4.0,3.0,1833.0,CONDO,4371.0,1165400.0,13.0,,,,,,2.536824877250409,"1,500-2,500",False,False,8-30 days,4 beds
4200.0,,"16 Bryce Cyn, Aliso Viejo, CA 92656",Aliso Viejo,92656,33.574417,-117.737,3.0,3.0,1506.0,TOWNHOUSE,4105.0,921400.0,0.0,,,,,,2.7888446215139444,"1,500-2,500",False,False,0-7 days,3 beds
2800.0,,"358 Avenida Castilla UNIT D, Laguna Woods, CA 92637",Laguna Woods,92637,33.606354,-117.71763,2.0,2.0,1324.0,CONDO,2889.0,486600.0,0.0,,,,,,2.1148036253776437,"1,000-1,500",False,False,0-7 days,2 beds
3950.0,,"26315 Misty Gln #4, Lake Forest, CA 92630",Lake Forest,92630,33.659363,-117.671036,3.0,3.0,1350.0,TOWNHOUSE,3805.0,880300.0,0.0,,,,,,2.925925925925926,"1,000-1,500",False,False,0-7 days,3 beds
4500.0,,"22 Albany St #80, Mission Viejo, CA 92694",Mission Viejo,92694,33.563644,-117.63341,4.0,3.0,1762.0,CONDO,4483.0,1020100.0,0.0,,,,,,2.5539160045402953,"1,500-2,500",False,False,0-7 days,4 beds
3300.0,,"25913 Orbita #84, Mission Viejo, CA 92691",Mission Viejo,92691,33.585564,-117.661644,2.0,2.0,1269.0,CONDO,3228.0,699200.0,0.0,,,,,,2.600472813238771,"1,000-1,500",False,False,0-7 days,2 beds
5300.0,,"26465 La Scala, Laguna Hills, CA 92653",Laguna Hills,92653,33.578594,-117.67823,3.0,3.0,2549.0,CONDO,4535.0,1302400.0,0.0,,,,,,2.079246763436642,"over 2,500",False,False,0-7 days,3 beds
3900.0,,"22142 Summit Hill Dr, Lake Forest, CA 92630",Lake Forest,92630,33.642063,-117.67066,3.0,3.0,1861.0,TOWNHOUSE,4301.0,934400.0,0.0,,,,,,2.0956475013433637,"1,500-2,500",False,False,0-7 days,3 beds
4500.0,,"25102 Carolwood, Lake Forest, CA 92630",Lake Forest,92630,33.637707,-117.69256,3.0,2.0,2032.0,SINGLE_FAMILY,4739.0,1262000.0,0.0,,,,,,2.2145669291338583,"1,500-2,500",False,False,0-7 days,3 beds
3500.0,,"26571 Las Palmas APT 8, Laguna Hills, CA 92656",Laguna Hills,92656,33.57715,-117.70344,2.0,2.0,1160.0,CONDO,3281.0,675500.0,0.0,,,,,,3.0172413793103448,"1,000-1,500",False,False,0-7 days,2 beds
6500.0,,"123 Scoville, Irvine, CA 92618",Irvine,92618,33.66142,-117.72351,5.0,4.0,2546.0,CONDO,,1723500.0,1.0,,,,,,2.5530243519245874,"over 2,500",False,False,0-7 days,5+ beds
4950.0,,"15 Rue Du Chateau, Aliso Viejo, CA 92656",Aliso Viejo,92656,33.558617,-117.72962,3.0,3.0,2013.0,CONDO,4633.0,1138600.0,1.0,,,,,,2.459016393442623,"1,500-2,500",False,False,0-7 days,3 beds
2300.0,,"27433 Via Amistoso, Mission Viejo, CA 92692",Mission Viejo,92692,33.60733,-117.65153,1.0,1.0,500.0,APARTMENT,,,2.0,,,,,,4.6,under 700,False,False,0-7 days,1 bed
2600.0,,"23412 Pacific Park Dr UNIT 17L, Aliso Viejo, CA 92656",Aliso Viejo,92656,33.57015,-117.72103,1.0,1.0,762.0,CONDO,2569.0,558300.0,0.0,,,,,,3.4120734908136483,"700-1,000",False,False,0-7 days,1 bed
2500.0,,"2355 Via Mariposa W UNIT 2B, Laguna Woods, CA 92637",Laguna Woods,92637,33.61459,-117.72068,1.0,1.0,1001.0,CONDO,2449.0,287900.0,4.0,,,,,,2.4975024975024973,"1,000-1,500",False,False,0-7 days,1 bed
2975.0,,"625 Avenida Sevilla UNIT B, Laguna Woods, CA 92637",Laguna Woods,92637,33.599377,-117.70469,2.0,2.0,1010.0,CONDO,2910.0,372300.0,5.0,,,,,,2.9455445544554455,"1,000-1,500",False,False,0-7 days,2 beds
3000.0,,"669 Via Mendoza #N, Laguna Woods, CA 92637",Laguna Woods,92637,33.598038,-117.70574,2.0,2.0,1009.0,CONDO,,,6.0,,,,,,2.9732408325074333,"1,000-1,500",False,False,0-7 days,2 beds
3750.0,,"19 Paseo Viento, Rancho Santa Margarita, CA 92688",Rancho Santa Margarita,92688,33.653393,-117.61336,2.0,3.0,1256.0,SINGLE_FAMILY,3559.0,856800.0,1.0,,,,,,2.9856687898089174,"1,000-1,500",False,False,0-7 days,2 beds
3100.0,,"579 Avenida Majorca UNIT A, Laguna Woods, CA 92637",Laguna Woods,92637,33.600628,-117.707306,2.0,2.0,1010.0,CONDO,3053.0,411600.0,2.0,,,,,,3.0693069306930694,"1,000-1,500",False,False,0-7 days,2 beds
4600.0,,"210 Alienta Ln, Mission Viejo, CA 92694",Mission Viejo,92694,33.549343,-117.59874,2.0,3.0,1432.0,CONDO,4079.0,867500.0,8.0,,,,,,3.212290502793296,"1,000-1,500",False,False,8-30 days,2 beds
8000.0,,"21748 Tahoe Ln, Lake Forest, CA 92630",Lake Forest,92630,33.646854,-117.70375,4.0,3.0,2695.0,SINGLE_FAMILY,5192.0,1540800.0,4.0,,,,,,2.968460111317254,"over 2,500",False,False,0-7 days,4 beds
5900.0,,"27141 Via Noveno, Mission Viejo, CA 92691",Mission Viejo,92691,33.63592,-117.656555,3.0,3.0,1431.0,SINGLE_FAMILY,4129.0,1264800.0,10.0,,,,,,4.122990915443745,"1,000-1,500",False,False,8-30 days,3 beds
2600.0,,"24478 Howes Dr #37, Laguna Niguel, CA 92677",Laguna Niguel,92677,33.567383,-117.70336,1.0,1.0,812.0,CONDO,2005.0,496300.0,7.0,,,,,,3.2019704433497536,"700-1,000",False,False,0-7 days,1 bed
8250.0,,"246 Sora, Irvine, CA 92618",Irvine,92618,33.663208,-117.73618,4.0,4.0,3528.0,CONDO,,2454500.0,13.0,,,,,,2.3384353741496597,"over 2,500",False,False,8-30 days,4 beds
4200.0,,"2206 Via Mariposa E UNIT B, Laguna Woods, CA 92637",Laguna Woods,92637,33.616405,-117.71673,2.0,2.0,1325.0,CONDO,3199.0,457400.0,7.0,,,,,,3.169811320754717,"1,000-1,500",False,False,0-7 days,2 beds
11500.0,,"21 Bent Oak, Coto De Caza, CA 92679",Coto De Caza,92679,33.56123,-117.59242,5.0,5.0,5200.0,SINGLE_FAMILY,9985.0,3083300.0,8.0,,,,,,2.2115384615384617,"over 2,500",False,False,8-30 days,5+ beds
6250.0,,"50 Vasto St, Mission Viejo, CA 92694",Mission Viejo,92694,33.54344,-117.59752,4.0,4.0,2499.0,SINGLE_FAMILY,5991.0,1360500.0,3.0,,,,,,2.501000400160064,"1,500-2,500",False,False,0-7 days,4 beds
7500.0,,"27793 Rota #14, Mission Viejo, CA 92692",Mission Viejo,92692,33.625443,-117.645615,2.0,2.0,1240.0,CONDO,3628.0,950200.0,13.0,,,,,,6.048387096774194,"1,000-1,500",False,False,8-30 days,2 beds
3495.0,,"2270 Via Puerta UNIT N, Laguna Woods, CA 92637",Laguna Woods,92637,33.617935,-117.71733,2.0,2.0,1057.0,CONDO,2790.0,480000.0,19.0,,,,,,3.306527909176916,"1,000-1,500",False,False,8-30 days,2 beds
3300.0,,"25062 Camino Del Mar UNIT B, Laguna Niguel, CA 92677",Laguna Niguel,92677,33.553864,-117.6916,2.0,2.0,1104.0,CONDO,3199.0,725900.0,0.0,,,,,,2.989130434782609,"1,000-1,500",False,False,0-7 days,2 beds
7500.0,,"22752 Bayshore Ln, Lake Forest, CA 92630",Lake Forest,92630,33.632435,-117.70681,4.0,3.0,2068.0,SINGLE_FAMILY,6680.0,1533000.0,22.0,,,,,,3.6266924564796907,"1,500-2,500",False,False,8-30 days,4 beds
2700.0,,"2232 Via Puerta UNIT O, Laguna Woods, CA 92637",Laguna Woods,92637,33.62002,-117.714874,2.0,2.0,1009.0,CONDO,2582.0,383000.0,10.0,,,,,,2.67591674925669,"1,000-1,500",False,False,8-30 days,2 beds
4900.0,,"10 Spicewood, Aliso Viejo, CA 92656",Aliso Viejo,92656,33.59451,-117.7172,3.0,3.0,1781.0,SINGLE_FAMILY,4814.0,1237500.0,7.0,,,,,,2.751263335204941,"1,500-2,500",False,False,0-7 days,3 beds
2600.0,,"26701 Quail Crk APT 40, Laguna Hills, CA 92656",Laguna Hills,92656,33.57411,-117.702675,1.0,1.0,676.0,CONDO,2456.0,487700.0,18.0,,,,,,3.8461538461538463,under 700,False,False,8-30 days,1 bed
2800.0,,"2014 Via Mariposa W UNIT A, Laguna Woods, CA 92637",Laguna Woods,92637,33.6133,-117.719894,2.0,2.0,1040.0,CONDO,2854.0,377700.0,14.0,,,,,,2.6923076923076925,"1,000-1,500",False,False,8-30 days,2 beds
2500.0,,"56 Flor De Sol #34, Rancho Santa Margarita, CA 92688",Rancho Santa Margarita,92688,33.64994,-117.57948,2.0,1.0,618.0,CONDO,2520.0,469600.0,12.0,,,,,,4.0453074433656955,under 700,False,False,8-30 days,2 beds
6750.0,,"54 Laurelhurst Dr, Mission Viejo, CA 92694",Mission Viejo,92694,33.570274,-117.635956,4.0,4.0,2943.0,SINGLE_FAMILY,6988.0,1790300.0,12.0,,,,,,2.293577981651376,"over 2,500",False,False,8-30 days,4 beds
2495.0,,"26136 Serrano Ct #26, Lake Forest, CA 92630",Lake Forest,92630,33.659233,-117.67428,2.0,1.0,884.0,CONDO,3267.0,558800.0,4.0,,,,,,2.822398190045249,"700-1,000",False,False,0-7 days,2 beds
2600.0,,"63 Gaviota #159, Rancho Santa Margarita, CA 92688",Rancho Santa Margarita,92688,33.648445,-117.58954,2.0,2.0,737.0,CONDO,2712.0,499500.0,12.0,,,,,,3.5278154681139755,"700-1,000",False,False,8-30 days,2 beds
3150.0,,"161 Valley View Ter, Mission Viejo, CA 92692",Mission Viejo,92692,33.658566,-117.63812,2.0,2.0,1000.0,CONDO,3232.0,627700.0,14.0,,,,,,3.15,"700-1,000",False,False,8-30 days,2 beds
6800.0,,"1139 Cadence, Irvine, CA 92618",Irvine,92618,33.66674,-117.7169,4.0,5.0,2955.0,CONDO,5826.0,,14.0,300.0,,,,,2.3011844331641287,"over 2,500",False,False,8-30 days,4 beds
2700.0,,"2393 Via Mariposa W UNIT 1F, Laguna Woods, CA 92637",Laguna Woods,92637,33.616783,-117.7215,2.0,2.0,1199.0,CONDO,2831.0,383500.0,17.0,,,,,,2.2518765638031693,"1,000-1,500",False,False,8-30 days,2 beds
5200.0,,"34 Iron Horse Trl, Ladera Ranch, CA 92694",Ladera Ranch,92694,33.56786,-117.636536,3.0,3.0,1500.0,CONDO,4408.0,981000.0,18.0,,,,,,3.466666666666667,"1,000-1,500",False,False,8-30 days,3 beds
4000.0,,"52 Amy Way, Mission Viejo, CA 92694",Mission Viejo,92694,33.554375,-117.63168,3.0,3.0,1584.0,CONDO,4370.0,973600.0,13.0,,,,,,2.525252525252525,"1,500-2,500",False,False,8-30 days,3 beds
3300.0,,"3083 Via Serena S #S-C, Laguna Woods, CA 92637",Laguna Woods,92637,33.61514,-117.7343,3.0,2.0,1181.0,CONDO,,535500.0,18.0,,,,,,2.79424216765453,"1,000-1,500",False,False,8-30 days,3 beds
4900.0,,"11 Calle Adobe, Rancho Santa Margarita, CA 92688",Rancho Santa Margarita,92688,33.645718,-117.5837,3.0,3.0,1660.0,SINGLE_FAMILY,4759.0,1209000.0,10.0,-300.0,,,,,2.9518072289156625,"1,500-2,500",False,True,8-30 days,3 beds
2800.0,,"3 Mirlo #81, Rancho Santa Margarita, CA 92688",Rancho Santa Margarita,92688,33.64764,-117.590744,2.0,2.0,882.0,CONDO,2893.0,562100.0,12.0,,,,,,3.1746031746031744,"700-1,000",False,False,8-30 days,2 beds
2995.0,,"25861 Marguerite Pkwy APT 103, Mission Viejo, CA 92692",Mission Viejo,92692,33.587357,-117.66163,2.0,2.0,1040.0,CONDO,,619800.0,10.0,100.0,,,,,2.8798076923076925,"1,000-1,500",False,False,8-30 days,2 beds
8000.0,,"310 Huckleberry, Lake Forest, CA 92630",Lake Forest,92630,33.665913,-117.66785,5.0,6.0,3572.0,SINGLE_FAMILY,8083.0,2971100.0,29.0,,,,,,2.2396416573348263,"over 2,500",False,False,8-30 days,5+ beds
2650.0,,"548 Via Estrada UNIT P, Laguna Woods, CA 92637",Laguna Woods,92637,33.602634,-117.71087,2.0,2.0,1040.0,CONDO,2760.0,272900.0,16.0,,,,,,2.548076923076923,"1,000-1,500",False,False,8-30 days,2 beds
14000.0,,"28092 Tefir, Mission Viejo, CA 92692",Mission Viejo,92692,33.63226,-117.64038,5.0,5.0,3883.0,SINGLE_FAMILY,8259.0,2326500.0,29.0,-1500.0,,,,,3.605459696111254,"over 2,500",False,True,8-30 days,5+ beds
6000.0,,"27482 Cenajo, Mission Viejo, CA 92691",Mission Viejo,92691,33.641872,-117.65076,4.0,3.0,2602.0,SINGLE_FAMILY,5828.0,1624800.0,17.0,,,,,,2.3059185242121445,"over 2,500",False,False,8-30 days,4 beds
5800.0,,"108 Billings, Irvine, CA 92618",Irvine,92618,33.662014,-117.715164,4.0,6.0,2955.0,CONDO,,2016000.0,4.0,,,,,,1.9627749576988156,"over 2,500",False,False,0-7 days,4 beds
3100.0,,"491 Mulligan, Irvine, CA 92618",Irvine,92618,33.66584,-117.72303,1.0,1.0,957.0,CONDO,,802400.0,9.0,,,,,,3.239289446185998,"700-1,000",False,False,8-30 days,1 bed
6100.0,,"19 Royalston, Mission Viejo, CA 92692",Mission Viejo,92692,33.595753,-117.641235,4.0,3.0,1976.0,SINGLE_FAMILY,5484.0,1594900.0,18.0,,,,,,3.0870445344129553,"1,500-2,500",False,False,8-30 days,4 beds
2995.0,,"23351 Caminito Marcial #155, Laguna Hills, CA 92653",Laguna Hills,92653,33.622803,-117.73895,2.0,2.0,1041.0,CONDO,3415.0,538000.0,6.0,,,,,,2.8770413064361193,"1,000-1,500",False,False,0-7 days,2 beds
32400.0,2025-05-21,"(undisclosed Address), Mission Viejo, CA 92691",Mission Viejo,92691,,,4.0,2.0,,SINGLE_FAMILY,4752.0,1374700.0,18.0,,,,,,,,False,False,8-30 days,4 beds
3200.0,,"19 Santa Agatha, Rancho Santa Margarita, CA 92688",Rancho Santa Margarita,92688,33.63677,-117.58981,2.0,2.0,1150.0,CONDO,2895.0,646800.0,12.0,,,,,,2.782608695652174,"1,000-1,500",False,False,8-30 days,2 beds
8000.0,,"27591 Manor Hill Rd, Laguna Niguel, CA 92677",Laguna Niguel,92677,33.56207,-117.70001,4.0,5.0,3698.0,SINGLE_FAMILY,7872.0,2777500.0,16.0,,,,,,2.1633315305570577,"over 2,500",False,False,8-30 days,4 beds
4700.0,,"24301 Toponas Ct, Laguna Niguel, CA 92677",Laguna Niguel,92677,33.553925,-117.70554,3.0,2.0,1574.0,SINGLE_FAMILY,4478.0,1204400.0,6.0,,,,,,2.9860228716645487,"1,500-2,500",False,False,0-7 days,3 beds
3950.0,,"23 Front Row, Aliso Viejo, CA 92656",Aliso Viejo,92656,33.572483,-117.72218,2.0,2.0,1563.0,CONDO,3680.0,960800.0,18.0,,,,,,2.527191298784389,"1,500-2,500",False,False,8-30 days,2 beds
3500.0,,"36 Birchwood Ln, Aliso Viejo, CA 92656",Aliso Viejo,92656,33.571712,-117.708374,3.0,2.0,1174.0,SINGLE_FAMILY,3322.0,722800.0,3.0,,,,,,2.9812606473594547,"1,000-1,500",False,False,0-7 days,3 beds
8000.0,,"1782 Canyon Oaks Ln, Lake Forest, CA 92610",Lake Forest,92610,33.668316,-117.634224,5.0,6.0,3380.0,SINGLE_FAMILY,7313.0,2124200.0,33.0,,,,,,2.366863905325444,"over 2,500",False,False,31-60 days,5+ beds
3300.0,,"23346 La Mar APT D, Mission Viejo, CA 92691",Mission Viejo,92691,33.623222,-117.67174,2.0,3.0,878.0,TOWNHOUSE,2763.0,609000.0,13.0,-200.0,,,,,3.7585421412300684,"700-1,000",False,True,8-30 days,2 beds
4650.0,,"28 Bogey Ln, Coto De Caza, CA 92679",Coto De Caza,92679,33.598465,-117.581535,3.0,2.0,2046.0,TOWNHOUSE,4394.0,1117100.0,28.0,,,,,,2.272727272727273,"1,500-2,500",False,False,8-30 days,3 beds
2750.0,,"2329 Via Mariposa W APT O, Laguna Woods, CA 92637",Laguna Woods,92637,33.61862,-117.72087,2.0,2.0,1009.0,CONDO,2814.0,365200.0,28.0,,,,,,2.725470763131814,"1,000-1,500",False,False,8-30 days,2 beds
3500.0,,"153 Avenida Majorca UNIT B, Laguna Woods, CA 92637",Laguna Woods,92637,33.605007,-117.70505,2.0,2.0,1400.0,CONDO,3287.0,623800.0,48.0,-100.0,,,,,2.5,"1,000-1,500",False,True,31-60 days,2 beds
3000.0,,"735 Avenida Majorca UNIT A, Laguna Woods, CA 92637",Laguna Woods,92637,33.59742,-117.71356,2.0,2.0,953.0,CONDO,3019.0,409600.0,49.0,-50.0,,,,,3.147953830010493,"700-1,000",False,True,31-60 days,2 beds
9800.0,,"27761 Manor Hill Rd, Laguna Niguel, CA 92677",Laguna Niguel,92677,33.559334,-117.69748,4.0,5.0,3812.0,SINGLE_FAMILY,7631.0,2400800.0,46.0,-1700.0,,,,,2.570828961175236,"over 2,500",False,True,31-60 days,4 beds
7500.0,,"28142 Ambar, Mission Viejo, CA 92692",Mission Viejo,92692,33.62931,-117.6396,5.0,3.0,3347.0,SINGLE_FAMILY,7357.0,1536000.0,18.0,,,,,,2.24081266806095,"over 2,500",False,False,8-30 days,5+ beds
5350.0,,"28522 Via Reggio, Laguna Niguel, CA 92677",Laguna Niguel,92677,33.547756,-117.69965,4.0,3.0,1944.0,SINGLE_FAMILY,5282.0,1421200.0,7.0,,,,,,2.7520576131687244,"1,500-2,500",False,False,0-7 days,4 beds
3550.0,,"62 Sobrante, Aliso Viejo, CA 92656",Aliso Viejo,92656,33.573254,-117.73618,2.0,2.0,1000.0,TOWNHOUSE,3028.0,718400.0,7.0,,,,,,3.55,"700-1,000",False,False,0-7 days,2 beds
4250.0,,"9 Whitworth St, Mission Viejo, CA 92694",Mission Viejo,92694,33.5506,-117.636314,3.0,3.0,1657.0,TOWNHOUSE,4151.0,932400.0,5.0,,,,,,2.5648762824381413,"1,500-2,500",False,False,0-7 days,3 beds
4500.0,,"22696 Galilea, Mission Viejo, CA 92692",Mission Viejo,92692,33.6333,-117.64464,2.0,2.0,1286.0,CONDO,4227.0,839100.0,54.0,-500.0,,,,,3.4992223950233283,"1,000-1,500",False,True,31-60 days,2 beds
11000.0,,"27342 Lost Colt Dr, Laguna Hills, CA 92653",Laguna Hills,92653,33.568043,-117.69263,5.0,5.0,4493.0,SINGLE_FAMILY,7971.0,3179400.0,54.0,-1000.0,,,,,2.4482528377476074,"over 2,500",False,True,31-60 days,5+ beds
5000.0,,"25 Tarleton Ln, Mission Viejo, CA 92694",Mission Viejo,92694,33.541252,-117.645226,3.0,4.0,1919.0,SINGLE_FAMILY,4840.0,1112000.0,40.0,,,,,,2.6055237102657633,"1,500-2,500",False,False,31-60 days,3 beds
4650.0,,"8 Sagunto, Aliso Viejo, CA 92656",Aliso Viejo,92656,33.56257,-117.72295,3.0,3.0,1444.0,TOWNHOUSE,4213.0,896900.0,84.0,,,,,,3.2202216066481992,"1,000-1,500",False,False,61-90 days,3 beds
4850.0,,"28382 Lanuza, Mission Viejo, CA 92692",Mission Viejo,92692,33.60557,-117.63528,4.0,2.0,1472.0,SINGLE_FAMILY,4668.0,1063200.0,18.0,,,,,,3.2948369565217392,"1,000-1,500",False,False,8-30 days,4 beds
2500.0,,"477 Calle Cadiz UNIT A, Laguna Woods, CA 92637",Laguna Woods,92637,33.604164,-117.71438,1.0,1.0,770.0,CONDO,2371.0,254700.0,100.0,-300.0,,,,,3.2467532467532467,"700-1,000",False,True,90+ days,1 bed
3999.0,,"20571 Sycamore Dr, Trabuco Canyon, CA 92679",Trabuco Canyon,92679,33.66332,-117.58958,2.0,2.0,1004.0,SINGLE_FAMILY,3461.0,948800.0,15.0,,,,,,3.983067729083665,"1,000-1,500",False,False,8-30 days,2 beds
3900.0,,"21182 Deerpath, Lake Forest, CA 92630",Lake Forest,92630,33.654705,-117.66728,3.0,2.0,1083.0,CONDO,3515.0,752000.0,13.0,-350.0,,,,,3.601108033240997,"1,000-1,500",False,True,8-30 days,3 beds
15995.0,,"25911 Rich Springs Cir, Laguna Hills, CA 92653",Laguna Hills,92653,33.583508,-117.67818,5.0,3.0,2715.0,SINGLE_FAMILY,6637.0,2614700.0,78.0,-505.0,,,,,5.89134438305709,"over 2,500",False,True,61-90 days,5+ beds
4500.0,,"5 Santa Clara St, Aliso Viejo, CA 92656",Aliso Viejo,92656,33.583496,-117.71465,3.0,3.0,1386.0,SINGLE_FAMILY,4242.0,1185200.0,11.0,,,,,,3.2467532467532467,"1,000-1,500",False,False,8-30 days,3 beds
2800.0,,"3242 San Amadeo UNIT 2B, Laguna Woods, CA 92637",Laguna Woods,92637,33.606613,-117.74198,1.0,1.0,998.0,CONDO,2662.0,321700.0,101.0,-200.0,,,,,2.80561122244489,"700-1,000",False,True,90+ days,1 bed
9000.0,,"402 Shrike, Irvine, CA 92618",Irvine,92618,33.66509,-117.720345,4.0,5.0,3625.0,SINGLE_FAMILY,,2572600.0,40.0,,,,,,2.4827586206896552,"over 2,500",False,False,31-60 days,4 beds
3330.0,,"3130 Via Serena N UNIT B, Laguna Woods, CA 92637",Laguna Woods,92637,33.617065,-117.73483,2.0,2.0,989.0,CONDO,3034.0,497400.0,103.0,,,,,,3.3670374115267947,"700-1,000",False,False,90+ days,2 beds
2650.0,,"26162 Los Viveros APT F, Mission Viejo, CA 92691",Mission Viejo,92691,33.621964,-117.673,2.0,1.0,820.0,CONDO,2811.0,505500.0,54.0,-100.0,,,,,3.231707317073171,"700-1,000",False,True,31-60 days,2 beds
3100.0,,"62 Calle Aragon #B, Laguna Woods, CA 92637",Laguna Woods,92637,33.606297,-117.71443,2.0,2.0,1324.0,CONDO,,412900.0,84.0,,,,,,2.3413897280966767,"1,000-1,500",False,False,61-90 days,2 beds
3000.0,,"122 Via Estrada #A, Laguna Woods, CA 92637",Laguna Woods,92637,33.60619,-117.70993,2.0,2.0,950.0,CONDO,2923.0,386600.0,82.0,,,,,,3.1578947368421053,"700-1,000",False,False,61-90 days,2 beds
8600.0,,"81 Plateau, Aliso Viejo, CA 92656",Aliso Viejo,92656,33.572582,-117.733795,4.0,3.0,1890.0,SINGLE_FAMILY,5786.0,,98.0,-300.0,,,,,4.550264550264551,"1,500-2,500",False,True,90+ days,4 beds
6495.0,,"22631 Pineridge, Mission Viejo, CA 92692",Mission Viejo,92692,33.633694,-117.62783,4.0,3.0,2790.0,SINGLE_FAMILY,6027.0,1625500.0,66.0,-205.0,,,,,2.327956989247312,"over 2,500",False,True,61-90 days,4 beds
7000.0,,"291 Heartland Way, Rancho Mission Viejo, CA 92694",Rancho Mission Viejo,92694,33.545826,-117.6174,3.0,3.0,1597.0,SINGLE_FAMILY,5349.0,1021000.0,189.0,400.0,,,,,4.383218534752661,"1,500-2,500",False,False,90+ days,3 beds
3600.0,,"25206 Via Las Palmas, Laguna Niguel, CA 92677",Laguna Niguel,92677,33.557995,-117.6901,2.0,3.0,1383.0,CONDO,3655.0,847800.0,39.0,-100.0,,,,,2.6030368763557483,"1,000-1,500",False,True,31-60 days,2 beds
3800.0,,"28297 Via Luis, Laguna Niguel, CA 92677",Laguna Niguel,92677,33.55208,-117.69483,3.0,3.0,1350.0,CONDO,3774.0,886700.0,10.0,,,,,,2.814814814814815,"1,000-1,500",False,False,8-30 days,3 beds
3800.0,,"21192 Chestnut #212, Mission Viejo, CA 92691",Mission Viejo,92691,33.654705,-117.64342,3.0,3.0,1280.0,CONDO,3900.0,888000.0,78.0,-200.0,,,,,2.96875,"1,000-1,500",False,True,61-90 days,3 beds
5000.0,,"27 Edmonton Pl, Aliso Viejo, CA 92656",Aliso Viejo,92656,33.56349,-117.73159,4.0,3.0,1866.0,SINGLE_FAMILY,4810.0,1393700.0,39.0,,,,,,2.679528403001072,"1,500-2,500",False,False,31-60 days,4 beds
2800.0,,"10 Iron Bark, Aliso Viejo, CA 92656",Aliso Viejo,92656,33.583206,-117.73867,2.0,2.0,939.0,CONDO,3033.0,667200.0,12.0,,,,,,2.981895633652822,"700-1,000",False,False,8-30 days,2 beds
17995.0,,"27572 Gold Dust Ln, Laguna Hills, CA 92653",Laguna Hills,92653,33.562943,-117.68612,6.0,8.0,6605.0,SINGLE_FAMILY,7315.0,5102700.0,90.0,,,,,,2.72445117335352,"over 2,500",False,False,61-90 days,5+ beds
2550.0,,"26863 Jasper #165, Mission Viejo, CA 92691",Mission Viejo,92691,33.561268,-117.66226,2.0,1.0,780.0,CONDO,2685.0,500300.0,11.0,,,,,,3.269230769230769,"700-1,000",False,False,8-30 days,2 beds
10000.0,2025-11-13,"136 Sentosa, Irvine, CA 92618",Irvine,92618,33.66624,-117.71232,4.0,3.0,2995.0,SINGLE_FAMILY,6610.0,1218000.0,183.0,,,,,,3.33889816360601,"over 2,500",False,False,90+ days,4 beds
3100.0,,"26191 Hillsford Pl, Lake Forest, CA 92630",Lake Forest,92630,33.63837,-117.67264,2.0,1.0,924.0,CONDO,2919.0,582400.0,28.0,,,,,,3.354978354978355,"700-1,000",False,False,8-30 days,2 beds
10200.0,,"26671 Valpariso Dr, Mission Viejo, CA 92691",Mission Viejo,92691,33.616898,-117.66519,4.0,2.0,2144.0,SINGLE_FAMILY,5532.0,1444300.0,132.0,400.0,,,,,4.757462686567164,"1,500-2,500",False,False,90+ days,4 beds
9150.0,,"26062 Via Viento, Mission Viejo, CA 92691",Mission Viejo,92691,33.584576,-117.66642,5.0,5.0,3668.0,SINGLE_FAMILY,7492.0,2222100.0,124.0,-150.0,,,,,2.494547437295529,"over 2,500",False,True,90+ days,5+ beds
3000.0,,"897 Ronda Sevilla UNIT O, Laguna Woods, CA 92637",Laguna Woods,92637,33.595207,-117.70881,2.0,2.0,1009.0,CONDO,2851.0,428200.0,71.0,,,,,,2.9732408325074333,"1,000-1,500",False,False,61-90 days,2 beds
3899.0,,"15 Primrose, Rancho Santa Margarita, CA 92688",Rancho Santa Margarita,92688,33.645634,-117.60022,2.0,2.0,1112.0,SINGLE_FAMILY,3273.0,539900.0,63.0,-100.0,,,,,3.506294964028777,"1,000-1,500",False,True,61-90 days,2 beds
3600.0,,"23445 El Reposa, Aliso Viejo, CA 92656",Aliso Viejo,92656,33.600815,-117.720665,3.0,2.0,1240.0,SINGLE_FAMILY,3641.0,873800.0,6.0,,,,,,2.903225806451613,"1,000-1,500",False,False,0-7 days,3 beds
3900.0,,"200 Jaripol Cir, Mission Viejo, CA 92694",Mission Viejo,92694,33.54553,-117.59521,2.0,3.0,1288.0,TOWNHOUSE,3950.0,779500.0,33.0,,,,,,3.027950310559006,"1,000-1,500",False,False,31-60 days,2 beds
7300.0,,"246 Chorus, Irvine, CA 92618",Irvine,92618,33.668583,-117.71856,4.0,4.0,2935.0,SINGLE_FAMILY,6852.0,2653000.0,131.0,-200.0,,,,,2.487223168654174,"over 2,500",False,True,90+ days,4 beds
3100.0,,"97 Camino Del Oro, Rancho Santa Margarita, CA 92688",Rancho Santa Margarita,92688,33.646633,-117.62472,2.0,2.0,1035.0,SINGLE_FAMILY,3126.0,677600.0,57.0,-100.0,,,,,2.995169082125604,"1,000-1,500",False,True,31-60 days,2 beds
3100.0,,"380 Avenida Castilla #C, Laguna Woods, CA 92637",Laguna Woods,92637,33.60421,-117.717354,2.0,2.0,1300.0,CONDO,3198.0,648100.0,7.0,,,,,,2.3846153846153846,"1,000-1,500",False,False,0-7 days,2 beds
2400.0,,"2266 Via Puerta UNIT N, Laguna Woods, CA 92637",Laguna Woods,92637,33.617607,-117.7174,2.0,2.0,1009.0,CONDO,2582.0,364900.0,53.0,-100.0,,,,,2.3785926660059467,"1,000-1,500",False,True,31-60 days,2 beds
2990.0,,"15 Via Castilla UNIT Q, Laguna Woods, CA 92637",Laguna Woods,92637,33.609066,-117.71582,2.0,2.0,1040.0,CONDO,2644.0,277700.0,88.0,,,,,,2.875,"1,000-1,500",False,False,61-90 days,2 beds
3300.0,,"12 Verdin Ln, Aliso Viejo, CA 92656",Aliso Viejo,92656,33.599453,-117.73231,2.0,2.0,925.0,CONDO,3185.0,563800.0,20.0,,,,,,3.5675675675675675,"700-1,000",False,False,8-30 days,2 beds
5500.0,,"25081 Grissom Rd, Laguna Hills, CA 92653",Laguna Hills,92653,33.59397,-117.6922,4.0,3.0,2464.0,SINGLE_FAMILY,5344.0,1354600.0,17.0,,,,,,2.232142857142857,"1,500-2,500",False,False,8-30 days,4 beds
7500.0,,"25311 Maximus St, Mission Viejo, CA 92691",Mission Viejo,92691,33.60534,-117.68793,4.0,2.0,2241.0,SINGLE_FAMILY,6733.0,1442000.0,19.0,,,,,,3.3467202141900936,"1,500-2,500",False,False,8-30 days,4 beds
2900.0,,"239 Calle Aragon UNIT A, Laguna Woods, CA 92637",Laguna Woods,92637,33.612312,-117.71977,2.0,2.0,995.0,CONDO,2934.0,472600.0,53.0,,,,,,2.9145728643216082,"700-1,000",False,False,31-60 days,2 beds
2290.0,,"23232 Orange Ave APT 2, Lake Forest, CA 92630",Lake Forest,92630,33.623116,-117.69184,1.0,1.0,685.0,CONDO,2278.0,362300.0,30.0,,,,,,3.343065693430657,under 700,False,False,8-30 days,1 bed
8300.0,,"170 Hill, Lake Forest, CA 92630",Lake Forest,92630,33.667133,-117.66747,5.0,6.0,3644.0,SINGLE_FAMILY,8212.0,2895800.0,41.0,,,,,,2.277716794731065,"over 2,500",False,False,31-60 days,5+ beds
7000.0,,"28315 La Caleta, Mission Viejo, CA 92692",Mission Viejo,92692,33.629044,-117.63655,4.0,3.0,3347.0,SINGLE_FAMILY,6706.0,1809100.0,27.0,,,,,,2.0914251568568867,"over 2,500",False,False,8-30 days,4 beds
2800.0,,"4010 Calle Sonora Oeste UNIT 1A, Laguna Woods, CA 92637",Laguna Woods,92637,33.603058,-117.73524,2.0,2.0,1257.0,CONDO,3112.0,475100.0,28.0,-100.0,,,,,2.2275258552108195,"1,000-1,500",False,True,8-30 days,2 beds
2950.0,,"317 Avenida Castilla UNIT B, Laguna Woods, CA 92637",Laguna Woods,92637,33.60683,-117.717926,2.0,1.0,1000.0,CONDO,2738.0,408000.0,33.0,,,,,,2.95,"700-1,000",False,False,31-60 days,2 beds
2700.0,,"348 Avenida Sevilla UNIT B, Laguna Woods, CA 92637",Laguna Woods,92637,33.60459,-117.71933,2.0,1.0,1000.0,CONDO,2687.0,433700.0,33.0,-200.0,,,,,2.7,"700-1,000",False,True,31-60 days,2 beds
2600.0,,"2293 Via Puerta UNIT D, Laguna Woods, CA 92637",Laguna Woods,92637,33.61845,-117.718315,2.0,2.0,1057.0,CONDO,2790.0,348700.0,37.0,,,,,,2.4597918637653735,"1,000-1,500",False,False,31-60 days,2 beds
4600.0,,"104 Woodcrest Ln, Aliso Viejo, CA 92656",Aliso Viejo,92656,33.585075,-117.736725,2.0,3.0,,SINGLE_FAMILY,3507.0,945100.0,48.0,-200.0,,,,,,,False,True,31-60 days,2 beds
4600.0,,"20 Ash Hollow Trl, Mission Viejo, CA 92694",Mission Viejo,92694,33.56833,-117.63501,3.0,3.0,1500.0,CONDO,4217.0,932100.0,15.0,,,,,,3.066666666666667,"1,000-1,500",False,False,8-30 days,3 beds
3500.0,,"470 Calle Cadiz #B, Laguna Woods, CA 92637",Laguna Woods,92637,33.60415,-117.71308,2.0,2.0,1100.0,CONDO,2989.0,496800.0,50.0,,,,,,3.1818181818181817,"1,000-1,500",False,False,31-60 days,2 beds
2800.0,,"243 Calle Aragon UNIT H, Laguna Woods, CA 92637",Laguna Woods,92637,33.612217,-117.71871,2.0,2.0,1100.0,CONDO,,345100.0,22.0,-199.0,,,,,2.5454545454545454,"1,000-1,500",False,True,8-30 days,2 beds
8800.0,,"103 Endless Vis, Aliso Viejo, CA 92656",Aliso Viejo,92656,33.562737,-117.736275,5.0,5.0,3541.0,SINGLE_FAMILY,7406.0,2765500.0,52.0,,,,,,2.4851736797514827,"over 2,500",False,False,31-60 days,5+ beds
3500.0,,"38 Tierra Seguro, Rancho Santa Margarita, CA 92688",Rancho Santa Margarita,92688,33.653294,-117.61664,2.0,2.0,1250.0,CONDO,3403.0,732200.0,14.0,,,,,,2.8,"1,000-1,500",False,False,8-30 days,2 beds
3250.0,,"21206 Jasmines Way, Lake Forest, CA 92630",Lake Forest,92630,33.65493,-117.686615,2.0,2.0,1030.0,CONDO,3189.0,696200.0,22.0,-100.0,,,,,3.1553398058252426,"1,000-1,500",False,True,8-30 days,2 beds
5850.0,,"27931 Hedgeline Dr, Laguna Niguel, CA 92677",Laguna Niguel,92677,33.55703,-117.69509,5.0,3.0,2566.0,SINGLE_FAMILY,6323.0,1794300.0,5.0,,,,,,2.279812938425565,"over 2,500",False,False,0-7 days,5+ beds
14500.0,,"33 Craftsbury Pl, Mission Viejo, CA 92694",Mission Viejo,92694,33.545574,-117.631325,5.0,5.0,3575.0,SINGLE_FAMILY,7722.0,2448800.0,54.0,-1000.0,,,,,4.055944055944056,"over 2,500",False,True,31-60 days,5+ beds
3450.0,,"22118 Antigua #211, Mission Viejo, CA 92692",Mission Viejo,92692,33.641266,-117.643105,2.0,2.0,1100.0,CONDO,3414.0,,39.0,,,,,,3.1363636363636362,"1,000-1,500",False,False,31-60 days,2 beds
2950.0,,"29 Calle Aragon UNIT Q, Laguna Woods, CA 92637",Laguna Woods,92637,33.608856,-117.714424,2.0,2.0,1009.0,CONDO,2856.0,356000.0,35.0,,,,,,2.923686818632309,"1,000-1,500",False,False,31-60 days,2 beds
7000.0,,"1085 Cadence, Irvine, CA 92618",Irvine,92618,33.669582,-117.71499,4.0,3.0,1977.0,CONDO,,1559100.0,4.0,,,,,,3.540718259989884,"1,500-2,500",False,False,0-7 days,4 beds
4400.0,,"42 Sandcastle, Aliso Viejo, CA 92656",Aliso Viejo,92656,33.564026,-117.72209,2.0,2.0,1200.0,CONDO,3547.0,739600.0,26.0,,,,,,3.6666666666666665,"1,000-1,500",False,False,8-30 days,2 beds
2795.0,,"24303 El Pilar #18, Laguna Niguel, CA 92677",Laguna Niguel,92677,33.569435,-117.706215,2.0,1.0,888.0,CONDO,2825.0,552800.0,36.0,,,,,,3.1475225225225225,"700-1,000",False,False,31-60 days,2 beds
2700.0,,"2296 Via Puerta UNIT N, Laguna Woods, CA 92637",Laguna Woods,92637,33.617844,-117.718956,2.0,2.0,1057.0,CONDO,2790.0,340200.0,44.0,-100.0,,,,,2.554399243140965,"1,000-1,500",False,True,31-60 days,2 beds
2600.0,,"2143 Ronda Granada UNIT Q, Laguna Woods, CA 92637",Laguna Woods,92637,33.616817,-117.713005,2.0,2.0,1009.0,CONDO,2593.0,332700.0,41.0,-150.0,,,,,2.576808721506442,"1,000-1,500",False,True,31-60 days,2 beds
9000.0,,"141 Wild Flower, Lake Forest, CA 92630",Lake Forest,92630,33.669613,-117.6659,5.0,5.0,3057.0,SINGLE_FAMILY,6898.0,2881600.0,88.0,-2000.0,,,,,2.944062806673209,"over 2,500",False,True,61-90 days,5+ beds
3300.0,,"139 Briarwood Ln, Aliso Viejo, CA 92656",Aliso Viejo,92656,33.572693,-117.710526,2.0,2.0,966.0,TOWNHOUSE,3159.0,626700.0,12.0,,,,,,3.4161490683229814,"700-1,000",False,False,8-30 days,2 beds
3750.0,,"28081 Montecito UNIT 7, Laguna Niguel, CA 92677",Laguna Niguel,92677,33.55203,-117.67753,3.0,2.0,1037.0,CONDO,4011.0,715000.0,7.0,,,,,,3.6162005785920925,"1,000-1,500",False,False,0-7 days,3 beds
2400.0,,"840 Ronda Sevilla UNIT B, Laguna Woods, CA 92637",Laguna Woods,92637,33.59429,-117.707825,1.0,1.0,1010.0,CONDO,2301.0,353500.0,38.0,,,,,,2.376237623762376,"1,000-1,500",False,False,31-60 days,1 bed
15000.0,,"23 Fawnridge Pl, Aliso Viejo, CA 92656",Aliso Viejo,92656,33.575108,-117.74104,4.0,3.0,3410.0,SINGLE_FAMILY,8709.0,2255700.0,64.0,,,,,,4.39882697947214,"over 2,500",False,False,61-90 days,4 beds
4500.0,,"27972 Gallina, Mission Viejo, CA 92692",Mission Viejo,92692,33.603706,-117.64139,4.0,2.0,1744.0,SINGLE_FAMILY,4707.0,1269500.0,2.0,,,,,,2.580275229357798,"1,500-2,500",False,False,0-7 days,4 beds
7595.0,,"100 Hill, Lake Forest, CA 92630",Lake Forest,92630,33.66643,-117.668434,5.0,6.0,3576.0,SINGLE_FAMILY,8063.0,2629800.0,3.0,,,,,,2.123881431767338,"over 2,500",False,False,0-7 days,5+ beds
15000.0,,"22511 Tindaya, Mission Viejo, CA 92692",Mission Viejo,92692,33.635525,-117.63888,4.0,5.0,3874.0,SINGLE_FAMILY,7505.0,2997700.0,68.0,,,,,,3.8719669592152814,"over 2,500",False,False,61-90 days,4 beds
7500.0,,"25235 Cinnamon Rd, Lake Forest, CA 92630",Lake Forest,92630,33.644325,-117.690704,5.0,3.0,2560.0,SINGLE_FAMILY,6413.0,1342000.0,60.0,-1000.0,,,,,2.9296875,"over 2,500",False,True,31-60 days,5+ beds
6500.0,,"125 Seep, Irvine, CA 92618",Irvine,92618,33.663532,-117.71629,4.0,4.0,2888.0,CONDO,,1790200.0,30.0,,,,,,2.2506925207756234,"over 2,500",False,False,8-30 days,4 beds
16000.0,,"8 Olympic Way, Coto De Caza, CA 92679",Coto De Caza,92679,33.598656,-117.57769,4.0,6.0,4766.0,SINGLE_FAMILY,11499.0,3556600.0,36.0,-2000.0,,,,,3.357112882920688,"over 2,500",False,True,31-60 days,4 beds
5500.0,,"21942 Midcrest Dr, Lake Forest, CA 92630",Lake Forest,92630,33.644333,-117.672646,3.0,2.0,1701.0,SINGLE_FAMILY,5249.0,1218400.0,51.0,,,,,,3.2333921222810114,"1,500-2,500",False,False,31-60 days,3 beds
2600.0,,"606 Avenue Sevilla #C, Laguna Woods, CA 92637",Laguna Woods,92637,33.599163,-117.7072,2.0,2.0,1057.0,CONDO,2784.0,394800.0,46.0,,,,,,2.4597918637653735,"1,000-1,500",False,False,31-60 days,2 beds
2600.0,,"2296 Via Puerta UNIT P, Laguna Woods, CA 92637",Laguna Woods,92637,33.617893,-117.718956,2.0,2.0,1057.0,CONDO,2790.0,372300.0,7.0,,,,,,2.4597918637653735,"1,000-1,500",False,False,0-7 days,2 beds
2500.0,,"26156 La Real APT B, Mission Viejo, CA 92691",Mission Viejo,92691,33.623714,-117.673584,2.0,2.0,693.0,CONDO,2659.0,565300.0,47.0,-150.0,,,,,3.6075036075036073,under 700,False,True,31-60 days,2 beds
11500.0,,"23679 Ridgeway, Mission Viejo, CA 92692",Mission Viejo,92692,33.618782,-117.62837,6.0,5.0,4500.0,SINGLE_FAMILY,7330.0,1943900.0,433.0,2000.0,,,,,2.5555555555555554,"over 2,500",False,False,90+ days,5+ beds
2700.0,,"2049 Via Mariposa E UNIT H, Laguna Woods, CA 92637",Laguna Woods,92637,33.61431,-117.71384,2.0,1.0,866.0,CONDO,2575.0,308900.0,250.0,200.0,,,,,3.1177829099307157,"700-1,000",False,False,90+ days,2 beds
2650.0,,"74 Calle Aragon UNIT A, Laguna Woods, CA 92637",Laguna Woods,92637,33.606506,-117.712105,2.0,1.0,950.0,CONDO,2882.0,343400.0,384.0,350.0,,,,,2.789473684210526,"700-1,000",False,False,90+ days,2 beds
2800.0,,"2090 Ronda Granada UNIT C, Laguna Woods, CA 92637",Laguna Woods,92637,33.61477,-117.71258,2.0,1.0,1075.0,CONDO,2730.0,362000.0,231.0,100.0,,,,,2.604651162790698,"1,000-1,500",False,False,90+ days,2 beds
6000.0,,"28602 Silverton Dr, Laguna Niguel, CA 92677",Laguna Niguel,92677,33.547703,-117.68505,4.0,4.0,2808.0,SINGLE_FAMILY,8275.0,1922400.0,102.0,,,,,,2.1367521367521367,"over 2,500",False,False,90+ days,4 beds
3100.0,,"480 Calle Cadiz UNIT B, Laguna Woods, CA 92637",Laguna Woods,92637,33.603004,-117.714775,2.0,2.0,1324.0,CONDO,3193.0,499200.0,465.0,,,,,,2.3413897280966767,"1,000-1,500",False,False,90+ days,2 beds
1600.0,,"59 Calle Cadiz UNIT B, Laguna Woods, CA 92637",Laguna Woods,92637,33.607082,-117.7147,2.0,2.0,1040.0,MULTI_FAMILY,2640.0,446800.0,27.0,,,,,,1.5384615384615385,"1,000-1,500",False,False,8-30 days,2 beds
2700.0,,"420 Avenue Castilla #B, Laguna Woods, CA 92637",Laguna Woods,92637,33.609234,-117.71835,2.0,1.0,1000.0,CONDO,2738.0,346500.0,476.0,100.0,,,,,2.7,"700-1,000",False,False,90+ days,2 beds
3800.0,,"3103 Via Serena N UNIT A, Laguna Woods, CA 92637",Laguna Woods,92637,33.61571,-117.73658,3.0,2.0,1181.0,CONDO,,621000.0,353.0,550.0,,,,,3.2176121930567314,"1,000-1,500",False,False,90+ days,3 beds
3500.0,,"2257 Via Puerta UNIT U, Laguna Woods, CA 92637",Laguna Woods,92637,33.61794,-117.71733,2.0,2.0,1167.0,APARTMENT,3394.0,570100.0,0.0,,,,,,2.9991431019708656,"1,000-1,500",False,False,0-7 days,2 beds
3100.0,,"Creekside Laguna Apartments, 26112 Laguna Ct #114, Aliso Viejo, CA 92656",Aliso Viejo,92656,33.58334,-117.70836,2.0,2.0,1000.0,APARTMENT,3032.0,,526.0,205.0,,,,,3.1,"700-1,000",False,False,90+ days,2 beds
4500.0,2025-05-20,"26824 Park Terrace Ln, Mission Viejo, CA 92692",Mission Viejo,92692,33.57317,-117.6511,3.0,3.0,1200.0,APARTMENT,,,0.0,,,,,,3.75,"1,000-1,500",False,False,0-7 days,3 beds
5750.0,,"24851 Rollingwood Rd, Lake Forest, CA 92630",Lake Forest,92630,33.637543,-117.696815,5.0,3.0,2611.0,SINGLE_FAMILY,5588.0,1503100.0,64.0,,,,,,2.2022213711221754,"over 2,500",False,False,61-90 days,5+ beds
9500.0,,"28482 Chat Dr, Laguna Niguel, CA 92677",Laguna Niguel,92677,33.548977,-117.71356,4.0,3.0,3163.0,SINGLE_FAMILY,7024.0,1785700.0,114.0,,,,,,3.0034777110338284,"over 2,500",False,False,90+ days,4 beds
2800.0,,"24 Hollyhock Ln #250, Aliso Viejo, CA 92656",Aliso Viejo,92656,33.570328,-117.71046,2.0,1.0,994.0,CONDO,2936.0,621700.0,18.0,-100.0,,,,,2.816901408450704,"700-1,000",False,True,8-30 days,2 beds
40000.0,,"31632 Trigo Trl, Coto De Caza, CA 92679",Coto De Caza,92679,33.626385,-117.57958,7.0,7.0,9500.0,SINGLE_FAMILY,4755.0,6764800.0,64.0,,,,,,4.2105263157894735,"over 2,500",False,False,61-90 days,5+ beds
5500.0,,"307 Chorus, Irvine, CA 92618",Irvine,92618,33.6694,-117.718346,4.0,4.0,2173.0,MULTI_FAMILY,5415.0,,17.0,-500.0,,,,,2.531063046479521,"1,500-2,500",False,True,8-30 days,4 beds
2900.0,,"901 Ronda Sevilla #P, Laguna Woods, CA 92637",Laguna Woods,92637,33.594955,-117.709045,2.0,2.0,1009.0,CONDO,3017.0,405200.0,117.0,,,,,,2.8741328047571852,"1,000-1,500",False,False,90+ days,2 beds
3400.0,,"21195 Country Farm Ln, Trabuco Canyon, CA 92679",Trabuco Canyon,92679,33.65432,-117.57405,2.0,2.0,1200.0,SINGLE_FAMILY,3448.0,978200.0,17.0,,,,,,2.8333333333333335,"1,000-1,500",False,False,8-30 days,2 beds
6000.0,,"20891 Porter Ranch Rd, Trabuco Canyon, CA 92679",Trabuco Canyon,92679,33.65918,-117.56369,4.0,3.0,2267.0,SINGLE_FAMILY,5516.0,1384900.0,21.0,,,,,,2.646669607410675,"1,500-2,500",False,False,8-30 days,4 beds
5800.0,,"9 Spring View Way, Rancho Santa Margarita, CA 92688",Rancho Santa Margarita,92688,33.5861,-117.621895,5.0,3.0,2460.0,SINGLE_FAMILY,5404.0,1454600.0,70.0,,,,,,2.3577235772357725,"1,500-2,500",False,False,61-90 days,5+ beds
3995.0,,"34 Rue Du Chateau, Aliso Viejo, CA 92656",Aliso Viejo,92656,33.557827,-117.72891,3.0,3.0,1311.0,SINGLE_FAMILY,4172.0,955600.0,33.0,-105.0,,,,,3.0472921434019833,"1,000-1,500",False,True,31-60 days,3 beds
2200.0,,"2066 Via Mariposa W #C, Laguna Woods, CA 92637",Laguna Woods,92637,33.614086,-117.71638,1.0,1.0,675.0,CONDO,,239600.0,109.0,-100.0,,,,,3.259259259259259,under 700,False,True,90+ days,1 bed
2600.0,,"279 Avenida Carmel UNIT C, Laguna Woods, CA 92637",Laguna Woods,92637,33.60866,-117.72059,2.0,2.0,850.0,CONDO,,334200.0,123.0,,,,,,3.0588235294117645,"700-1,000",False,False,90+ days,2 beds
7770.0,,"28651 Placida Ave, Laguna Niguel, CA 92677",Laguna Niguel,92677,33.54709,-117.688156,3.0,2.0,2048.0,SINGLE_FAMILY,7392.0,1532400.0,41.0,,,,,,3.7939453125,"1,500-2,500",False,False,31-60 days,3 beds
4580.0,,"22 Sequoia Dr, Aliso Viejo, CA 92656",Aliso Viejo,92656,33.569553,-117.731575,4.0,3.0,2257.0,SINGLE_FAMILY,5313.0,1508900.0,7.0,,,,,,2.0292423571112095,"1,500-2,500",False,False,0-7 days,4 beds
3350.0,,"752 Avenida Majorca UNIT C, Laguna Woods, CA 92637",Laguna Woods,92637,33.5979,-117.715706,2.0,2.0,953.0,CONDO,3023.0,451200.0,150.0,175.0,,,,,3.515215110178384,"700-1,000",False,False,90+ days,2 beds
4300.0,,"21622 Audubon Way, Lake Forest, CA 92630",Lake Forest,92630,33.648373,-117.66047,4.0,3.0,1644.0,SINGLE_FAMILY,4388.0,1245400.0,14.0,,,,,,2.6155717761557176,"1,500-2,500",False,False,8-30 days,4 beds
4000.0,,"21442 Firwood, Lake Forest, CA 92630",Lake Forest,92630,33.651466,-117.68893,3.0,3.0,1526.0,CONDO,3750.0,912900.0,20.0,,,,,,2.6212319790301444,"1,500-2,500",False,False,8-30 days,3 beds
15000.0,,"37 Scarlet Maple Dr, Mission Viejo, CA 92694",Mission Viejo,92694,33.544807,-117.632576,5.0,4.0,3372.0,SINGLE_FAMILY,7157.0,2258700.0,24.0,,,,,,4.448398576512456,"over 2,500",False,False,8-30 days,5+ beds
3400.0,,"2198 Via Mariposa E UNIT D, Laguna Woods, CA 92637",Laguna Woods,92637,33.615726,-117.717674,2.0,2.0,1075.0,CONDO,2818.0,628600.0,183.0,100.0,,,,,3.1627906976744184,"1,000-1,500",False,False,90+ days,2 beds
6500.0,,"209 Shoveler, Irvine, CA 92618",Irvine,92618,33.663513,-117.72098,5.0,4.0,2546.0,SINGLE_FAMILY,,,71.0,,,,,,2.5530243519245874,"over 2,500",False,False,61-90 days,5+ beds
2300.0,,"224 Avenida Majorca #B, Laguna Woods, CA 92637",Laguna Woods,92637,33.603683,-117.70761,2.0,2.0,1009.0,CONDO,2949.0,411200.0,79.0,-300.0,,,,,2.2794846382556986,"1,000-1,500",False,True,61-90 days,2 beds
3200.0,,"532 Via Estrada UNIT G, Laguna Woods, CA 92637",Laguna Woods,92637,33.60215,-117.70883,2.0,1.0,950.0,CONDO,2882.0,385300.0,202.0,-200.0,,,,,3.3684210526315788,"700-1,000",False,True,90+ days,2 beds
4995.0,2025-05-11,"26032 Terra Bella Ave, Laguna Hills, CA 92653",Laguna Hills,92653,33.584175,-117.69182,4.0,3.0,2339.0,SINGLE_FAMILY,5204.0,1536700.0,51.0,-200.0,,,,,2.1355280034202653,"1,500-2,500",False,True,31-60 days,4 beds
4000.0,,"22592 Galilea #24, Mission Viejo, CA 92692",Mission Viejo,92692,33.634865,-117.64331,2.0,2.0,1286.0,CONDO,4356.0,770600.0,170.0,,,,,,3.1104199066874028,"1,000-1,500",False,False,90+ days,2 beds
2600.0,,"46 Calle Aragon UNIT R, Laguna Woods, CA 92637",Laguna Woods,92637,33.606678,-117.712685,2.0,2.0,1040.0,CONDO,2748.0,358800.0,133.0,,,,,,2.5,"1,000-1,500",False,False,90+ days,2 beds
8850.0,,"22501 Birchcrest, Mission Viejo, CA 92692",Mission Viejo,92692,33.63557,-117.63313,4.0,5.0,3620.0,SINGLE_FAMILY,6914.0,2123700.0,353.0,200.0,,,,,2.4447513812154695,"over 2,500",False,False,90+ days,4 beds
3400.0,,"852 Ronda Mendoza #Q, Laguna Woods, CA 92637",Laguna Woods,92637,33.595016,-117.70635,2.0,2.0,1010.0,CONDO,2841.0,386900.0,288.0,,,,,,3.366336633663366,"1,000-1,500",False,False,90+ days,2 beds
3550.0,,"25163 Via Azul, Laguna Niguel, CA 92677",Laguna Niguel,92677,33.556973,-117.69095,3.0,2.0,1587.0,CONDO,3828.0,914800.0,20.0,,,,,,2.236925015752993,"1,500-2,500",False,False,8-30 days,3 beds
10000.0,,"28682 Breckenridge Dr, Laguna Niguel, CA 92677",Laguna Niguel,92677,33.546394,-117.68715,4.0,3.0,2647.0,SINGLE_FAMILY,7799.0,2298500.0,0.0,,,,,,3.7778617302606725,"over 2,500",False,False,0-7 days,4 beds
2750.0,,"41 Calle Aragon UNIT Q, Laguna Woods, CA 92637",Laguna Woods,92637,33.608097,-117.71182,1.0,1.0,770.0,CONDO,2643.0,261500.0,267.0,250.0,,,,,3.5714285714285716,"700-1,000",False,False,90+ days,1 bed
5595.0,,"26082 Serrano Ct #37, Lake Forest, CA 92630",Lake Forest,92630,33.659393,-117.674614,2.0,1.0,902.0,CONDO,3232.0,558600.0,476.0,,,,,,6.2028824833702885,"700-1,000",False,False,90+ days,2 beds
5000.0,,"25102 Camino Del Mar UNIT I, Laguna Niguel, CA 92677",Laguna Niguel,92677,33.553665,-117.69169,2.0,2.0,1046.0,CONDO,3112.0,720200.0,407.0,250.0,,,,,4.780114722753346,"1,000-1,500",False,False,90+ days,2 beds
7000.0,,"35 Zion Dr, Lake Forest, CA 92630",Lake Forest,92630,33.667717,-117.65431,4.0,5.0,3106.0,SINGLE_FAMILY,6847.0,2521300.0,85.0,-500.0,,,,,2.2537025112685125,"over 2,500",False,True,61-90 days,4 beds
2950.0,,"22681 Oakgrove UNIT 317, Aliso Viejo, CA 92656",Aliso Viejo,92656,33.5692,-117.73409,2.0,2.0,1235.0,CONDO,3241.0,729900.0,86.0,-150.0,,,,,2.388663967611336,"1,000-1,500",False,True,61-90 days,2 beds
3500.0,,"3029 Calle Sonora UNIT N, Laguna Woods, CA 92637",Laguna Woods,92637,33.61279,-117.73263,2.0,2.0,1080.0,CONDO,3214.0,593700.0,347.0,200.0,,,,,3.240740740740741,"1,000-1,500",False,False,90+ days,2 beds
3900.0,,"27972 Wentworth, Mission Viejo, CA 92692",Mission Viejo,92692,33.64758,-117.642525,3.0,2.0,1191.0,SINGLE_FAMILY,4097.0,960500.0,125.0,-200.0,,,,,3.27455919395466,"1,000-1,500",False,True,90+ days,3 beds
3100.0,,"3249 San Amadeo UNIT O, Laguna Woods, CA 92637",Laguna Woods,92637,33.604652,-117.74317,2.0,2.0,1079.0,CONDO,2930.0,600900.0,452.0,,,,,,2.873030583873957,"1,000-1,500",False,False,90+ days,2 beds
3400.0,,"546 Via Estrada UNIT A, Laguna Woods, CA 92637",Laguna Woods,92637,33.60234,-117.71142,2.0,2.0,850.0,CONDO,2995.0,383500.0,476.0,,,,,,4.0,"700-1,000",False,False,90+ days,2 beds
3100.0,,"881 Via Mendoza UNIT O, Laguna Woods, CA 92637",Laguna Woods,92637,33.59652,-117.70714,2.0,2.0,1057.0,CONDO,2911.0,411400.0,476.0,100.0,,,,,2.9328287606433303,"1,000-1,500",False,False,90+ days,2 beds
3400.0,,"3015 Via Buena Vis UNIT B, Laguna Woods, CA 92637",Laguna Woods,92637,33.611774,-117.734375,2.0,2.0,1057.0,CONDO,3185.0,476600.0,476.0,,,,,,3.216650898770104,"1,000-1,500",False,False,90+ days,2 beds
3300.0,,"928 Avenue Majorca #O, Laguna Woods, CA 92637",Laguna Woods,92637,33.597015,-117.71043,2.0,2.0,1009.0,CONDO,3046.0,388500.0,476.0,200.0,,,,,3.270564915758176,"1,000-1,500",False,False,90+ days,2 beds
2550.0,,"City Villas, 13061 Lampson Ave, Garden Grove, CA 92840",Garden Grove,92840,33.782654,-117.9049,2.0,2.0,,APARTMENT,,,117.0,,,,,,,,False,False,90+ days,2 beds
2045.0,,"Studio in Santa Ana, 315 E Washington Ave, Santa Ana, CA 92701",Santa Ana,92701,33.755917,-117.8647,0.0,1.0,,APARTMENT,,,218.0,,,,,,,,False,False,90+ days,Studio
2195.0,,"Park Tower, 215 E 15th St #74, Santa Ana, CA 92701",Santa Ana,92701,33.758007,-117.86565,1.0,1.0,539.0,APARTMENT,,,90.0,-155.0,,,,,4.072356215213358,under 700,False,True,61-90 days,1 bed
2100.0,2025-05-15,"Monterey Apartments, 1750 Sherry Ln #64, Santa Ana, CA 92705",Santa Ana,92705,33.761276,-117.84378,1.0,1.0,740.0,APARTMENT,,,83.0,,,,,,2.8378378378378377,"700-1,000",False,False,61-90 days,1 bed
2135.0,2025-07-07,"Somerset Village Apartments, 16631 Alliance Ave APT 7, Tustin, CA 92780",Tustin,92780,33.73708,-117.83706,1.0,1.0,782.0,APARTMENT,2108.0,,49.0,,,,,,2.7301790281329925,"700-1,000",False,False,31-60 days,1 bed
2275.0,,"McFadden Village, 17271 McFadden Ave, Tustin, CA 92780",Tustin,92780,33.73542,-117.82801,1.0,1.0,,APARTMENT,1011.0,,85.0,,,,,,,,False,False,61-90 days,1 bed
1995.0,,"The Trinidad Apartments, 15501 Pasadena Ave #215, Tustin, CA 92780",Tustin,92780,33.738213,-117.83262,1.0,1.0,650.0,APARTMENT,,,131.0,-200.0,,,,,3.0692307692307694,under 700,False,True,90+ days,1 bed
18000.0,2025-05-19,"10272 Overhill Dr, Santa Ana, CA 92705",Santa Ana,92705,33.77194,-117.77026,4.0,5.0,5185.0,SINGLE_FAMILY,8605.0,3710900.0,1.0,,,,,,3.471552555448409,"over 2,500",False,False,0-7 days,4 beds
4750.0,2025-05-24,"1971 Burnt Mill Rd, Tustin, CA 92780",Tustin,92780,33.73586,-117.80212,3.0,2.0,1800.0,SINGLE_FAMILY,4742.0,1350100.0,9.0,,,,,,2.638888888888889,"1,500-2,500",False,False,8-30 days,3 beds
5000.0,2025-06-01,"8118 E Sprucewood Ave, Orange, CA 92869",Orange,92869,33.785343,-117.76675,4.0,3.0,2233.0,SINGLE_FAMILY,4873.0,1449700.0,10.0,,,,,,2.239140170174653,"1,500-2,500",False,False,8-30 days,4 beds
7850.0,,"203 Coal Mine, Irvine, CA 92602",Irvine,92602,33.74764,-117.754745,4.0,5.0,3348.0,SINGLE_FAMILY,8194.0,4776400.0,34.0,,,,,,2.34468339307049,"over 2,500",False,False,31-60 days,4 beds
2700.0,2025-05-14,"120 S Cross Creek Rd UNIT L, Orange, CA 92869",Orange,92869,33.78783,-117.76138,1.0,1.0,531.0,APARTMENT,2429.0,450800.0,7.0,,,,,,5.084745762711864,under 700,False,False,0-7 days,1 bed
6600.0,2025-05-16,"13341 Cromwell Dr, Tustin, CA 92780",Tustin,92780,33.738964,-117.80554,3.0,2.0,1819.0,SINGLE_FAMILY,4205.0,1275100.0,15.0,-1900.0,,,,,3.628367234744365,"1,500-2,500",False,True,8-30 days,3 beds
2350.0,2025-05-01,"329 S Wayfield St, Orange, CA 92866",Orange,92866,33.783886,-117.83316,1.0,1.0,500.0,TOWNHOUSE,,469900.0,98.0,,,,,,4.7,under 700,False,False,90+ days,1 bed
3420.0,,"335 S Wayfield St, Orange, CA 92866",Orange,92866,33.783413,-117.83292,2.0,1.0,1090.0,SINGLE_FAMILY,4264.0,1311200.0,4.0,,,,,,3.1376146788990824,"1,000-1,500",False,False,0-7 days,2 beds
5250.0,2025-06-02,"13032 Ranchwood Rd, Tustin, CA 92782",Tustin,92782,33.738686,-117.79642,4.0,2.0,2054.0,SINGLE_FAMILY,5088.0,1489500.0,20.0,,,,,,2.5559883154819865,"1,500-2,500",False,False,8-30 days,4 beds
3975.0,2025-05-15,"2237 E Madison Ave, Orange, CA 92867",Orange,92867,33.79604,-117.82951,4.0,2.0,1220.0,SINGLE_FAMILY,3640.0,912300.0,4.0,,,,,,3.2581967213114753,"1,000-1,500",False,False,0-7 days,4 beds
6500.0,,"848 S Laurinda Ln, Orange, CA 92869",Orange,92869,33.774006,-117.82256,4.0,3.0,2416.0,SINGLE_FAMILY,6943.0,1618800.0,4.0,-495.0,,,,,2.6903973509933774,"1,500-2,500",False,True,0-7 days,4 beds
3300.0,2025-05-13,"2960 Champion Way, Tustin, CA 92782",Tustin,92782,33.74032,-117.77571,2.0,2.0,1047.0,APARTMENT,2695.0,582000.0,8.0,,,,,,3.151862464183381,"1,000-1,500",False,False,8-30 days,2 beds
10995.0,2025-05-16,"116 Homecoming, Irvine, CA 92602",Irvine,92602,33.744534,-117.7597,5.0,5.0,5142.0,SINGLE_FAMILY,8164.0,4766300.0,7.0,,,,,,2.1382730455075847,"over 2,500",False,False,0-7 days,5+ beds
3700.0,2025-05-01,"2630 Dunstan Dr, Tustin, CA 92782",Tustin,92782,33.75593,-117.76732,2.0,2.0,1153.0,TOWNHOUSE,3361.0,747300.0,43.0,-50.0,,,,,3.209019947961839,"1,000-1,500",False,True,31-60 days,2 beds
6150.0,2025-06-21,"10 Valente, Irvine, CA 92602",Irvine,92602,33.734283,-117.77964,5.0,4.0,3103.0,SINGLE_FAMILY,7010.0,2251700.0,5.0,,,,,,1.9819529487592653,"over 2,500",False,False,0-7 days,5+ beds
2095.0,2025-05-26,"oak330-36, 330-36 N Oak St #330, Orange, CA 92867",Orange,92867,33.791225,-117.83426,1.0,1.0,700.0,APARTMENT,,,13.0,,,,,,2.992857142857143,under 700,False,False,8-30 days,1 bed
8500.0,2025-05-01,"14511 Clarissa Ln, Tustin, CA 92780",Tustin,92780,33.752644,-117.8131,3.0,2.0,1684.0,SINGLE_FAMILY,5077.0,1265000.0,39.0,,,,,,5.04750593824228,"1,500-2,500",False,False,31-60 days,3 beds
2200.0,,"535 N. Tustin Ave, 535 N Tustin Ave #E, Santa Ana, CA 92705",Santa Ana,92705,33.750854,-117.83316,1.0,1.0,704.0,APARTMENT,,,14.0,,,,,,3.125,"700-1,000",False,False,8-30 days,1 bed
11000.0,2025-05-20,"10 Hawkeye, Irvine, CA 92602",Irvine,92602,33.7457,-117.76303,5.0,5.0,3851.0,SINGLE_FAMILY,8187.0,4061000.0,0.0,,,,,,2.856400934822124,"over 2,500",False,False,0-7 days,5+ beds
3900.0,2025-05-19,"1109 E 1st St, Tustin, CA 92780",Tustin,92780,33.74459,-117.81238,3.0,2.0,1303.0,SINGLE_FAMILY,3852.0,786200.0,1.0,,,,,,2.9930928626247124,"1,000-1,500",False,False,0-7 days,3 beds
7900.0,2025-06-17,"53 Quarter Horse, Irvine, CA 92602",Irvine,92602,33.737286,-117.75596,4.0,5.0,2753.0,SINGLE_FAMILY,2699.0,2879500.0,1.0,,,,,,2.869596803487105,"over 2,500",False,False,0-7 days,4 beds
2350.0,2025-05-20,"(undisclosed Address), Tustin, CA 92780",Tustin,92780,,,1.0,1.0,500.0,APARTMENT,2307.0,1654300.0,17.0,-50.0,,,,,4.7,under 700,False,True,8-30 days,1 bed
7500.0,2025-05-13,"1481 Lance Dr, Tustin, CA 92780",Tustin,92780,33.73846,-117.810875,4.0,2.0,1752.0,SINGLE_FAMILY,4862.0,1148700.0,7.0,,,,,,4.280821917808219,"1,500-2,500",False,False,0-7 days,4 beds
7400.0,2025-06-29,"4720 E Washington Ave, Orange, CA 92869",Orange,92869,33.785313,-117.803154,3.0,2.0,1369.0,SINGLE_FAMILY,3623.0,926100.0,22.0,,,,,,5.405405405405405,"1,000-1,500",False,False,8-30 days,3 beds
2050.0,2025-05-17,"(undisclosed Address), Tustin, CA 92780",Tustin,92780,,,1.0,1.0,470.0,APARTMENT,1888.0,,6.0,,,,,,4.361702127659575,under 700,False,False,0-7 days,1 bed
4500.0,2025-05-15,"230 N Dunas St, Orange, CA 92869",Orange,92869,33.790268,-117.81716,3.0,2.0,2080.0,SINGLE_FAMILY,4778.0,1186000.0,5.0,,,,,,2.1634615384615383,"1,500-2,500",False,False,0-7 days,3 beds
2825.0,2025-06-01,"Ocean Air, 7811 Talbert Ave #13-41, Huntington Beach, CA 92648",Huntington Beach,92648,33.702293,-117.99174,2.0,1.0,950.0,APARTMENT,,,18.0,,,,,,2.973684210526316,"700-1,000",True,False,8-30 days,2 beds
2345.0,2025-05-21,"Florida Gardens, 18832 Florida St APT 31, Huntington Beach, CA 92648",Huntington Beach,92648,33.688824,-117.990425,1.0,1.0,850.0,APARTMENT,,,0.0,,,,,,2.7588235294117647,"700-1,000",True,False,0-7 days,1 bed
2552.0,,"Villa Pacific Townhomes, 14452 Goldenwest St, Westminster, CA 92683",Westminster,92683,33.75251,-118.00688,2.0,2.0,1300.0,APARTMENT,2799.0,,621.0,-105.0,,,,,1.9630769230769232,"1,000-1,500",False,True,90+ days,2 beds
2865.0,2025-05-14,"Huntington Creek, 8211 San Angelo Dr #H11, Huntington Beach, CA 92647",Huntington Beach,92647,33.727856,-117.98357,2.0,2.0,1075.0,APARTMENT,,,21.0,,,,,,2.6651162790697676,"1,000-1,500",True,False,8-30 days,2 beds
2510.0,2025-06-09,"Pine Village Apartments, 7972 Lampson Ave #31, Garden Grove, CA 92841",Garden Grove,92841,33.780407,-117.99419,2.0,1.0,880.0,APARTMENT,2506.0,,14.0,,,,,,2.852272727272727,"700-1,000",False,False,8-30 days,2 beds
3475.0,,"The Bungalows Apartment Homes, 11050 Cynthia Cir, Garden Grove, CA 92843",Garden Grove,92843,33.762302,-117.93654,3.0,2.0,,APARTMENT,,,137.0,,,,,,,,False,False,90+ days,3 beds
2700.0,2025-05-12,"Garden View Terrace, 14152 Flower St TOWNHOME GARDEN, Garden Grove, CA 92843",Garden Grove,92843,33.757523,-117.95242,2.0,2.0,1075.0,APARTMENT,,,89.0,25.0,,,,,2.511627906976744,"1,000-1,500",False,False,61-90 days,2 beds
2159.0,,"Orange County - Huntington Beach, 5050 Skylab Rd, Huntington Beach, CA 92647",Huntington Beach,92647,33.74781,-118.041016,0.0,1.0,300.0,APARTMENT,,,13.0,,,,,,7.196666666666666,under 700,True,False,8-30 days,Studio
2895.0,,"Huntington Harbour Villas, 4922 Edinger Ave #D7, Huntington Beach, CA 92649",Huntington Beach,92649,33.729294,-118.043,2.0,2.0,1050.0,APARTMENT,2880.0,,113.0,45.0,,,,,2.757142857142857,"1,000-1,500",True,False,90+ days,2 beds
2550.0,,"Villa Monterey, 12562 Nelson St, Garden Grove, CA 92840",Garden Grove,92840,33.780323,-117.94485,1.0,1.0,800.0,APARTMENT,,,127.0,,,,,,3.1875,"700-1,000",False,False,90+ days,1 bed
2300.0,,"The Retreat at Midway City, 7780 Bolsa Ave, Midway City, CA 92655",Midway City,92655,33.744408,-117.99322,1.0,1.0,662.0,APARTMENT,,,300.0,-150.0,,,,,3.474320241691843,under 700,False,True,90+ days,1 bed
2272.0,2025-07-07,"Courtyard Apartments at La Pat Place, 13872 La Pat Pl #4, Westminster, CA 92683",Westminster,92683,33.760754,-118.0143,1.0,1.0,700.0,APARTMENT,2120.0,,12.0,,,,,,3.2457142857142856,under 700,False,False,8-30 days,1 bed
2400.0,,"Lampson Gardens, 7932 Lampson Ave APT 7, Garden Grove, CA 92841",Garden Grove,92841,33.780403,-117.99476,2.0,1.0,938.0,APARTMENT,2476.0,,65.0,,,,,,2.55863539445629,"700-1,000",False,False,61-90 days,2 beds
1995.0,,"8331 Lampson Avenue, 8331 Lampson Ave #12, Garden Grove, CA 92841",Garden Grove,92841,33.78146,-117.987114,1.0,1.0,691.0,APARTMENT,,,91.0,,,,,,2.8871201157742403,under 700,False,False,90+ days,1 bed
2150.0,2025-07-07,"Sandpointe, 2810 17th St #2-121, Huntington Beach, CA 92648",Huntington Beach,92648,33.682575,-117.99256,1.0,1.0,825.0,APARTMENT,,,12.0,50.0,,,,,2.606060606060606,"700-1,000",True,False,8-30 days,1 bed
1890.0,2025-05-28,"The Springdale, 16072 Springdale St #F-136, Huntington Beach, CA 92649",Huntington Beach,92649,33.728783,-118.023544,1.0,1.0,480.0,APARTMENT,,,31.0,-75.0,,,,,3.9375,under 700,True,True,31-60 days,1 bed
4295.0,,"South Coast Fountains, 739 Paularino Ave, Costa Mesa, CA 92626",Costa Mesa,92626,33.681755,-117.887085,3.0,2.0,1600.0,APARTMENT,,,55.0,600.0,,,,,2.684375,"1,500-2,500",False,False,31-60 days,3 beds
2695.0,,"2709 Baker St., 2709 S Baker St #C, Santa Ana, CA 92707",Santa Ana,92707,33.70938,-117.88312,2.0,2.0,990.0,APARTMENT,,,136.0,-100.0,,,,,2.7222222222222223,"700-1,000",False,True,90+ days,2 beds
3700.0,2025-06-10,"Plaza Townhomes, 811 Paularino Ave #H, Costa Mesa, CA 92626",Costa Mesa,92626,33.68216,-117.8903,2.0,1.0,1300.0,APARTMENT,2977.0,,81.0,100.0,,,,,2.8461538461538463,"1,000-1,500",False,False,61-90 days,2 beds
2550.0,2025-06-15,"13101 Benton St, 13101 Benton St APT C5, Garden Grove, CA 92843",Garden Grove,92843,33.772484,-117.946945,2.0,2.0,1000.0,APARTMENT,2503.0,,21.0,55.0,,,,,2.55,"700-1,000",False,False,8-30 days,2 beds
3150.0,2025-06-27,"13112 Cypress St, 13112 Cypress St #13118, Garden Grove, CA 92843",Garden Grove,92843,33.772476,-117.94793,3.0,2.0,1600.0,APARTMENT,,,35.0,100.0,,,,,1.96875,"1,500-2,500",False,False,31-60 days,3 beds
2125.0,2025-05-20,"8132 Orangewood Ave, Stanton, CA 90680",Stanton,90680,33.79565,-117.99025,1.0,1.0,600.0,APARTMENT,,,0.0,,,,,,3.5416666666666665,under 700,False,False,0-7 days,1 bed
5625.0,2025-05-20,"19228 Seabrook Ln, Huntington Beach, CA 92648",Huntington Beach,92648,33.68209,-118.02589,3.0,3.0,2065.0,TOWNHOUSE,5477.0,1327000.0,0.0,,,,,,2.723970944309927,"1,500-2,500",True,False,0-7 days,3 beds
5200.0,2025-05-20,"11942 Kensington Rd, Los Alamitos, CA 90720",Los Alamitos,90720,33.788948,-118.086815,3.0,2.0,1450.0,SINGLE_FAMILY,5229.0,1165300.0,0.0,,,,,,3.586206896551724,"1,000-1,500",False,False,0-7 days,3 beds
4295.0,2025-07-01,"203 Venice Ave #1, Huntington Beach, CA 92648",Huntington Beach,92648,33.676907,-117.99655,3.0,3.0,1400.0,TOWNHOUSE,3963.0,927000.0,1.0,,,,,,3.067857142857143,"1,000-1,500",True,False,0-7 days,3 beds
2300.0,2025-05-02,"7522 Amazon Dr APT 4, Huntington Beach, CA 92647",Huntington Beach,92647,33.72669,-117.99753,1.0,1.0,725.0,APARTMENT,2273.0,,18.0,,,,,,3.1724137931034484,"700-1,000",True,False,8-30 days,1 bed
1950.0,,"507 19th St #2, Huntington Beach, CA 92648",Huntington Beach,92648,33.669807,-118.01056,0.0,1.0,480.0,APARTMENT,,,0.0,,,,,,4.0625,under 700,True,False,0-7 days,Studio
3350.0,2025-05-12,"16884 Sims Ln #12A-4, Huntington Beach, CA 92649",Huntington Beach,92649,33.716576,-118.04733,2.0,2.0,950.0,APARTMENT,,,10.0,,,,,,3.526315789473684,"700-1,000",True,False,8-30 days,2 beds
3995.0,2025-05-14,"11C Pacific Ave, Surfside, CA 90743",Surfside,90743,33.72424,-118.07858,2.0,1.0,724.0,SINGLE_FAMILY,,,6.0,,,,,,5.517955801104972,"700-1,000",True,False,0-7 days,2 beds
4600.0,2025-05-06,"20041 Waterford Ln, Huntington Beach, CA 92646",Huntington Beach,92646,33.67119,-117.984505,3.0,2.0,1535.0,APARTMENT,4017.0,1019300.0,14.0,-100.0,,,,,2.996742671009772,"1,500-2,500",True,True,8-30 days,3 beds
5800.0,2025-05-15,"10422 Circulo De Zapata, Fountain Valley, CA 92708",Fountain Valley,92708,33.71334,-117.946815,4.0,5.0,3084.0,SINGLE_FAMILY,5709.0,1900700.0,5.0,,,,,,1.880674448767834,"over 2,500",False,False,0-7 days,4 beds
3800.0,,"5166 Dunbar Dr APT A, Huntington Beach, CA 92649",Huntington Beach,92649,33.713917,-118.03814,3.0,2.0,1538.0,APARTMENT,3519.0,,4.0,,,,,,2.4707412223667102,"1,500-2,500",True,False,0-7 days,3 beds
6500.0,2025-05-15,"17156 Edgewater Ln, Huntington Beach, CA 92649",Huntington Beach,92649,33.71315,-118.05272,4.0,4.0,2369.0,SINGLE_FAMILY,6830.0,2471500.0,10.0,,,,,,2.743773744195863,"1,500-2,500",True,False,8-30 days,4 beds
2895.0,2025-05-15,"17412 Dairyview Cir #B-2, Huntington Beach, CA 92647",Huntington Beach,92647,33.70962,-117.99476,2.0,2.0,1000.0,APARTMENT,,,5.0,,,,,,2.895,"700-1,000",True,False,0-7 days,2 beds
2495.0,2025-05-08,"17372 Dairyview Cir #D, Huntington Beach, CA 92647",Huntington Beach,92647,33.71013,-117.99477,1.0,1.0,1000.0,APARTMENT,,,12.0,-100.0,,,,,2.495,"700-1,000",True,True,8-30 days,1 bed
4000.0,2025-06-01,"4618 W Roy Cir #2, Santa Ana, CA 92704",Santa Ana,92704,33.74373,-117.930664,4.0,2.0,1200.0,APARTMENT,,,16.0,,,,,,3.3333333333333335,"1,000-1,500",False,False,8-30 days,4 beds
2600.0,2025-05-02,"16141 Malaga Ln APT F, Huntington Beach, CA 92647",Huntington Beach,92647,33.727997,-117.986824,2.0,1.0,1100.0,APARTMENT,2702.0,,31.0,-95.0,,,,,2.3636363636363638,"1,000-1,500",True,True,31-60 days,2 beds
3950.0,2025-05-17,"109 Lantana Dr, Stanton, CA 90680",Stanton,90680,33.778053,-117.99412,3.0,3.0,1344.0,APARTMENT,,,56.0,-50.0,,,,,2.9389880952380953,"1,000-1,500",False,True,31-60 days,3 beds
3300.0,2025-06-01,"18642 Libra Cir APT 3, Huntington Beach, CA 92646",Huntington Beach,92646,33.692085,-117.98697,2.0,2.0,,APARTMENT,,,37.0,,,,,,,,True,False,31-60 days,2 beds
18000.0,,"6572 Horseshoe Ln, Huntington Beach, CA 92648",Huntington Beach,92648,33.692116,-118.01374,5.0,5.0,5352.0,SINGLE_FAMILY,8570.0,3997000.0,0.0,,,,,,3.3632286995515694,"over 2,500",True,False,0-7 days,5+ beds
3200.0,,"SMO18861, 18861 Smokewood Cir APT 3, Huntington Beach, CA 92646",Huntington Beach,92646,33.6886,-117.98752,3.0,2.0,,APARTMENT,3480.0,1199000.0,0.0,,,,,,,,True,False,0-7 days,3 beds
2625.0,2025-06-05,"504 Clay Apartments, 504 Clay Ave APT 4, Huntington Beach, CA 92648",Huntington Beach,92648,33.682804,-117.99283,2.0,2.0,1000.0,APARTMENT,2681.0,,3.0,,,,,,2.625,"700-1,000",True,False,0-7 days,2 beds
8000.0,,"20172 McKinley Ln, Huntington Beach, CA 92646",Huntington Beach,92646,33.66973,-117.959236,3.0,2.0,1500.0,SINGLE_FAMILY,4652.0,1385100.0,1.0,,,,,,5.333333333333333,"1,000-1,500",True,False,0-7 days,3 beds
2750.0,2025-05-11,"2124 S Cindy Pl APT A, Anaheim, CA 92802",Anaheim,92802,33.79492,-117.9394,2.0,2.0,1100.0,APARTMENT,3053.0,,33.0,,,,,,2.5,"1,000-1,500",False,False,31-60 days,2 beds
4900.0,2025-05-08,"6502 Shenlyn Dr, Huntington Beach, CA 92647",Huntington Beach,92647,33.709194,-118.014915,4.0,2.0,1438.0,SINGLE_FAMILY,4598.0,1243700.0,12.0,-300.0,,,,,3.407510431154381,"1,000-1,500",True,True,8-30 days,4 beds
5500.0,,"9446 Gardenia Ave, Fountain Valley, CA 92708",Fountain Valley,92708,33.721626,-117.964165,4.0,2.0,2100.0,SINGLE_FAMILY,6563.0,1429400.0,28.0,,,,,,2.619047619047619,"1,500-2,500",False,False,8-30 days,4 beds
2650.0,,"Woodside Garden Apartments, 1071 Walnut Ave, Tustin, CA 92780",Tustin,92780,33.732098,-117.826584,2.0,1.0,980.0,APARTMENT,,,36.0,,,,,,2.704081632653061,"700-1,000",False,False,31-60 days,2 beds
2575.0,2025-05-10,"10592 Stanford Ave #1, Garden Grove, CA 92840",Garden Grove,92840,33.777374,-117.948166,3.0,1.0,1291.0,APARTMENT,,,13.0,,,,,,1.994577846630519,"1,000-1,500",False,False,8-30 days,3 beds
2545.0,2025-04-25,"5534 Yuba Ave, Westminster, CA 92683",Westminster,92683,33.76543,-118.032936,2.0,1.0,,TOWNHOUSE,,791800.0,25.0,-50.0,,,,,,,False,True,8-30 days,2 beds
1795.0,2025-05-30,"9712-22A, 9712-9722 Alwood Ave #9722-12, Garden Grove, CA 92841",Garden Grove,92841,33.787193,-117.96488,1.0,1.0,,APARTMENT,,,3.0,,,,,,,,False,False,0-7 days,1 bed
4100.0,,"9313 Marchand Ave, Garden Grove, CA 92841",Garden Grove,92841,33.793503,-117.97116,3.0,3.0,1200.0,SINGLE_FAMILY,,952500.0,34.0,-200.0,,,,,3.4166666666666665,"1,000-1,500",False,True,31-60 days,3 beds
8799.0,,"326 22nd St, Huntington Beach, CA 92648",Huntington Beach,92648,33.669937,-118.013824,4.0,3.0,1910.0,SINGLE_FAMILY,6217.0,1736200.0,36.0,-1.0,,,,,4.606806282722513,"1,500-2,500",True,True,31-60 days,4 beds
2900.0,2025-04-30,"(undisclosed Address), Garden Grove, CA 92841",Garden Grove,92841,,,2.0,1.0,700.0,SINGLE_FAMILY,,723300.0,29.0,50.0,,,,,4.142857142857143,under 700,False,False,8-30 days,2 beds
1895.0,2025-06-01,"14261 Edwards St APT 5, Westminster, CA 92683",Westminster,92683,33.75489,-118.016174,1.0,1.0,,APARTMENT,,,19.0,,,,,,,,False,False,8-30 days,1 bed
4300.0,2025-05-21,"15132 Tungwood St, Westminster, CA 92683",Westminster,92683,33.74273,-117.98122,4.0,2.0,1680.0,SINGLE_FAMILY,4232.0,1153400.0,5.0,,,,,,2.5595238095238093,"1,500-2,500",False,False,0-7 days,4 beds
3800.0,2025-06-01,"16901 Lynn Ln APT 204, Huntington Beach, CA 92649",Huntington Beach,92649,33.716156,-118.0469,2.0,2.0,1261.0,SINGLE_FAMILY,3119.0,792900.0,3.0,,,,,,3.013481363996828,"1,000-1,500",True,False,0-7 days,2 beds
1950.0,,"12542 Orrway Dr APT 4, Garden Grove, CA 92841",Garden Grove,92841,33.780415,-117.9953,1.0,1.0,670.0,APARTMENT,2173.0,,50.0,,,,,,2.91044776119403,under 700,False,False,31-60 days,1 bed
4000.0,2025-05-08,"14382 Joyce Ave, Westminster, CA 92683",Westminster,92683,33.753357,-117.995575,4.0,2.0,1392.0,SINGLE_FAMILY,2833.0,957600.0,12.0,,,,,,2.8735632183908044,"1,000-1,500",False,False,8-30 days,4 beds
3095.0,,"7911 23rd St, Westminster, CA 92683",Westminster,92683,33.765293,-117.99117,3.0,2.0,1160.0,APARTMENT,3084.0,,47.0,,,,,,2.668103448275862,"1,000-1,500",False,False,31-60 days,3 beds
2850.0,2025-05-01,"7301 Elk Cir APT 3, Huntington Beach, CA 92647",Huntington Beach,92647,33.71639,-118.00122,2.0,2.0,1000.0,APARTMENT,2816.0,,34.0,-100.0,,,,,2.85,"700-1,000",True,True,31-60 days,2 beds
2495.0,2025-06-04,"Beautiful 2 Bedroom Apartment in Westminster, 13750 La Pat Pl, Westminster, CA 92683",Westminster,92683,33.76254,-118.01428,2.0,1.0,,APARTMENT,,,13.0,,,,,,,,False,False,8-30 days,2 beds
3600.0,2025-05-14,"7732 Encinas Cir, Westminster, CA 92683",Westminster,92683,33.765553,-117.9944,3.0,2.0,1057.0,SINGLE_FAMILY,3724.0,898600.0,6.0,,,,,,3.4058656575212867,"1,000-1,500",False,False,0-7 days,3 beds
2095.0,,"7902 Holt Ave., 7902 Holt Dr #2, Huntington Beach, CA 92647",Huntington Beach,92647,33.72612,-117.990685,1.0,1.0,,APARTMENT,,,7.0,,,,,,,,True,False,0-7 days,1 bed
1949.0,2025-05-13,"12222 Peacock Ct, Garden Grove, CA 92841",Garden Grove,92841,33.785152,-117.96273,1.0,1.0,700.0,APARTMENT,2621.0,,9.0,,,,,,2.7842857142857143,under 700,False,False,8-30 days,1 bed
2700.0,2025-05-01,"2110 Florida St APT D, Huntington Beach, CA 92648",Huntington Beach,92648,33.67632,-117.9905,2.0,1.0,897.0,APARTMENT,2703.0,,36.0,-50.0,,,,,3.0100334448160537,"700-1,000",True,True,31-60 days,2 beds
2300.0,2025-05-12,"san304, 304 S Newhope St #8, Santa Ana, CA 92704",Santa Ana,92704,33.742683,-117.92875,2.0,2.0,,APARTMENT,2013.0,,7.0,,,,,,,,False,False,0-7 days,2 beds
2975.0,2025-04-20,"209 Toronto Ave UNIT 3, Huntington Beach, CA 92648",Huntington Beach,92648,33.675095,-117.99626,2.0,3.0,,APARTMENT,3280.0,,12.0,-125.0,,,,,,,True,True,8-30 days,2 beds
5200.0,2025-06-07,"17761 Quintana Ln, Huntington Beach, CA 92647",Huntington Beach,92647,33.70426,-118.012276,4.0,2.0,1776.0,SINGLE_FAMILY,4799.0,1413400.0,44.0,,,,,,2.9279279279279278,"1,500-2,500",True,False,31-60 days,4 beds
3795.0,2025-06-15,"5542 Rochelle Ave, Westminster, CA 92683",Westminster,92683,33.761116,-118.03291,4.0,2.0,1600.0,SINGLE_FAMILY,4205.0,979200.0,3.0,,,,,,2.371875,"1,500-2,500",False,False,0-7 days,4 beds
2900.0,,"11620 Warner Ave #0, Fountain Valley, CA 92708",Fountain Valley,92708,33.71563,-117.92642,2.0,2.0,1040.0,APARTMENT,,,62.0,,,,,,2.7884615384615383,"1,000-1,500",False,False,61-90 days,2 beds
5695.0,,"1719 Florida St, Huntington Beach, CA 92648",Huntington Beach,92648,33.67299,-117.991104,3.0,2.0,1630.0,SINGLE_FAMILY,4742.0,1220300.0,31.0,,,,,,3.4938650306748467,"1,500-2,500",True,False,31-60 days,3 beds
3200.0,2025-05-01,"12400 Montecito Rd, Seal Beach, CA 90740",Seal Beach,90740,33.78302,-118.075806,2.0,2.0,1105.0,APARTMENT,3315.0,,29.0,,,,,,2.8959276018099547,"1,000-1,500",True,False,8-30 days,2 beds
5795.0,,"(undisclosed Address), Huntington Beach, CA 92647",Huntington Beach,92647,,,5.0,4.0,2951.0,SINGLE_FAMILY,6126.0,1657800.0,94.0,-200.0,,,,,1.9637411047102677,"over 2,500",True,True,90+ days,5+ beds
7500.0,,"409 21st St, Huntington Beach, CA 92648",Huntington Beach,92648,33.670166,-118.01301,3.0,3.0,2200.0,SINGLE_FAMILY,6911.0,1951600.0,77.0,,,,,,3.409090909090909,"1,500-2,500",True,False,61-90 days,3 beds
2495.0,2025-06-10,"Beach, 18742 Beach Blvd APT C, Huntington Beach, CA 92648",Huntington Beach,92648,33.69025,-117.98728,2.0,1.0,,APARTMENT,2366.0,,10.0,,,,,,,,True,False,8-30 days,2 beds
5500.0,2025-05-01,"19372 Mauna Ln, Huntington Beach, CA 92646",Huntington Beach,92646,33.681244,-117.951775,4.0,2.0,1288.0,SINGLE_FAMILY,5256.0,1163400.0,39.0,,,,,,4.270186335403727,"1,000-1,500",True,False,31-60 days,4 beds
1865.0,,"12601 Kensington Ln #8A, Garden Grove, CA 92840",Garden Grove,92840,33.779804,-117.9503,1.0,1.0,,APARTMENT,,,14.0,-40.0,,,,,,,False,True,8-30 days,1 bed
4900.0,,"(undisclosed Address), Los Alamitos, CA 90720",Los Alamitos,90720,,,4.0,2.0,1800.0,SINGLE_FAMILY,6150.0,1420600.0,48.0,,,,,,2.7222222222222223,"1,500-2,500",False,False,31-60 days,4 beds
4600.0,2025-05-13,"8941 Mint Ave, Westminster, CA 92683",Westminster,92683,33.728107,-117.97312,5.0,4.0,2357.0,SINGLE_FAMILY,4875.0,1445700.0,8.0,,,,,,1.9516334323292321,"1,500-2,500",False,False,8-30 days,5+ beds
3795.0,,"17038 Bluewater Ln, Huntington Beach, CA 92649",Huntington Beach,92649,33.714973,-118.064926,2.0,2.0,1330.0,APARTMENT,2635.0,,50.0,-180.0,,,,,2.8533834586466167,"1,000-1,500",True,True,31-60 days,2 beds
3000.0,2025-05-12,"15886 Indies Ct, Fountain Valley, CA 92708",Fountain Valley,92708,33.732407,-117.939995,2.0,2.0,1152.0,TOWNHOUSE,2930.0,654200.0,8.0,,,,,,2.6041666666666665,"1,000-1,500",False,False,8-30 days,2 beds
7400.0,2025-04-30,"11122 Blue Allium Ave, Fountain Valley, CA 92708",Fountain Valley,92708,33.725613,-117.93512,4.0,3.0,2280.0,SINGLE_FAMILY,7147.0,1453000.0,20.0,,,,,,3.245614035087719,"1,500-2,500",False,False,8-30 days,4 beds
2700.0,2025-06-10,"Toulouse 7242, 7242 Toulouse Dr APT 3, Huntington Beach, CA 92647",Huntington Beach,92647,33.716843,-118.002075,2.0,2.0,,APARTMENT,2533.0,,10.0,,,,,,,,True,False,8-30 days,2 beds
3600.0,2025-05-17,"19089 Holly Ln, Huntington Beach, CA 92648",Huntington Beach,92648,33.685394,-118.000244,2.0,3.0,934.0,TOWNHOUSE,3470.0,733300.0,22.0,-200.0,,,,,3.854389721627409,"700-1,000",True,True,8-30 days,2 beds
3595.0,2025-05-12,"2502 Huntington St #9, Huntington Beach, CA 92648",Huntington Beach,92648,33.679543,-117.994835,2.0,3.0,,TOWNHOUSE,3436.0,990000.0,8.0,,,,,,,,True,False,8-30 days,2 beds
4600.0,2025-06-07,"Pacific Ave, 16328-16332 N Pacific Ave #B, Sunset Beach, CA 90742",Sunset Beach,90742,33.714806,-118.06778,2.0,3.0,1204.0,APARTMENT,3792.0,,7.0,,,,,,3.820598006644518,"1,000-1,500",True,False,0-7 days,2 beds
3000.0,,"1330 Oakmont Rd #144F, Seal Beach, CA 90740",Seal Beach,90740,33.768837,-118.08966,2.0,1.0,1200.0,APARTMENT,,,83.0,-600.0,,,,,2.5,"1,000-1,500",True,True,61-90 days,2 beds
2595.0,,"16531 Kellog Cir APT 3, Huntington Beach, CA 92647",Huntington Beach,92647,33.72226,-118.00501,2.0,2.0,900.0,APARTMENT,2750.0,,57.0,-155.0,,,,,2.8833333333333333,"700-1,000",True,True,31-60 days,2 beds
7700.0,,"19352 Beckonridge Ln, Huntington Beach, CA 92648",Huntington Beach,92648,33.68174,-118.0135,4.0,3.0,2800.0,SINGLE_FAMILY,6802.0,2979500.0,83.0,,,,,,2.75,"over 2,500",True,False,61-90 days,4 beds
4500.0,,"8405 Sweetwater Cir, Huntington Beach, CA 92646",Huntington Beach,92646,33.698215,-117.9819,4.0,3.0,1740.0,SINGLE_FAMILY,4639.0,1091600.0,46.0,-250.0,,,,,2.586206896551724,"1,500-2,500",True,True,31-60 days,4 beds
2750.0,,"Knollwood Bailey Villas, 11871-11971 Bailey St #911-A, Garden Grove, CA 92845",Garden Grove,92845,33.787193,-118.032104,2.0,2.0,,APARTMENT,,,82.0,-50.0,,,,,,,False,True,61-90 days,2 beds
2395.0,,"Warner7561-7571, 7561-7571 Warner Ave #7571B, Huntington Beach, CA 92647",Huntington Beach,92647,33.71542,-118.018074,2.0,2.0,900.0,APARTMENT,2773.0,,74.0,-100.0,,,,,2.661111111111111,"700-1,000",True,True,61-90 days,2 beds
2200.0,,"1320 Ocean Ave #3, Seal Beach, CA 90740",Seal Beach,90740,33.737473,-118.10175,1.0,1.0,,APARTMENT,2478.0,,77.0,-100.0,,,,,,,True,True,61-90 days,1 bed
2000.0,,"350 12th St #2, Seal Beach, CA 90740",Seal Beach,90740,33.742115,-118.10031,1.0,1.0,,APARTMENT,2194.0,,90.0,-100.0,,,,,,,True,True,61-90 days,1 bed
2100.0,,"350 12th St APT 4, Seal Beach, CA 90740",Seal Beach,90740,33.74211,-118.1003,1.0,1.0,,APARTMENT,2075.0,,83.0,-100.0,,,,,,,True,True,61-90 days,1 bed
2395.0,2025-05-16,"QUEENS17412, 17412 Queens Ln #1, Huntington Beach, CA 92647",Huntington Beach,92647,33.709427,-117.991554,2.0,1.0,850.0,APARTMENT,,,53.0,-100.0,,,,,2.8176470588235296,"700-1,000",True,True,31-60 days,2 beds
2650.0,,"13053 Benton St, Garden Grove, CA 92843",Garden Grove,92843,33.773403,-117.94667,2.0,2.0,1260.0,APARTMENT,2276.0,,104.0,-100.0,,,,,2.1031746031746033,"1,000-1,500",False,True,90+ days,2 beds
4095.0,,"12192 Carthay Cir, Garden Grove, CA 92841",Garden Grove,92841,33.785473,-117.96536,4.0,2.0,1982.0,SINGLE_FAMILY,4056.0,1070200.0,31.0,,,,,,2.0660948536831483,"1,500-2,500",False,False,31-60 days,4 beds
2250.0,,"9182 Tristan Dr, Garden Grove, CA 92841",Garden Grove,92841,33.790443,-117.97214,1.0,1.0,400.0,SINGLE_FAMILY,2099.0,1047700.0,118.0,-100.0,,,,,5.625,under 700,False,True,90+ days,1 bed
4295.0,,"6972 Canterbury Dr, Huntington Beach, CA 92647",Huntington Beach,92647,33.74141,-118.00721,4.0,2.0,1375.0,SINGLE_FAMILY,,1102800.0,98.0,-200.0,,,,,3.1236363636363635,"1,000-1,500",True,True,90+ days,4 beds
2375.0,,"NOC T 13751, 13751 Cherry St APT 3, Westminster, CA 92683",Westminster,92683,33.762566,-118.00363,2.0,1.0,800.0,APARTMENT,2467.0,,120.0,,,,,,2.96875,"700-1,000",False,False,90+ days,2 beds
2895.0,2025-05-06,"alabama1721, 1721 Alabama St #C, Huntington Beach, CA 92648",Huntington Beach,92648,33.672882,-117.99704,3.0,2.0,1250.0,APARTMENT,3218.0,,108.0,-100.0,,,,,2.316,"1,000-1,500",True,True,90+ days,3 beds
2375.0,,"16972 Lynn Lane, 16972 Lynn Ln APT 5, Huntington Beach, CA 92649",Huntington Beach,92649,33.715645,-118.04542,1.0,1.0,,APARTMENT,1980.0,,59.0,,,,,,,,True,False,31-60 days,1 bed
2500.0,2025-05-20,"2242 S Loara St #1, Anaheim, CA 92802",Anaheim,92802,33.79272,-117.9363,2.0,1.0,800.0,APARTMENT,,,0.0,,,,,,3.125,"700-1,000",False,False,0-7 days,2 beds
5900.0,2025-05-26,"8142 Centerstone Dr, Huntington Beach, CA 92646",Huntington Beach,92646,33.67062,-117.98709,4.0,3.0,2430.0,SINGLE_FAMILY,5540.0,1763100.0,0.0,,,,,,2.42798353909465,"1,500-2,500",True,False,0-7 days,4 beds
3200.0,2025-05-20,"8402 Slater Ave APT B, Huntington Beach, CA 92647",Huntington Beach,92647,33.708233,-117.98182,2.0,1.0,960.0,APARTMENT,2458.0,,1.0,,,,,,3.3333333333333335,"700-1,000",True,False,0-7 days,2 beds
4950.0,2025-05-20,"17339 Santa Suzanne St, Fountain Valley, CA 92708",Fountain Valley,92708,33.710827,-117.97646,4.0,3.0,1753.0,SINGLE_FAMILY,4776.0,1375400.0,0.0,,,,,,2.823730747290359,"1,500-2,500",False,False,0-7 days,4 beds
2450.0,2025-05-09,"14882 Monroe St #14884, Midway City, CA 92655",Midway City,92655,33.746082,-117.98497,1.0,1.0,600.0,APARTMENT,,,11.0,,,,,,4.083333333333333,under 700,False,False,8-30 days,1 bed
3900.0,2025-05-15,"(undisclosed Address), Huntington Beach, CA 92648",Huntington Beach,92648,,,2.0,2.0,1100.0,APARTMENT,3342.0,,12.0,-400.0,,,,,3.5454545454545454,"1,000-1,500",True,True,8-30 days,2 beds
13500.0,2025-07-01,"4441 Los Patos Ave, Huntington Beach, CA 92649",Huntington Beach,92649,33.711845,-118.05112,3.0,4.0,4509.0,SINGLE_FAMILY,7529.0,3033300.0,2.0,,,,,,2.9940119760479043,"over 2,500",True,False,0-7 days,3 beds
1925.0,2025-06-14,"(undisclosed Address), Garden Grove, CA 92841",Garden Grove,92841,,,1.0,1.0,700.0,APARTMENT,,,7.0,,,,,,2.75,under 700,False,False,0-7 days,1 bed
22000.0,2025-06-01,"(undisclosed Address), Huntington Beach, CA 92646",Huntington Beach,92646,,,5.0,3.0,,SINGLE_FAMILY,5331.0,1430500.0,18.0,,,,,,,,True,False,8-30 days,5+ beds
7300.0,2025-06-15,"12141 Chaucer Rd, Los Alamitos, CA 90720",Los Alamitos,90720,33.786343,-118.079315,4.0,3.0,2500.0,SINGLE_FAMILY,6412.0,2064100.0,1.0,,,,,,2.92,"1,500-2,500",False,False,0-7 days,4 beds
3999.0,,"9930 Slater Ave, Fountain Valley, CA 92708",Fountain Valley,92708,33.708317,-117.956474,0.0,1.0,534.0,APARTMENT,2002.0,,29.0,,,,,,7.48876404494382,under 700,False,False,8-30 days,Studio
3900.0,2025-07-05,"6600 Warner Ave UNIT 65, Huntington Beach, CA 92647",Huntington Beach,92647,33.714836,-118.01341,2.0,2.0,1110.0,APARTMENT,2990.0,552900.0,12.0,,,,,,3.5135135135135136,"1,000-1,500",True,False,8-30 days,2 beds
5000.0,2025-07-01,"19097 Azul Ln, Huntington Beach, CA 92648",Huntington Beach,92648,33.682262,-118.012566,4.0,3.0,2059.0,TOWNHOUSE,5437.0,1241600.0,1.0,,,,,,2.4283632831471587,"1,500-2,500",True,False,0-7 days,4 beds
2775.0,2025-05-15,"15003 Eden St #2, Westminster, CA 92683",Westminster,92683,33.74458,-117.97632,2.0,2.0,,APARTMENT,2638.0,,5.0,-25.0,,,,,,,False,True,0-7 days,2 beds
4900.0,2025-04-27,"17647 Newland St #137, Huntington Beach, CA 92647",Huntington Beach,92647,33.70637,-117.98169,3.0,2.0,1048.0,TOWNHOUSE,3994.0,696800.0,23.0,-500.0,,,,,4.675572519083969,"1,000-1,500",True,True,8-30 days,3 beds
2800.0,2025-05-17,"7281 La Mancha Cir #B, Huntington Beach, CA 92647",Huntington Beach,92647,33.719036,-118.001526,2.0,2.0,960.0,APARTMENT,,,3.0,,,,,,2.9166666666666665,"700-1,000",True,False,0-7 days,2 beds
1850.0,2025-06-01,"13651 Fernwood Dr #A, Garden Grove, CA 92843",Garden Grove,92843,33.764664,-117.939766,0.0,1.0,390.0,APARTMENT,,,4.0,60.0,,,,,4.743589743589744,under 700,False,False,0-7 days,Studio
9000.0,2025-05-04,"(undisclosed Address), Westminster, CA 92683",Westminster,92683,,,5.0,3.0,2420.0,SINGLE_FAMILY,7880.0,1327500.0,18.0,,,,,,3.71900826446281,"1,500-2,500",False,False,8-30 days,5+ beds
3000.0,2025-05-13,"11395 Jacalene Ln, Garden Grove, CA 92840",Garden Grove,92840,33.79727,-117.927765,1.0,1.0,620.0,SINGLE_FAMILY,,638600.0,7.0,,,,,,4.838709677419355,under 700,False,False,0-7 days,1 bed
6500.0,2025-05-17,"16708 Redwood St, Fountain Valley, CA 92708",Fountain Valley,92708,33.72042,-117.95906,4.0,4.0,1838.0,SINGLE_FAMILY,6683.0,1556100.0,3.0,,,,,,3.5364526659412405,"1,500-2,500",False,False,0-7 days,4 beds
2350.0,2025-05-02,"Santa Barbara, 5852 Santa Barbara Ave APT D, Garden Grove, CA 92845",Garden Grove,92845,33.79075,-118.030785,2.0,1.0,1000.0,APARTMENT,2437.0,,13.0,,,,,,2.35,"700-1,000",False,False,8-30 days,2 beds
5800.0,2025-05-16,"19312 Harding Ln, Huntington Beach, CA 92646",Huntington Beach,92646,33.681957,-117.98239,4.0,2.0,2205.0,SINGLE_FAMILY,4911.0,1447800.0,7.0,,,,,,2.630385487528345,"1,500-2,500",True,False,0-7 days,4 beds
3195.0,2025-05-02,"16572 Delton Cir, Huntington Beach, CA 92647",Huntington Beach,92647,33.72172,-118.00258,3.0,2.0,1200.0,APARTMENT,3225.0,,18.0,,,,,,2.6625,"1,000-1,500",True,False,8-30 days,3 beds
6800.0,2025-08-01,"(undisclosed Address), Huntington Beach, CA 92649",Huntington Beach,92649,,,3.0,1.0,1031.0,SINGLE_FAMILY,5490.0,1127900.0,3.0,-1200.0,,,,,6.595538312318138,"1,000-1,500",True,True,0-7 days,3 beds
2350.0,2025-05-12,"4902-4922 Charlene Circle, 4902-4922 Charlene Cir #4922-05, Huntington Beach, CA 92649",Huntington Beach,92649,33.716682,-118.043076,1.0,1.0,648.0,APARTMENT,2262.0,,14.0,,,,,,3.626543209876543,under 700,True,False,8-30 days,1 bed
4295.0,2025-06-09,"16211 Fantasia Ln, Huntington Beach, CA 92649",Huntington Beach,92649,33.726547,-118.05008,3.0,2.0,1400.0,SINGLE_FAMILY,3897.0,1091500.0,3.0,,,,,,3.067857142857143,"1,000-1,500",True,False,0-7 days,3 beds
2300.0,2025-05-05,"Iowa, 13872 Iowa St APT 3, Westminster, CA 92683",Westminster,92683,33.760654,-117.99958,2.0,2.0,,APARTMENT,2504.0,,32.0,-100.0,,,,,,,False,True,31-60 days,2 beds
1950.0,2025-06-01,"5031 Dorado Dr, Huntington Beach, CA 92649",Huntington Beach,92649,33.71311,-118.040634,0.0,1.0,535.0,APARTMENT,2041.0,,32.0,,,,,,3.6448598130841123,under 700,True,False,31-60 days,Studio
3695.0,2025-05-23,"CL - 1, 412 Clay Ave, Huntington Beach, CA 92648",Huntington Beach,92648,33.68277,-117.993706,3.0,3.0,,APARTMENT,,,19.0,,,,,,,,True,False,8-30 days,3 beds
2595.0,2025-05-01,"16901 Green Ln, Huntington Beach, CA 92649",Huntington Beach,92649,33.716316,-118.04389,2.0,2.0,900.0,APARTMENT,2570.0,,28.0,-130.0,,,,,2.8833333333333333,"700-1,000",True,True,8-30 days,2 beds
2600.0,2025-06-21,"Baylor Apartments - 7531, 7531 Baylor Dr #D, Westminster, CA 92683",Westminster,92683,33.758137,-117.99789,2.0,2.0,968.0,APARTMENT,2635.0,,28.0,,,,,,2.6859504132231407,"700-1,000",False,False,8-30 days,2 beds
4795.0,2025-06-14,"17182 Berlin Ln, Huntington Beach, CA 92649",Huntington Beach,92649,33.712574,-118.03181,4.0,2.0,1300.0,SINGLE_FAMILY,4931.0,1266800.0,5.0,,,,,,3.6884615384615387,"1,000-1,500",True,False,0-7 days,4 beds
3200.0,2025-04-25,"17332 San Luis Street, 17332 San Luis St APT 1, Fountain Valley, CA 92708",Fountain Valley,92708,33.71147,-117.9504,3.0,2.0,1100.0,APARTMENT,,,24.0,-200.0,,,,,2.909090909090909,"1,000-1,500",False,True,8-30 days,3 beds
4700.0,2025-06-01,"10688 Morning Glory Ave, Fountain Valley, CA 92708",Fountain Valley,92708,33.73106,-117.9427,3.0,3.0,1878.0,SINGLE_FAMILY,4703.0,1423200.0,18.0,,,,,,2.5026624068157615,"1,500-2,500",False,False,8-30 days,3 beds
2200.0,,"16872 Pacific Coast Hwy UNIT 102, Huntington Beach, CA 92649",Huntington Beach,92649,33.716015,-118.06725,1.0,1.0,480.0,APARTMENT,2129.0,,31.0,,,,,,4.583333333333333,under 700,True,False,31-60 days,1 bed
2800.0,2025-05-08,"17344 San Luis Street, 17344 San Luis St #3, Fountain Valley, CA 92708",Fountain Valley,92708,33.711277,-117.95039,2.0,2.0,1100.0,APARTMENT,,,11.0,,,,,,2.5454545454545454,"1,000-1,500",False,False,8-30 days,2 beds
2950.0,2025-05-02,"1102-06 Central Ave #144, Seal Beach, CA 90740",Seal Beach,90740,33.742214,-118.106316,2.0,2.0,800.0,APARTMENT,2406.0,,14.0,,,,,,3.6875,"700-1,000",True,False,8-30 days,2 beds
3595.0,2025-05-12,"Portland341, 341 Portland Cir APT A, Huntington Beach, CA 92648",Huntington Beach,92648,33.671246,-117.994194,3.0,2.0,1000.0,APARTMENT,3656.0,,25.0,200.0,,,,,3.595,"700-1,000",True,False,8-30 days,3 beds
4550.0,,"8671 Kent Cir, Huntington Beach, CA 92647",Huntington Beach,92647,33.71787,-117.97754,3.0,2.0,1480.0,SINGLE_FAMILY,4499.0,1167700.0,31.0,-200.0,,,,,3.074324324324324,"1,000-1,500",True,True,31-60 days,3 beds
2900.0,,"7162 Heil Ave APT 1, Huntington Beach, CA 92647",Huntington Beach,92647,33.722572,-118.003716,3.0,2.0,1250.0,APARTMENT,,,22.0,-200.0,,,,,2.32,"1,000-1,500",True,True,8-30 days,3 beds
2495.0,2025-05-26,"12792 Hazel Ave APT B, Garden Grove, CA 92841",Garden Grove,92841,33.776634,-117.97378,2.0,1.0,800.0,APARTMENT,2323.0,,39.0,-100.0,,,,,3.11875,"700-1,000",False,True,31-60 days,2 beds
1850.0,,"16162 Malaga Lane, 16162 Malaga Ln #C, Huntington Beach, CA 92647",Huntington Beach,92647,33.72772,-117.98626,1.0,1.0,700.0,APARTMENT,,,32.0,-50.0,,,,,2.642857142857143,under 700,True,True,31-60 days,1 bed
5750.0,2025-05-01,"1605 1/2 E Seal Way, Seal Beach, CA 90740",Seal Beach,90740,33.73674,-118.10038,2.0,2.0,1600.0,APARTMENT,,,20.0,-245.0,,,,,3.59375,"1,500-2,500",True,True,8-30 days,2 beds
4900.0,,"17196 Santa Lucia St, Fountain Valley, CA 92708",Fountain Valley,92708,33.713078,-117.976906,5.0,2.0,1795.0,SINGLE_FAMILY,4941.0,1288500.0,32.0,,,,,,2.7298050139275767,"1,500-2,500",False,False,31-60 days,5+ beds
2200.0,2025-04-25,"Westminster, 8221-8235 18th St, Westminster, CA 92683",Westminster,92683,33.7602,-117.9865,1.0,1.0,,APARTMENT,,,24.0,,,,,,,,False,False,8-30 days,1 bed
2500.0,2025-04-28,"16692 Goldenwest St APT 2, Huntington Beach, CA 92647",Huntington Beach,92647,33.719906,-118.00628,2.0,2.0,1000.0,APARTMENT,2792.0,,49.0,-100.0,,,,,2.5,"700-1,000",True,True,31-60 days,2 beds
2100.0,2025-06-27,"11089 Violet Dr, Garden Grove, CA 92840",Garden Grove,92840,33.782234,-117.93965,0.0,1.0,,SINGLE_FAMILY,,951600.0,17.0,-200.0,,,,,,,False,True,8-30 days,Studio
3950.0,2025-04-22,"4502 Warner Ave, 4502 Warner Ave APT B, Huntington Beach, CA 92649",Huntington Beach,92649,33.71364,-118.049706,3.0,3.0,1750.0,APARTMENT,4424.0,,28.0,-445.0,,,,,2.257142857142857,"1,500-2,500",True,True,8-30 days,3 beds
4495.0,2025-05-09,"4771 Pearce Dr, Huntington Beach, CA 92649",Huntington Beach,92649,33.71909,-118.04542,3.0,2.0,1668.0,SINGLE_FAMILY,4504.0,1040200.0,17.0,,,,,,2.6948441247002397,"1,500-2,500",True,False,8-30 days,3 beds
2650.0,2025-05-17,"hbs16641, 16641 Sims Ln APT C, Huntington Beach, CA 92649",Huntington Beach,92649,33.720413,-118.048294,2.0,2.0,1100.0,APARTMENT,2544.0,,3.0,-50.0,,,,,2.409090909090909,"1,000-1,500",True,True,0-7 days,2 beds
2200.0,,"LYN, 16942 Lynn Ln APT C, Huntington Beach, CA 92649",Huntington Beach,92649,33.715977,-118.04542,1.0,1.0,750.0,APARTMENT,2323.0,,41.0,-50.0,,,,,2.933333333333333,"700-1,000",True,True,31-60 days,1 bed
3595.0,,"134 7th St APT 2, Seal Beach, CA 90740",Seal Beach,90740,33.741695,-118.10665,2.0,2.0,1000.0,APARTMENT,3372.0,,42.0,-200.0,,,,,3.595,"700-1,000",True,True,31-60 days,2 beds
3895.0,2025-04-29,"441 Lucent Dr, Stanton, CA 90680",Stanton,90680,33.775997,-117.9949,3.0,3.0,1552.0,SINGLE_FAMILY,,817300.0,46.0,-100.0,,,,,2.5096649484536084,"1,500-2,500",False,True,31-60 days,3 beds
2495.0,2025-05-03,"santabarbara5942, 5942 Santa Barbara Ave #C, Garden Grove, CA 92845",Garden Grove,92845,33.790737,-118.02916,2.0,1.0,900.0,APARTMENT,2476.0,,46.0,,,,,,2.772222222222222,"700-1,000",False,False,31-60 days,2 beds
2450.0,2025-05-10,"shaffer7821, 7821 Shaffer Cir APT 3, Huntington Beach, CA 92648",Huntington Beach,92648,33.688282,-117.99168,2.0,2.0,900.0,APARTMENT,2883.0,,46.0,-45.0,,,,,2.7222222222222223,"700-1,000",True,True,31-60 days,2 beds
2150.0,,"18891 Delaware Street, 18891 Delaware St #2, Huntington Beach, CA 92648",Huntington Beach,92648,33.68833,-117.99357,1.0,1.0,,APARTMENT,,,12.0,,,,,,,,True,False,8-30 days,1 bed
2795.0,,"12640 Euclid St APT 210, Garden Grove, CA 92840",Garden Grove,92840,33.779266,-117.94004,2.0,2.0,1200.0,APARTMENT,2835.0,622800.0,62.0,,,,,,2.3291666666666666,"1,000-1,500",False,False,61-90 days,2 beds
2150.0,2025-05-31,"7872 Holt Dr., 7872 Holt Dr #6, Huntington Beach, CA 92647",Huntington Beach,92647,33.726116,-117.99117,1.0,1.0,,APARTMENT,,,14.0,-200.0,,,,,,,True,True,8-30 days,1 bed
11500.0,2025-06-01,"2725 Starbird Dr, Costa Mesa, CA 92626",Costa Mesa,92626,33.669907,-117.92798,5.0,3.0,3005.0,SINGLE_FAMILY,6194.0,1957400.0,34.0,-500.0,,,,,3.826955074875208,"over 2,500",False,True,31-60 days,5+ beds
3200.0,2025-06-01,"17712 Cameron Ln APT 3, Huntington Beach, CA 92647",Huntington Beach,92647,33.705055,-117.9877,2.0,3.0,,APARTMENT,,,9.0,,,,,,,,True,False,8-30 days,2 beds
12500.0,,"16735 Bayview Dr, Sunset Beach, CA 90742",Sunset Beach,90742,33.71965,-118.071526,3.0,3.0,3368.0,SINGLE_FAMILY,6235.0,2746700.0,20.0,,,,,,3.7114014251781473,"over 2,500",True,False,8-30 days,3 beds
7500.0,2025-05-16,"8941 Tracy Ave, Garden Grove, CA 92841",Garden Grove,92841,33.79738,-117.976265,4.0,2.0,1734.0,SINGLE_FAMILY,3808.0,1194000.0,6.0,,,,,,4.325259515570934,"1,500-2,500",False,False,0-7 days,4 beds
6800.0,,"6341 Shawnee Rd, Westminster, CA 92683",Westminster,92683,33.771637,-118.01917,4.0,2.0,1237.0,SINGLE_FAMILY,4226.0,938900.0,21.0,300.0,,,,,5.497170573969281,"1,000-1,500",False,False,8-30 days,4 beds
1995.0,2025-05-02,"17622 Cameron Ln #16, Huntington Beach, CA 92647",Huntington Beach,92647,33.706474,-117.98743,2.0,1.0,,APARTMENT,,,18.0,,,,,,,,True,False,8-30 days,2 beds
2850.0,2025-05-31,"7291 Corsican Dr APT B, Huntington Beach, CA 92647",Huntington Beach,92647,33.71827,-118.00131,2.0,2.0,980.0,APARTMENT,,,7.0,,,,,,2.9081632653061225,"700-1,000",True,False,0-7 days,2 beds
3200.0,2025-05-16,"13352 Ontario Dr #B, Garden Grove, CA 92844",Garden Grove,92844,33.76868,-117.9661,3.0,2.0,1275.0,APARTMENT,,,4.0,,,,,,2.5098039215686274,"1,000-1,500",False,False,0-7 days,3 beds
2800.0,2025-07-01,"9836 Acacia Ave #C, Garden Grove, CA 92841",Garden Grove,92841,33.775333,-117.96096,2.0,2.0,1030.0,APARTMENT,,,20.0,,,,,,2.7184466019417477,"1,000-1,500",False,False,8-30 days,2 beds
8000.0,,"(undisclosed Address), Westminster, CA 92683",Westminster,92683,,,3.0,2.0,995.0,SINGLE_FAMILY,,806800.0,71.0,,,,,,8.040201005025125,"700-1,000",False,False,61-90 days,3 beds
2400.0,2025-05-20,"(undisclosed Address), Huntington Beach, CA 92649",Huntington Beach,92649,,,1.0,1.0,450.0,SINGLE_FAMILY,,,4.0,,,,,,5.333333333333333,under 700,True,False,0-7 days,1 bed
2450.0,2025-06-15,"11392 Coriender Ave #B, Fountain Valley, CA 92708",Fountain Valley,92708,33.72022,-117.93031,1.0,1.0,550.0,APARTMENT,,,12.0,,,,,,4.454545454545454,under 700,False,False,8-30 days,1 bed
4500.0,2025-05-16,"15882 Brookhurst St, Westminster, CA 92683",Westminster,92683,33.732124,-117.9546,4.0,2.0,1716.0,SINGLE_FAMILY,,,4.0,,,,,,2.6223776223776225,"1,500-2,500",False,False,0-7 days,4 beds
6000.0,2025-06-01,"10995 El Domino Ave, Fountain Valley, CA 92708",Fountain Valley,92708,33.714336,-117.93783,5.0,3.0,2800.0,SINGLE_FAMILY,5936.0,1655700.0,14.0,-500.0,,,,,2.142857142857143,"over 2,500",False,True,8-30 days,5+ beds
10500.0,,"(undisclosed Address), Sunset Beach, CA 90742",Sunset Beach,90742,,,2.0,2.0,,APARTMENT,,,39.0,,,,,,,,True,False,31-60 days,2 beds
5600.0,2025-06-05,"313 College Park Dr, Seal Beach, CA 90740",Seal Beach,90740,33.781395,-118.09363,4.0,2.0,1500.0,SINGLE_FAMILY,4775.0,1289900.0,3.0,,,,,,3.7333333333333334,"1,000-1,500",True,False,0-7 days,4 beds
23000.0,2025-05-06,"(undisclosed Address), Huntington Beach, CA 92648",Huntington Beach,92648,,,5.0,6.0,4771.0,SINGLE_FAMILY,13288.0,5195200.0,14.0,,,,,,4.820792286732341,"over 2,500",True,False,8-30 days,5+ beds
4200.0,,"11872 Mac Murray St, Garden Grove, CA 92841",Garden Grove,92841,33.79004,-117.976105,3.0,1.0,1029.0,SINGLE_FAMILY,3712.0,913300.0,40.0,-700.0,,,,,4.081632653061225,"1,000-1,500",False,True,31-60 days,3 beds
6900.0,2025-07-01,"8381 Norfolk Dr, Huntington Beach, CA 92646",Huntington Beach,92646,33.669796,-117.98151,5.0,3.0,2520.0,SINGLE_FAMILY,6052.0,1662400.0,4.0,,,,,,2.738095238095238,"over 2,500",True,False,0-7 days,5+ beds
7500.0,2025-04-21,"16750 Bayview Dr, Sunset Beach, CA 90742",Sunset Beach,90742,33.717804,-118.07158,3.0,3.0,1289.0,TOWNHOUSE,6409.0,1194000.0,29.0,,,,,,5.818463925523662,"1,000-1,500",True,False,8-30 days,3 beds
3600.0,2025-06-01,"(undisclosed Address), Westminster, CA 92683",Westminster,92683,,,3.0,2.0,1273.0,SINGLE_FAMILY,3779.0,975300.0,5.0,,,,,,2.8279654359780046,"1,000-1,500",False,False,0-7 days,3 beds
4300.0,2025-08-04,"(undisclosed Address), Huntington Beach, CA 92649",Huntington Beach,92649,,,3.0,2.0,1250.0,APARTMENT,3702.0,823200.0,9.0,,,,,,3.44,"1,000-1,500",True,False,8-30 days,3 beds
12500.0,2025-05-01,"4671 Los Patos Ave, Huntington Beach, CA 92649",Huntington Beach,92649,33.711857,-118.04669,5.0,5.0,2700.0,SINGLE_FAMILY,6486.0,1775900.0,8.0,,,,,,4.62962962962963,"over 2,500",True,False,8-30 days,5+ beds
4500.0,2025-06-16,"(undisclosed Address), Los Alamitos, CA 90720",Los Alamitos,90720,,,3.0,2.0,1400.0,SINGLE_FAMILY,4832.0,1239800.0,7.0,,,,,,3.2142857142857144,"1,000-1,500",False,False,0-7 days,3 beds
7500.0,,"12348 Harvey Ln, Garden Grove, CA 92841",Garden Grove,92841,33.782997,-117.973015,3.0,2.0,,SINGLE_FAMILY,,1110800.0,56.0,,,,,,,,False,False,31-60 days,3 beds
3995.0,2025-06-15,"20152 Bayfront Ln UNIT 103, Huntington Beach, CA 92646",Huntington Beach,92646,33.67008,-117.98512,2.0,2.0,1179.0,APARTMENT,3481.0,767500.0,9.0,,,,,,3.388464800678541,"1,000-1,500",True,False,8-30 days,2 beds
2400.0,,"6592 Westpark Pl #C, Westminster, CA 92683",Westminster,92683,33.761932,-118.012276,2.0,1.0,825.0,APARTMENT,,,21.0,,,,,,2.909090909090909,"700-1,000",False,False,8-30 days,2 beds
5500.0,2025-06-01,"9392 Coronet Ave, Westminster, CA 92683",Westminster,92683,33.74062,-117.96552,5.0,3.0,3097.0,SINGLE_FAMILY,5499.0,1465600.0,18.0,,,,,,1.7759121730707137,"over 2,500",False,False,8-30 days,5+ beds
3300.0,2025-09-21,"(undisclosed Address), Huntington Beach, CA 92649",Huntington Beach,92649,,,0.0,1.0,535.0,APARTMENT,2132.0,462100.0,38.0,,,,,,6.168224299065421,under 700,True,False,31-60 days,Studio
7000.0,,"8155 Carmel Dr, Stanton, CA 90680",Stanton,90680,33.782036,-117.990005,3.0,2.0,1148.0,TOWNHOUSE,3845.0,735800.0,62.0,,,,,,6.097560975609756,"1,000-1,500",False,False,61-90 days,3 beds
2650.0,2025-06-01,"8142 Major Cir APT D, Huntington Beach, CA 92647",Huntington Beach,92647,33.714924,-117.98655,2.0,2.0,,APARTMENT,,,21.0,,,,,,,,True,False,8-30 days,2 beds
7000.0,,"(undisclosed Address), Fountain Valley, CA 92708",Fountain Valley,92708,,,4.0,2.0,2014.0,SINGLE_FAMILY,5458.0,1555200.0,50.0,,,,,,3.4756703078450846,"1,500-2,500",False,False,31-60 days,4 beds
3250.0,2025-05-22,"19185 Shoreline Ln UNIT 1, Huntington Beach, CA 92648",Huntington Beach,92648,33.684845,-117.9987,1.0,1.0,694.0,TOWNHOUSE,2476.0,613800.0,21.0,,,,,,4.68299711815562,under 700,True,False,8-30 days,1 bed
1925.0,2025-04-28,"(undisclosed Address), Garden Grove, CA 92841",Garden Grove,92841,,,1.0,1.0,700.0,APARTMENT,,,22.0,,,,,,2.75,under 700,False,False,8-30 days,1 bed
4200.0,2025-06-01,"9581 Jonquil Ave, Westminster, CA 92683",Westminster,92683,33.737392,-117.96207,3.0,2.0,1330.0,SINGLE_FAMILY,4561.0,1081900.0,6.0,,,,,,3.1578947368421053,"1,000-1,500",False,False,0-7 days,3 beds
5750.0,,"10532 Melric Ave, Garden Grove, CA 92843",Garden Grove,92843,33.74151,-117.945465,3.0,2.0,1534.0,SINGLE_FAMILY,3571.0,1030500.0,15.0,,,,,,3.7483702737940026,"1,500-2,500",False,False,8-30 days,3 beds
3400.0,2025-06-01,"16562 Goldenwest St #1, Huntington Beach, CA 92647",Huntington Beach,92647,33.721893,-118.006325,3.0,2.0,1250.0,APARTMENT,,,9.0,,,,,,2.72,"1,000-1,500",True,False,8-30 days,3 beds
3700.0,2025-05-19,"(undisclosed Address), Huntington Beach, CA 92647",Huntington Beach,92647,,,3.0,2.0,1071.0,TOWNHOUSE,2703.0,1037800.0,7.0,,,,,,3.454715219421102,"1,000-1,500",True,False,0-7 days,3 beds
6800.0,2025-05-19,"16312 Walrus Ln, Huntington Beach, CA 92649",Huntington Beach,92649,33.725258,-118.069336,3.0,3.0,2373.0,SINGLE_FAMILY,6447.0,2037900.0,16.0,,,,,,2.8655710071639273,"1,500-2,500",True,False,8-30 days,3 beds
4200.0,,"11362 Biscayne Blvd, Garden Grove, CA 92841",Garden Grove,92841,33.797535,-117.95969,3.0,2.0,1272.0,SINGLE_FAMILY,3636.0,983000.0,40.0,-1300.0,,,,,3.30188679245283,"1,000-1,500",False,True,31-60 days,3 beds
12000.0,,"6542 Vesper Cir, Huntington Beach, CA 92647",Huntington Beach,92647,33.735912,-118.014626,4.0,2.0,1947.0,SINGLE_FAMILY,4819.0,1517800.0,62.0,1000.0,,,,,6.163328197226503,"1,500-2,500",True,False,61-90 days,4 beds
3000.0,,"3029 Calle Sonora UNIT B, Laguna Woods, CA 92637",Laguna Woods,92637,33.612564,-117.73334,2.0,2.0,1300.0,APARTMENT,3427.0,443600.0,52.0,-200.0,,,,,2.3076923076923075,"1,000-1,500",False,True,31-60 days,2 beds
3295.0,2025-05-14,"385 Avenida Castilla UNIT C, Laguna Woods, CA 92637",Laguna Woods,92637,33.60405,-117.71667,2.0,2.0,1067.0,APARTMENT,3037.0,,6.0,,,,,,3.0880974695407684,"1,000-1,500",False,False,0-7 days,2 beds
6800.0,,"16 Westchester Ct, Coto De Caza, CA 92679",Coto De Caza,92679,33.58266,-117.5824,4.0,4.0,3170.0,SINGLE_FAMILY,6949.0,1865300.0,51.0,,,,,,2.145110410094637,"over 2,500",False,False,31-60 days,4 beds
4800.0,2025-06-07,"12 Laurel Creek Ln, Laguna Hills, CA 92653",Laguna Hills,92653,33.594486,-117.71146,4.0,3.0,2283.0,SINGLE_FAMILY,4812.0,1299000.0,10.0,,,,,,2.102496714848883,"1,500-2,500",False,False,8-30 days,4 beds
3400.0,2025-06-17,"322 Avenida Carmel UNIT A, Laguna Woods, CA 92637",Laguna Woods,92637,33.607502,-117.71968,2.0,2.0,1400.0,APARTMENT,2076.0,,50.0,,,,,,2.4285714285714284,"1,000-1,500",False,False,31-60 days,2 beds
4200.0,2025-05-15,"37 Melrose Dr, Mission Viejo, CA 92692",Mission Viejo,92692,33.58899,-117.64704,4.0,3.0,1800.0,SINGLE_FAMILY,4640.0,1113200.0,9.0,,,,,,2.3333333333333335,"1,500-2,500",False,False,8-30 days,4 beds
3500.0,2025-06-01,"3243 San Amadeo UNIT 3E, Laguna Woods, CA 92637",Laguna Woods,92637,33.60627,-117.74256,3.0,2.0,1656.0,APARTMENT,3594.0,644700.0,18.0,-200.0,,,,,2.1135265700483092,"1,500-2,500",False,True,8-30 days,3 beds
4325.0,2025-06-03,"28121 Carpenteria Ct, Laguna Niguel, CA 92677",Laguna Niguel,92677,33.55417,-117.70442,3.0,2.0,1564.0,SINGLE_FAMILY,4870.0,1206800.0,10.0,,,,,,2.7653452685421995,"1,500-2,500",False,False,8-30 days,3 beds
4350.0,2025-07-01,"24501 Sadaba, Mission Viejo, CA 92692",Mission Viejo,92692,33.60892,-117.63689,3.0,2.0,1138.0,SINGLE_FAMILY,4124.0,1083600.0,13.0,,,,,,3.822495606326889,"1,000-1,500",False,False,8-30 days,3 beds
7950.0,2025-07-01,"(undisclosed Address), Mission Viejo, CA 92691",Mission Viejo,92691,,,4.0,2.0,2202.0,SINGLE_FAMILY,5838.0,1393900.0,3.0,,,,,,3.6103542234332426,"1,500-2,500",False,False,0-7 days,4 beds
6200.0,2025-05-02,"27635 Durazno, Mission Viejo, CA 92692",Mission Viejo,92692,33.607567,-117.64864,4.0,4.0,2526.0,SINGLE_FAMILY,6280.0,1573500.0,18.0,,,,,,2.454473475851148,"over 2,500",False,False,8-30 days,4 beds
4499.0,2025-05-15,"96 Wild Horse Loop #12, Rancho Santa Margarita, CA 92688",Rancho Santa Margarita,92688,33.648495,-117.583984,3.0,3.0,1325.0,TOWNHOUSE,4296.0,989000.0,5.0,,,,,,3.3954716981132074,"1,000-1,500",False,False,0-7 days,3 beds
6900.0,2025-05-13,"23562 Via El Rocio, Mission Viejo, CA 92691",Mission Viejo,92691,33.62075,-117.65823,4.0,4.0,3045.0,SINGLE_FAMILY,6929.0,1893200.0,6.0,,,,,,2.2660098522167487,"over 2,500",False,False,0-7 days,4 beds
7500.0,2025-04-20,"606 Chinon, Irvine, CA 92618",Irvine,92618,33.657745,-117.72953,5.0,4.0,2731.0,SINGLE_FAMILY,,2535100.0,30.0,,,,,,2.7462467960454044,"over 2,500",False,False,8-30 days,5+ beds
3900.0,2025-04-20,"24306 Airporter Way, Laguna Niguel, CA 92677",Laguna Niguel,92677,33.564716,-117.704575,3.0,3.0,1500.0,TOWNHOUSE,4013.0,941200.0,30.0,,,,,,2.6,"1,000-1,500",False,False,8-30 days,3 beds
1590.0,2025-05-01,"25441 Mina Ct, Lake Forest, CA 92630",Lake Forest,92630,33.626778,-117.68629,0.0,1.0,300.0,APARTMENT,1692.0,1530100.0,18.0,-110.0,,,,,5.3,under 700,False,True,8-30 days,Studio
8500.0,,"25951 El Segundo St, Laguna Hills, CA 92653",Laguna Hills,92653,33.58531,-117.70173,4.0,3.0,2383.0,SINGLE_FAMILY,7368.0,1727700.0,91.0,,,,,,3.566932438103231,"1,500-2,500",False,False,90+ days,4 beds
1400.0,2025-05-15,"(undisclosed Address), Mission Viejo, CA 92691",Mission Viejo,92691,,,1.0,1.0,213.0,SINGLE_FAMILY,1644.0,847600.0,25.0,,,,,,6.572769953051643,under 700,False,False,8-30 days,1 bed
2790.0,2025-04-26,"2113 Via Puerta UNIT B, Laguna Woods, CA 92637",Laguna Woods,92637,33.61841,-117.713905,2.0,2.0,1009.0,APARTMENT,2582.0,334700.0,48.0,-100.0,,,,,2.765113974231913,"1,000-1,500",False,True,31-60 days,2 beds
3350.0,,"21203 Gladiolos Way, Lake Forest, CA 92630",Lake Forest,92630,33.655266,-117.68546,2.0,2.0,1030.0,APARTMENT,3139.0,667800.0,19.0,,,,,,3.2524271844660193,"1,000-1,500",False,False,8-30 days,2 beds
4500.0,2025-05-15,"25602 Via Viento, Mission Viejo, CA 92691",Mission Viejo,92691,33.59121,-117.66941,4.0,2.0,1675.0,SINGLE_FAMILY,5037.0,1196300.0,5.0,,,,,,2.6865671641791047,"1,500-2,500",False,False,0-7 days,4 beds
3000.0,2025-05-14,"52 Waxwing Ln, Aliso Viejo, CA 92656",Aliso Viejo,92656,33.60211,-117.741844,2.0,2.0,988.0,SINGLE_FAMILY,3041.0,6915800.0,6.0,,,,,,3.0364372469635628,"700-1,000",False,False,0-7 days,2 beds
4350.0,2025-06-01,"26180 Palomares, Mission Viejo, CA 92692",Mission Viejo,92692,33.582085,-117.64837,4.0,3.0,1473.0,TOWNHOUSE,4321.0,913500.0,23.0,,,,,,2.9531568228105907,"1,000-1,500",False,False,8-30 days,4 beds
4500.0,2025-05-16,"265 Lynx, Irvine, CA 92618",Irvine,92618,33.666058,-117.7105,3.0,3.0,2100.0,TOWNHOUSE,5395.0,1566500.0,4.0,,,,,,2.142857142857143,"1,500-2,500",False,False,0-7 days,3 beds
2800.0,,"19 Anil, Rancho Santa Margarita, CA 92688",Rancho Santa Margarita,92688,33.64621,-117.59293,2.0,2.0,876.0,APARTMENT,2900.0,603900.0,13.0,-200.0,,,,,3.1963470319634704,"700-1,000",False,True,8-30 days,2 beds
13500.0,,"3 Lennox Ct, Mission Viejo, CA 92694",Mission Viejo,92694,33.543854,-117.632065,5.0,6.0,4605.0,SINGLE_FAMILY,9999.0,3439400.0,14.0,,,,,,2.9315960912052117,"over 2,500",False,False,8-30 days,5+ beds
3450.0,,"4 Pamplona, Aliso Viejo, CA 92656",Aliso Viejo,92656,33.561703,-117.722984,2.0,2.0,1226.0,SINGLE_FAMILY,3750.0,743000.0,2.0,,,,,,2.8140293637846656,"1,000-1,500",False,False,0-7 days,2 beds
5000.0,2025-05-10,"24404 Overlake Ln, Lake Forest, CA 92630",Lake Forest,92630,33.63407,-117.70454,5.0,3.0,2329.0,SINGLE_FAMILY,6149.0,1135400.0,17.0,,,,,,2.1468441391155,"1,500-2,500",False,False,8-30 days,5+ beds
4550.0,,"3 Ibiza, Rancho Santa Margarita, CA 92688",Rancho Santa Margarita,92688,33.63536,-117.5987,3.0,3.0,1941.0,SINGLE_FAMILY,4210.0,1074000.0,18.0,250.0,,,,,2.344152498712004,"1,500-2,500",False,False,8-30 days,3 beds
2950.0,,"25835 Marguerite Pkwy APT 103, Mission Viejo, CA 92692",Mission Viejo,92692,33.588135,-117.66114,2.0,2.0,1436.0,APARTMENT,2855.0,,43.0,,,,,,2.054317548746518,"1,000-1,500",False,False,31-60 days,2 beds
5995.0,2025-05-07,"27901 Glenfield Cir, Laguna Niguel, CA 92677",Laguna Niguel,92677,33.55731,-117.69837,4.0,3.0,2718.0,SINGLE_FAMILY,6316.0,1759100.0,13.0,,,,,,2.205665930831494,"over 2,500",False,False,8-30 days,4 beds
4000.0,2025-06-01,"22152 Caminito Vino, Laguna Hills, CA 92653",Laguna Hills,92653,33.621872,-117.74318,3.0,2.0,1368.0,TOWNHOUSE,3873.0,695200.0,18.0,,,,,,2.9239766081871346,"1,000-1,500",False,False,8-30 days,3 beds
2900.0,2025-05-15,"26408 Via Roble #8, Mission Viejo, CA 92691",Mission Viejo,92691,33.628113,-117.67108,2.0,1.0,943.0,APARTMENT,2851.0,541600.0,39.0,,,,,,3.0752916224814424,"700-1,000",False,False,31-60 days,2 beds
5500.0,,"22106 Pheasant St, Lake Forest, CA 92630",Lake Forest,92630,33.64094,-117.70722,3.0,3.0,2684.0,SINGLE_FAMILY,5446.0,1442300.0,38.0,-500.0,,,,,2.0491803278688523,"over 2,500",False,True,31-60 days,3 beds
4795.0,2025-05-10,"10 Clover, Lake Forest, CA 92630",Lake Forest,92630,33.66859,-117.679634,4.0,3.0,1721.0,SINGLE_FAMILY,4801.0,1495600.0,46.0,-100.0,,,,,2.78617083091226,"1,500-2,500",False,True,31-60 days,4 beds
7000.0,2025-05-01,"27242 Cordero Ln, Mission Viejo, CA 92691",Mission Viejo,92691,33.56724,-117.66104,3.0,2.0,1836.0,SINGLE_FAMILY,5925.0,1337900.0,34.0,,,,,,3.812636165577342,"1,500-2,500",False,False,31-60 days,3 beds
4950.0,2025-08-06,"11 Wild Horse Loop #72, Rancho Santa Margarita, CA 92688",Rancho Santa Margarita,92688,33.647724,-117.584015,3.0,3.0,1415.0,TOWNHOUSE,4463.0,954500.0,40.0,-550.0,,,,,3.498233215547703,"1,000-1,500",False,True,31-60 days,3 beds
3400.0,2025-05-20,"26928 Carnelian #247, Mission Viejo, CA 92691",Mission Viejo,92691,33.56174,-117.66145,2.0,2.0,1206.0,APARTMENT,3327.0,699300.0,0.0,,,,,,2.8192371475953566,"1,000-1,500",False,False,0-7 days,2 beds
5995.0,2025-06-15,"46 La Salle Ln, Mission Viejo, CA 92694",Mission Viejo,92694,33.54885,-117.640274,4.0,3.0,2529.0,SINGLE_FAMILY,5249.0,1808400.0,0.0,,,,,,2.3705021747726374,"over 2,500",False,False,0-7 days,4 beds
3000.0,2025-06-01,"13392 Sheppard Cir #C, Garden Grove, CA 92844",Garden Grove,92844,33.767975,-117.97827,3.0,2.0,,APARTMENT,,,19.0,500.0,,,,,,,False,False,8-30 days,3 beds
4600.0,2025-05-06,"12200 Montecito Rd APT L107, Seal Beach, CA 90740",Seal Beach,90740,33.785255,-118.075226,3.0,2.0,1221.0,APARTMENT,3581.0,700000.0,14.0,,,,,,3.7674037674037675,"1,000-1,500",True,False,8-30 days,3 beds
5400.0,,"(undisclosed Address), Huntington Beach, CA 92647",Huntington Beach,92647,,,3.0,2.0,1200.0,SINGLE_FAMILY,4157.0,1077400.0,28.0,-400.0,,,,,4.5,"1,000-1,500",True,True,8-30 days,3 beds
4800.0,2025-05-15,"9213 El Tango Cir, Fountain Valley, CA 92708",Fountain Valley,92708,33.7034,-117.96792,3.0,3.0,1670.0,SINGLE_FAMILY,4698.0,1424400.0,12.0,,,,,,2.874251497005988,"1,500-2,500",False,False,8-30 days,3 beds
2650.0,2025-05-04,"13051 Monroe St #B, Garden Grove, CA 92844",Garden Grove,92844,33.77304,-117.985855,2.0,2.0,1100.0,APARTMENT,2549.0,,43.0,,,,,,2.409090909090909,"1,000-1,500",False,False,31-60 days,2 beds
10000.0,,"15071 Apollo Ln, Huntington Beach, CA 92647",Huntington Beach,92647,33.743378,-118.02319,5.0,3.0,2230.0,SINGLE_FAMILY,5886.0,1321000.0,71.0,,,,,,4.484304932735426,"1,500-2,500",True,False,61-90 days,5+ beds
5200.0,,"12671 9th St, Garden Grove, CA 92840",Garden Grove,92840,33.779003,-117.93264,4.0,4.0,2148.0,SINGLE_FAMILY,4957.0,1636900.0,36.0,-300.0,,,,,2.4208566108007448,"1,500-2,500",False,True,31-60 days,4 beds
17000.0,,"19821 Deguelle Cir, Huntington Beach, CA 92648",Huntington Beach,92648,33.67406,-118.010956,4.0,3.0,3000.0,SINGLE_FAMILY,7648.0,2183400.0,71.0,,,,,,5.666666666666667,"over 2,500",True,False,61-90 days,4 beds
16500.0,,"16742 Intrepid Ln, Huntington Beach, CA 92649",Huntington Beach,92649,33.719524,-118.07022,3.0,3.0,2275.0,SINGLE_FAMILY,6650.0,2380100.0,76.0,,,,,,7.252747252747253,"1,500-2,500",True,False,61-90 days,3 beds
2650.0,2025-04-12,"16982 Pacific Coast Hwy UNIT 101, Huntington Beach, CA 92649",Huntington Beach,92649,33.715614,-118.06685,1.0,1.0,478.0,APARTMENT,2108.0,,38.0,-200.0,,,,,5.543933054393306,under 700,True,True,31-60 days,1 bed
3400.0,2025-06-15,"609 19th St APT B, Huntington Beach, CA 92648",Huntington Beach,92648,33.670734,-118.0096,2.0,2.0,700.0,APARTMENT,2977.0,,10.0,,,,,,4.857142857142857,under 700,True,False,8-30 days,2 beds
3500.0,2025-06-07,"8259 Saigon Pl, Garden Grove, CA 92844",Garden Grove,92844,33.773323,-117.987465,3.0,3.0,1927.0,APARTMENT,3980.0,842900.0,14.0,,,,,,1.8162947586922678,"1,500-2,500",False,False,8-30 days,3 beds
5950.0,2025-05-02,"12362 Wembley Rd, Los Alamitos, CA 90720",Los Alamitos,90720,33.782856,-118.08692,3.0,2.0,1618.0,SINGLE_FAMILY,5591.0,1749100.0,18.0,,,,,,3.677379480840544,"1,500-2,500",False,False,8-30 days,3 beds
11000.0,,"4731 Oceanridge Dr, Huntington Beach, CA 92649",Huntington Beach,92649,33.70853,-118.04577,4.0,7.0,4075.0,SINGLE_FAMILY,8456.0,3675500.0,42.0,,,,,,2.6993865030674846,"over 2,500",True,False,31-60 days,4 beds
8000.0,2025-09-23,"18220 Fallenleaf Cir, Fountain Valley, CA 92708",Fountain Valley,92708,33.69852,-117.964424,4.0,3.0,2427.0,SINGLE_FAMILY,6301.0,1559800.0,74.0,,,,,,3.296250515039143,"1,500-2,500",False,False,61-90 days,4 beds
2800.0,2025-05-01,"12655 Glendale Cir, Stanton, CA 90680",Stanton,90680,33.77756,-117.99586,2.0,1.0,822.0,APARTMENT,,,14.0,,,,,,3.40632603406326,"700-1,000",False,False,8-30 days,2 beds
6900.0,,"(undisclosed Address), Huntington Beach, CA 92649",Huntington Beach,92649,,,2.0,2.0,1129.0,APARTMENT,4741.0,1201700.0,118.0,-1000.0,,,,,6.111603188662533,"1,000-1,500",True,True,90+ days,2 beds
6500.0,2025-08-01,"16082 Tortola Cir, Huntington Beach, CA 92649",Huntington Beach,92649,33.728447,-118.06445,4.0,3.0,2057.0,TOWNHOUSE,5984.0,1646000.0,22.0,,,,,,3.1599416626154593,"1,500-2,500",True,False,8-30 days,4 beds
3995.0,,"(undisclosed Address), Huntington Beach, CA 92646",Huntington Beach,92646,,,3.0,3.0,1122.0,TOWNHOUSE,3800.0,709700.0,42.0,-505.0,,,,,3.5606060606060606,"1,000-1,500",True,True,31-60 days,3 beds
2800.0,2025-05-01,"7823 Arbor Cir #C, Huntington Beach, CA 92647",Huntington Beach,92647,33.719967,-117.99164,2.0,1.0,835.0,TOWNHOUSE,,577500.0,28.0,-100.0,,,,,3.3532934131736525,"700-1,000",True,True,8-30 days,2 beds
3600.0,2025-05-05,"12515 Pleasant Pl, Garden Grove, CA 92841",Garden Grove,92841,33.78115,-117.96239,3.0,3.0,1150.0,SINGLE_FAMILY,3654.0,956600.0,16.0,-200.0,,,,,3.130434782608696,"1,000-1,500",False,True,8-30 days,3 beds
4900.0,2025-04-27,"9380 McFadden Ave, Westminster, CA 92683",Westminster,92683,33.737366,-117.966095,4.0,3.0,1498.0,SINGLE_FAMILY,4923.0,,23.0,-100.0,,,,,3.2710280373831777,"1,000-1,500",False,True,8-30 days,4 beds
2785.0,,"7310 Corsican Dr APT C, Huntington Beach, CA 92647",Huntington Beach,92647,33.71786,-118.001015,2.0,2.0,1000.0,APARTMENT,,,60.0,,,,,,2.785,"700-1,000",True,False,31-60 days,2 beds
4000.0,2025-05-02,"16696 Bayview Dr, Sunset Beach, CA 90742",Sunset Beach,90742,33.720333,-118.07166,2.0,1.0,800.0,SINGLE_FAMILY,3963.0,,18.0,,,,,,5.0,"700-1,000",True,False,8-30 days,2 beds
13000.0,,"16672 Pacific Coast Hwy APT B, Huntington Beach, CA 92649",Huntington Beach,92649,33.720024,-118.072495,3.0,3.0,2800.0,APARTMENT,5984.0,1927600.0,66.0,-1000.0,,,,,4.642857142857143,"over 2,500",True,True,61-90 days,3 beds
4900.0,2025-07-01,"10211 Merrimac Dr, Huntington Beach, CA 92646",Huntington Beach,92646,33.67797,-117.9501,3.0,2.0,1470.0,SINGLE_FAMILY,5827.0,1245900.0,13.0,,,,,,3.3333333333333335,"1,000-1,500",True,False,8-30 days,3 beds
4150.0,2025-05-02,"4921 Scenario Dr, Huntington Beach, CA 92649",Huntington Beach,92649,33.72509,-118.0425,3.0,2.0,1146.0,SINGLE_FAMILY,4300.0,1087400.0,18.0,,,,,,3.6212914485165792,"1,000-1,500",True,False,8-30 days,3 beds
3990.0,2025-04-26,"11581 Samuel Dr, Garden Grove, CA 92840",Garden Grove,92840,33.79313,-117.93113,3.0,2.0,1454.0,SINGLE_FAMILY,3850.0,1067300.0,24.0,,,,,,2.7441540577716643,"1,000-1,500",False,False,8-30 days,3 beds
4500.0,2025-05-20,"8792 De Ville Cir, Huntington Beach, CA 92647",Huntington Beach,92647,33.720978,-117.97522,3.0,2.0,1728.0,SINGLE_FAMILY,4770.0,1160200.0,0.0,,,,,,2.6041666666666665,"1,500-2,500",True,False,0-7 days,3 beds
4000.0,2025-05-04,"4618 W Roy Cir, Santa Ana, CA 92704",Santa Ana,92704,33.743725,-117.930664,4.0,2.0,1200.0,SINGLE_FAMILY,3960.0,920300.0,16.0,,,,,,3.3333333333333335,"1,000-1,500",False,False,8-30 days,4 beds
8000.0,2025-05-01,"9636 Rindge Cir, Fountain Valley, CA 92708",Fountain Valley,92708,33.73135,-117.961395,4.0,4.0,2100.0,SINGLE_FAMILY,6481.0,,5.0,,,,,,3.8095238095238093,"1,500-2,500",False,False,0-7 days,4 beds
2600.0,2025-06-01,"10891 Marshall Ln, Garden Grove, CA 92840",Garden Grove,92840,33.779396,-117.94625,2.0,2.0,700.0,SINGLE_FAMILY,3658.0,883800.0,0.0,,,,,,3.7142857142857144,under 700,False,False,0-7 days,2 beds
2200.0,2025-06-01,"117 14th St #C, Seal Beach, CA 90740",Seal Beach,90740,33.738354,-118.10133,1.0,1.0,600.0,APARTMENT,,,1.0,,,,,,3.6666666666666665,under 700,True,False,0-7 days,1 bed
4900.0,2025-04-20,"8252 Michael Dr, Huntington Beach, CA 92647",Huntington Beach,92647,33.706783,-117.98442,3.0,2.0,1358.0,SINGLE_FAMILY,4487.0,1092200.0,40.0,,,,,,3.6082474226804124,"1,000-1,500",True,False,31-60 days,3 beds
5100.0,2025-04-19,"10171 Pua Dr, Huntington Beach, CA 92646",Huntington Beach,92646,33.685127,-117.95098,4.0,2.0,1645.0,SINGLE_FAMILY,4973.0,1158000.0,38.0,-100.0,,,,,3.1003039513677813,"1,500-2,500",True,True,31-60 days,4 beds
3100.0,,"11050 El Amarillo Ave, Fountain Valley, CA 92708",Fountain Valley,92708,33.710773,-117.93619,2.0,3.0,1240.0,APARTMENT,3162.0,,38.0,-100.0,,,,,2.5,"1,000-1,500",False,True,31-60 days,2 beds
7499.0,2025-06-01,"9660 Gardenia Ave, Fountain Valley, CA 92708",Fountain Valley,92708,33.721714,-117.960434,5.0,3.0,2057.0,SINGLE_FAMILY,7404.0,1522000.0,0.0,,,,,,3.6456003889158968,"1,500-2,500",False,False,0-7 days,5+ beds
5500.0,2025-05-15,"17682 Forest Ln, Huntington Beach, CA 92647",Huntington Beach,92647,33.7057,-117.982735,4.0,3.0,1457.0,SINGLE_FAMILY,5676.0,1345500.0,34.0,-400.0,,,,,3.7748798901853124,"1,000-1,500",True,True,31-60 days,4 beds
23550.0,,"16412 Ardsley Cir, Huntington Beach, CA 92649",Huntington Beach,92649,33.723354,-118.05776,4.0,4.0,4245.0,SINGLE_FAMILY,9912.0,5029500.0,127.0,-1225.0,,,,,5.5477031802120145,"over 2,500",True,True,90+ days,4 beds
4000.0,2025-05-01,"5081 Audrey Dr, Huntington Beach, CA 92649",Huntington Beach,92649,33.729122,-118.04006,4.0,2.0,1200.0,SINGLE_FAMILY,4419.0,1199700.0,36.0,-500.0,,,,,3.3333333333333335,"1,000-1,500",True,True,31-60 days,4 beds
3000.0,2025-05-08,"10315 McClure Ave, Garden Grove, CA 92843",Garden Grove,92843,33.754692,-117.948975,2.0,2.0,800.0,SINGLE_FAMILY,,724600.0,12.0,,,,,,3.75,"700-1,000",False,False,8-30 days,2 beds
2900.0,,"5604 W Highland St #2, Santa Ana, CA 92704",Santa Ana,92704,33.737278,-117.94224,2.0,2.0,800.0,APARTMENT,,,42.0,,,,,,3.625,"700-1,000",False,False,31-60 days,2 beds
1600.0,2025-06-01,"13901 Sherwood St, Westminster, CA 92683",Westminster,92683,33.760063,-118.02604,1.0,1.0,1000.0,SINGLE_FAMILY,4534.0,1135800.0,2.0,,,,,,1.6,"700-1,000",False,False,0-7 days,1 bed
2750.0,2025-05-16,"17372 San Luis St APT 3, Fountain Valley, CA 92708",Fountain Valley,92708,33.71089,-117.95038,2.0,2.0,1100.0,APARTMENT,2514.0,,6.0,-100.0,,,,,2.5,"1,000-1,500",False,True,0-7 days,2 beds
1800.0,,"12072 Cole St #9, Garden Grove, CA 92841",Garden Grove,92841,33.78763,-117.9644,1.0,1.0,600.0,APARTMENT,1856.0,,16.0,,,,,,3.0,under 700,False,False,8-30 days,1 bed
2795.0,2025-06-01,"14871 Jackson St APT 4, Midway City, CA 92655",Midway City,92655,33.746227,-117.98778,2.0,2.0,900.0,APARTMENT,2823.0,,7.0,,,,,,3.1055555555555556,"700-1,000",False,False,0-7 days,2 beds
2895.0,2025-05-16,"12508 Montecito Rd, Seal Beach, CA 90740",Seal Beach,90740,33.781803,-118.075806,2.0,1.0,,APARTMENT,2646.0,,4.0,,,,,,,,True,False,0-7 days,2 beds
2925.0,2025-05-15,"17342 San Mateo St APT 2, Fountain Valley, CA 92708",Fountain Valley,92708,33.71129,-117.95138,2.0,2.0,1000.0,APARTMENT,,,5.0,,,,,,2.925,"700-1,000",False,False,0-7 days,2 beds
4200.0,2025-04-26,"15282 La Salle Ln, Huntington Beach, CA 92647",Huntington Beach,92647,33.740116,-118.0192,3.0,2.0,1032.0,SINGLE_FAMILY,4163.0,959600.0,24.0,,,,,,4.069767441860465,"1,000-1,500",True,False,8-30 days,3 beds
11900.0,,"3792 Humboldt Dr, Huntington Beach, CA 92649",Huntington Beach,92649,33.721275,-118.061584,4.0,6.0,4000.0,SINGLE_FAMILY,12206.0,4249600.0,3.0,,,,,,2.975,"over 2,500",True,False,0-7 days,4 beds
3300.0,2025-05-14,"(undisclosed Address), Garden Grove, CA 92843",Garden Grove,92843,,,2.0,2.0,1200.0,SINGLE_FAMILY,3441.0,893000.0,20.0,-200.0,,,,,2.75,"1,000-1,500",False,True,8-30 days,2 beds
1845.0,2025-05-12,"9572 Alwood Ave #N, Garden Grove, CA 92841",Garden Grove,92841,33.78695,-117.96618,1.0,1.0,700.0,APARTMENT,1918.0,,64.0,-50.0,,,,,2.6357142857142857,under 700,False,True,61-90 days,1 bed
6200.0,,"11402 Donovan Rd, Los Alamitos, CA 90720",Los Alamitos,90720,33.797047,-118.07937,3.0,2.0,1736.0,SINGLE_FAMILY,5675.0,1550300.0,37.0,,,,,,3.5714285714285716,"1,500-2,500",False,False,31-60 days,3 beds
9999.0,,"16854 Bayview Dr, Huntington Beach, CA 92649",Huntington Beach,92649,33.717876,-118.068855,3.0,3.0,2056.0,SINGLE_FAMILY,6755.0,2362000.0,84.0,,,,,,4.863326848249027,"1,500-2,500",True,False,61-90 days,3 beds
5950.0,2025-05-15,"5642 Kern Dr, Huntington Beach, CA 92649",Huntington Beach,92649,33.712246,-118.02969,5.0,3.0,2496.0,SINGLE_FAMILY,6098.0,1698000.0,19.0,,,,,,2.3838141025641026,"1,500-2,500",True,False,8-30 days,5+ beds
3950.0,2025-06-15,"13331 Benton St, Garden Grove, CA 92843",Garden Grove,92843,33.76914,-117.94661,3.0,2.0,1260.0,SINGLE_FAMILY,4945.0,973500.0,17.0,,,,,,3.134920634920635,"1,000-1,500",False,False,8-30 days,3 beds
1850.0,2025-06-14,"(undisclosed Address), Garden Grove, CA 92841",Garden Grove,92841,,,1.0,1.0,700.0,APARTMENT,,,3.0,,,,,,2.642857142857143,under 700,False,False,0-7 days,1 bed
1950.0,2025-07-01,"6446 Setting Sun Dr, Huntington Beach, CA 92648",Huntington Beach,92648,33.691074,-118.015785,1.0,1.0,600.0,SINGLE_FAMILY,2413.0,3799000.0,12.0,,,,,,3.25,under 700,True,False,8-30 days,1 bed
4300.0,2025-06-01,"4911 Pearce Dr, Huntington Beach, CA 92649",Huntington Beach,92649,33.7193,-118.04296,3.0,3.0,2000.0,SINGLE_FAMILY,5485.0,1572000.0,24.0,,,,,,2.15,"1,500-2,500",True,False,8-30 days,3 beds
4800.0,2025-04-21,"5411 Glenstone Dr, Huntington Beach, CA 92649",Huntington Beach,92649,33.70945,-118.03385,4.0,2.0,1546.0,SINGLE_FAMILY,5004.0,1306900.0,29.0,-200.0,,,,,3.1047865459249677,"1,500-2,500",True,True,8-30 days,4 beds
3595.0,2025-05-15,"7161 Wyoming St APT C, Westminster, CA 92683",Westminster,92683,33.761166,-118.004074,3.0,3.0,,TOWNHOUSE,3748.0,1011800.0,5.0,,,,,,,,False,False,0-7 days,3 beds
25000.0,,"28A Surfside Ave, Seal Beach, CA 90740",Seal Beach,90740,33.725872,-118.080864,4.0,5.0,3007.0,SINGLE_FAMILY,8208.0,5444500.0,106.0,-5000.0,,,,,8.313934153641503,"over 2,500",True,True,90+ days,4 beds
5800.0,2025-04-20,"7837 Newman Ave, Huntington Beach, CA 92647",Huntington Beach,92647,33.70504,-117.9916,4.0,2.0,2000.0,SINGLE_FAMILY,5757.0,1352700.0,51.0,-200.0,,,,,2.9,"1,500-2,500",True,True,31-60 days,4 beds
4999.0,2025-05-15,"(undisclosed Address), Huntington Beach, CA 92647",Huntington Beach,92647,,,3.0,2.0,,SINGLE_FAMILY,4770.0,1301100.0,8.0,,,,,,,,True,False,8-30 days,3 beds
5500.0,,"9960 Sage Cir, Fountain Valley, CA 92708",Fountain Valley,92708,33.720753,-117.95537,4.0,3.0,2476.0,SINGLE_FAMILY,5417.0,1630100.0,37.0,-200.0,,,,,2.221324717285945,"1,500-2,500",False,True,31-60 days,4 beds
8200.0,2025-08-18,"15341 Vermont St, Westminster, CA 92683",Westminster,92683,33.73956,-118.000374,5.0,3.0,2493.0,SINGLE_FAMILY,5890.0,1369100.0,25.0,400.0,,,,,3.2892097874047335,"1,500-2,500",False,False,8-30 days,5+ beds
2300.0,2025-06-01,"17092 A Ln #B, Huntington Beach, CA 92647",Huntington Beach,92647,33.71431,-117.987946,2.0,1.0,,APARTMENT,,,6.0,,,,,,,,True,False,0-7 days,2 beds
2850.0,2025-05-16,"9072 Ingram Ave #2, Garden Grove, CA 92844",Garden Grove,92844,33.7607,-117.971245,3.0,2.0,750.0,APARTMENT,,,4.0,,,,,,3.8,"700-1,000",False,False,0-7 days,3 beds
4500.0,2025-04-29,"8291 Tyler Cir, Huntington Beach, CA 92646",Huntington Beach,92646,33.681206,-117.98347,3.0,1.0,1010.0,SINGLE_FAMILY,4235.0,1151300.0,20.0,-300.0,,,,,4.455445544554456,"1,000-1,500",True,True,8-30 days,3 beds
2750.0,,"(undisclosed Address), Westminster, CA 92683",Westminster,92683,,,2.0,2.0,645.0,SINGLE_FAMILY,2719.0,914000.0,49.0,,,,,,4.263565891472868,under 700,False,False,31-60 days,2 beds
1825.0,,"11521 Stuart Dr APT 11, Garden Grove, CA 92843",Garden Grove,92843,33.77335,-117.92874,1.0,1.0,600.0,APARTMENT,,,112.0,-25.0,,,,,3.0416666666666665,under 700,False,True,90+ days,1 bed
3350.0,2025-05-01,"7872 Cypress Dr, Huntington Beach, CA 92647",Huntington Beach,92647,33.71323,-117.99119,3.0,2.0,877.0,SINGLE_FAMILY,3569.0,839600.0,19.0,-200.0,,,,,3.8198403648802737,"700-1,000",True,True,8-30 days,3 beds
2500.0,2025-05-15,"4892 Kona Dr APT D, Huntington Beach, CA 92649",Huntington Beach,92649,33.727642,-118.04311,2.0,1.0,930.0,APARTMENT,2640.0,,5.0,,,,,,2.6881720430107525,"700-1,000",True,False,0-7 days,2 beds
2250.0,2025-05-07,"303 Seal Beach Blvd APT 2, Seal Beach, CA 90740",Seal Beach,90740,33.739887,-118.096596,1.0,1.0,450.0,APARTMENT,2117.0,,50.0,-50.0,,,,,5.0,under 700,True,True,31-60 days,1 bed
5995.0,2025-05-01,"18196 Santa Joanana, Fountain Valley, CA 92708",Fountain Valley,92708,33.698467,-117.97279,5.0,3.0,2503.0,SINGLE_FAMILY,5462.0,1654400.0,75.0,495.0,,,,,2.3951258489812224,"over 2,500",False,False,61-90 days,5+ beds
3595.0,,"8142 Major Cir #A, Huntington Beach, CA 92647",Huntington Beach,92647,33.714928,-117.98655,3.0,3.0,2000.0,APARTMENT,3952.0,,61.0,-200.0,,,,,1.7975,"1,500-2,500",True,True,61-90 days,3 beds
4900.0,2025-05-17,"9131 Warfield Dr, Huntington Beach, CA 92646",Huntington Beach,92646,33.67856,-117.96893,3.0,2.0,1416.0,SINGLE_FAMILY,4431.0,1393600.0,13.0,,,,,,3.4604519774011298,"1,000-1,500",True,False,8-30 days,3 beds
9995.0,,"17220 Courtney Ln, Huntington Beach, CA 92649",Huntington Beach,92649,33.712017,-118.05233,3.0,3.0,1988.0,SINGLE_FAMILY,8321.0,2148900.0,56.0,-2505.0,,,,,5.027665995975855,"1,500-2,500",True,True,31-60 days,3 beds
2300.0,,"17161 Harbor Bluffs Cir APT D, Huntington Beach, CA 92649",Huntington Beach,92649,33.713005,-118.038185,1.0,1.0,,APARTMENT,,,92.0,-50.0,,,,,,,True,True,90+ days,1 bed
2100.0,2025-04-30,"13152 Westlake St APT B, Garden Grove, CA 92843",Garden Grove,92843,33.77186,-117.94433,1.0,1.0,850.0,APARTMENT,1380.0,,26.0,-20.0,,,,,2.4705882352941178,"700-1,000",False,True,8-30 days,1 bed
3300.0,,"10266 Dakota Ave, Garden Grove, CA 92843",Garden Grove,92843,33.767937,-117.95051,3.0,2.0,1200.0,SINGLE_FAMILY,3393.0,959600.0,5.0,-200.0,,,,,2.75,"1,000-1,500",False,True,0-7 days,3 beds
4350.0,,"1101-1103 Ocean Ave #C-3, Seal Beach, CA 90740",Seal Beach,90740,33.740253,-118.106705,2.0,2.0,1145.0,APARTMENT,,,37.0,150.0,,,,,3.7991266375545854,"1,000-1,500",True,False,31-60 days,2 beds
3390.0,2025-06-01,"10120 Larson Ave, Garden Grove, CA 92843",Garden Grove,92843,33.772255,-117.95265,3.0,2.0,1000.0,SINGLE_FAMILY,,644400.0,27.0,,,,,,3.39,"700-1,000",False,False,8-30 days,3 beds
3200.0,2025-05-01,"8031 15th St, Westminster, CA 92683",Westminster,92683,33.75773,-117.98905,3.0,2.0,1015.0,SINGLE_FAMILY,3354.0,1154400.0,30.0,,,,,,3.1527093596059115,"1,000-1,500",False,False,8-30 days,3 beds
5500.0,,"16095 Mount Hicks St, Fountain Valley, CA 92708",Fountain Valley,92708,33.72954,-117.93358,4.0,3.0,2268.0,SINGLE_FAMILY,5402.0,1329600.0,18.0,,,,,,2.4250440917107583,"1,500-2,500",False,False,8-30 days,4 beds
5300.0,,"7131 Nimrod Dr, Huntington Beach, CA 92647",Huntington Beach,92647,33.7094,-118.004234,4.0,2.0,1906.0,SINGLE_FAMILY,5203.0,1355300.0,28.0,-200.0,,,,,2.7806925498426023,"1,500-2,500",True,True,8-30 days,4 beds
4750.0,,"9657 Lark Cir, Fountain Valley, CA 92708",Fountain Valley,92708,33.695305,-117.96019,4.0,3.0,1528.0,SINGLE_FAMILY,4529.0,1216900.0,11.0,,,,,,3.108638743455497,"1,500-2,500",False,False,8-30 days,4 beds
3000.0,,"13869 La Jolla Plz, Garden Grove, CA 92844",Garden Grove,92844,33.761032,-117.95742,2.0,2.0,1270.0,TOWNHOUSE,2967.0,665300.0,0.0,-500.0,,,,,2.3622047244094486,"1,000-1,500",False,True,0-7 days,2 beds
2995.0,2025-06-01,"11600 Warner Ave APT 540, Fountain Valley, CA 92708",Fountain Valley,92708,33.715626,-117.92642,2.0,2.0,1040.0,APARTMENT,2828.0,569600.0,0.0,,,,,,2.8798076923076925,"1,000-1,500",False,False,0-7 days,2 beds
6700.0,,"19455 Riverdale Ln, Huntington Beach, CA 92648",Huntington Beach,92648,33.678738,-118.026695,3.0,3.0,2065.0,TOWNHOUSE,5164.0,1313200.0,1.0,,,,,,3.2445520581113803,"1,500-2,500",True,False,0-7 days,3 beds
3545.0,2025-06-27,"5892 Nugget Cir, 5892 Nugget Cir #5896, Huntington Beach, CA 92647",Huntington Beach,92647,33.7512,-118.02603,3.0,3.0,1000.0,APARTMENT,,,3.0,,,,,,3.545,"700-1,000",True,False,0-7 days,3 beds
6000.0,,"5382 Marietta Ave, Garden Grove, CA 92845",Garden Grove,92845,33.777447,-118.03899,3.0,2.0,1430.0,SINGLE_FAMILY,3768.0,1063000.0,5.0,-1000.0,,,,,4.195804195804196,"1,000-1,500",False,True,0-7 days,3 beds
3400.0,,"4852 Cabana Dr APT 307, Huntington Beach, CA 92649",Huntington Beach,92649,33.72204,-118.04407,2.0,2.0,1166.0,CONDO,3164.0,477600.0,6.0,,,,,,2.9159519725557463,"1,000-1,500",True,False,0-7 days,2 beds
5500.0,2025-06-15,"7567 Quiet Cove Cir, Huntington Beach, CA 92648",Huntington Beach,92648,33.688118,-117.99716,3.0,3.0,1500.0,SINGLE_FAMILY,3647.0,922200.0,6.0,,,,,,3.6666666666666665,"1,000-1,500",True,False,0-7 days,3 beds
6500.0,,"621 21st St, Huntington Beach, CA 92648",Huntington Beach,92648,33.672188,-118.010925,3.0,3.0,2641.0,SINGLE_FAMILY,6518.0,2052800.0,2.0,,,,,,2.4611889435819765,"over 2,500",True,False,0-7 days,3 beds
6300.0,,"3242 Yellowtail Dr, Los Alamitos, CA 90720",Los Alamitos,90720,33.77693,-118.075325,4.0,3.0,1941.0,SINGLE_FAMILY,6362.0,1571000.0,1.0,,,,,,3.2457496136012365,"1,500-2,500",False,False,0-7 days,4 beds
4200.0,,"6635 Vanguard Ave, Garden Grove, CA 92845",Garden Grove,92845,33.78775,-118.017494,4.0,2.0,1200.0,SINGLE_FAMILY,,975300.0,56.0,,,,,,3.5,"1,000-1,500",False,False,31-60 days,4 beds
8700.0,,"16445 Wimbledon Ln, Huntington Beach, CA 92649",Huntington Beach,92649,33.72332,-118.05677,3.0,3.0,2120.0,TOWNHOUSE,5165.0,1518700.0,0.0,,,,,,4.10377358490566,"1,500-2,500",True,False,0-7 days,3 beds
13600.0,,"3372 Venture Dr, Huntington Beach, CA 92649",Huntington Beach,92649,33.724453,-118.069405,4.0,4.0,4600.0,SINGLE_FAMILY,8033.0,4730900.0,13.0,,,,,,2.9565217391304346,"over 2,500",True,False,8-30 days,4 beds
5700.0,,"6781 Defiance Dr, Huntington Beach, CA 92647",Huntington Beach,92647,33.72417,-118.01048,4.0,3.0,2412.0,SINGLE_FAMILY,5494.0,1597500.0,4.0,-250.0,,,,,2.36318407960199,"1,500-2,500",True,True,0-7 days,4 beds
3100.0,,"12893 Adelle St #1, Garden Grove, CA 92841",Garden Grove,92841,33.77506,-117.98211,1.0,1.0,550.0,MULTI_FAMILY,,1090600.0,19.0,,,,,,5.636363636363637,under 700,False,False,8-30 days,1 bed
3595.0,2025-05-12,"2502 Huntington St #9-09, Huntington Beach, CA 92648",Huntington Beach,92648,33.679546,-117.99484,2.0,3.0,,TOWNHOUSE,,994300.0,8.0,,,,,,,,True,False,8-30 days,2 beds
6795.0,,"624 Goldenwest St, Huntington Beach, CA 92648",Huntington Beach,92648,33.67307,-118.011986,3.0,3.0,2989.0,SINGLE_FAMILY,7381.0,2208900.0,20.0,-5.0,,,,,2.2733355637336903,"over 2,500",True,True,8-30 days,3 beds
20000.0,,"17016 7th St, Sunset Beach, CA 90742",Sunset Beach,90742,33.71486,-118.067154,4.0,2.0,1440.0,SINGLE_FAMILY,4894.0,1437800.0,36.0,,,,,,13.88888888888889,"1,000-1,500",True,False,31-60 days,4 beds
1995.0,,"9542 Alwood Ave APT D, Garden Grove, CA 92841",Garden Grove,92841,33.78695,-117.96665,1.0,1.0,650.0,MULTI_FAMILY,,1249000.0,27.0,-155.0,,,,,3.0692307692307694,under 700,False,True,8-30 days,1 bed
2500.0,,"5032 Dorado Dr APT 204, Huntington Beach, CA 92649",Huntington Beach,92649,33.712914,-118.040634,1.0,1.0,709.0,CONDO,2502.0,491500.0,5.0,,,,,,3.5260930888575457,"700-1,000",True,False,0-7 days,1 bed
4650.0,,"10261 Mast Ave, Westminster, CA 92683",Westminster,92683,33.74849,-117.951,4.0,4.0,1604.0,SINGLE_FAMILY,3737.0,1158100.0,5.0,,,,,,2.899002493765586,"1,500-2,500",False,False,0-7 days,4 beds
6000.0,,"17093 Westport Dr, Huntington Beach, CA 92649",Huntington Beach,92649,33.71459,-118.05272,4.0,2.0,2409.0,SINGLE_FAMILY,6201.0,1967000.0,4.0,,,,,,2.4906600249066004,"1,500-2,500",True,False,0-7 days,4 beds
4200.0,,"17558 Water Garden Ct, Fountain Valley, CA 92708",Fountain Valley,92708,33.707935,-117.952194,3.0,4.0,1853.0,CONDO,4051.0,1036000.0,12.0,,,,,,2.266594711279007,"1,500-2,500",False,False,8-30 days,3 beds
4950.0,,"4165 Warner Ave APT 303, Huntington Beach, CA 92649",Huntington Beach,92649,33.71196,-118.05479,2.0,2.0,1467.0,CONDO,4795.0,1208700.0,7.0,,,,,,3.374233128834356,"1,000-1,500",True,False,0-7 days,2 beds
2100.0,,"14041 Newland St, Westminster, CA 92683",Westminster,92683,33.75867,-117.9818,0.0,1.0,,TOWNHOUSE,,831900.0,26.0,,,,,,,,False,False,8-30 days,Studio
2375.0,,"19002 Huntington St APT B, Huntington Beach, CA 92648",Huntington Beach,92648,33.68643,-117.99497,1.0,1.0,700.0,MULTI_FAMILY,1794.0,710200.0,6.0,,,,,,3.392857142857143,under 700,True,False,0-7 days,1 bed
3700.0,,"17110 Bluewater Ln, Huntington Beach, CA 92649",Huntington Beach,92649,33.71359,-118.0632,1.0,2.0,716.0,CONDO,,809500.0,18.0,,,,,,5.167597765363128,"700-1,000",True,False,8-30 days,1 bed
2800.0,,"11877 Brookhaven Cir, Garden Grove, CA 92840",Garden Grove,92840,33.7899,-117.95728,2.0,2.0,1000.0,CONDO,2797.0,544700.0,11.0,,,,,,2.8,"700-1,000",False,False,8-30 days,2 beds
4100.0,,"19442 Sunray Ln UNIT 204, Huntington Beach, CA 92648",Huntington Beach,92648,33.682434,-117.997025,2.0,2.0,1357.0,CONDO,3919.0,929000.0,8.0,,,,,,3.021370670596905,"1,000-1,500",True,False,8-30 days,2 beds
4350.0,,"7702 Rapids Dr, Huntington Beach, CA 92648",Huntington Beach,92648,33.692913,-117.99421,3.0,3.0,1404.0,TOWNHOUSE,3760.0,928900.0,33.0,,,,,,3.0982905982905984,"1,000-1,500",True,False,31-60 days,3 beds
2950.0,,"17661 Sergio Cir #CI202, Huntington Beach, CA 92647",Huntington Beach,92647,33.70577,-117.98664,2.0,2.0,1007.0,CONDO,,629200.0,8.0,,,,,,2.929493545183714,"1,000-1,500",True,False,8-30 days,2 beds
5500.0,,"11422 Harrisburg Rd, Los Alamitos, CA 90720",Los Alamitos,90720,33.79655,-118.07299,3.0,2.0,1804.0,SINGLE_FAMILY,5364.0,1477400.0,27.0,,,,,,3.048780487804878,"1,500-2,500",False,False,8-30 days,3 beds
6500.0,,"3310 Tempe Dr, Huntington Beach, CA 92649",Huntington Beach,92649,33.727222,-118.07047,2.0,3.0,1658.0,CONDO,6123.0,1352600.0,77.0,-400.0,,,,,3.9203860072376355,"1,500-2,500",True,True,61-90 days,2 beds
2550.0,2025-05-05,"Glen Apartments, 8736 Westminster Blvd, Westminster, CA 92683",Westminster,92683,33.75933,-117.97676,2.0,2.0,1000.0,APARTMENT,,,6.0,,,,,,2.55,"700-1,000",False,False,0-7 days,2 beds
7500.0,,"16775 15th St #B, Sunset Beach, CA 90742",Sunset Beach,90742,33.718773,-118.07199,4.0,4.0,2256.0,SINGLE_FAMILY,7552.0,2087200.0,66.0,-1000.0,,,,,3.324468085106383,"1,500-2,500",True,True,61-90 days,4 beds
1850.0,,"11115 Slater Ave #B, Fountain Valley, CA 92708",Fountain Valley,92708,33.70942,-117.935036,,1.0,720.0,MULTI_FAMILY,2396.0,1328600.0,7.0,,,,,,2.5694444444444446,"700-1,000",False,False,0-7 days,
3500.0,,"2170 S Euclid St, Anaheim, CA 92802",Anaheim,92802,33.793404,-117.9409,2.0,2.0,1092.0,SINGLE_FAMILY,3269.0,666900.0,47.0,-150.0,,,,,3.2051282051282053,"1,000-1,500",False,True,31-60 days,2 beds
5000.0,,"5336 Charlotta Dr, Huntington Beach, CA 92649",Huntington Beach,92649,33.718327,-118.03582,3.0,3.0,2000.0,SINGLE_FAMILY,5012.0,1524300.0,22.0,,,,,,2.5,"1,500-2,500",True,False,8-30 days,3 beds
5500.0,,"17482 Bellport Cir, Huntington Beach, CA 92649",Huntington Beach,92649,33.70863,-118.033646,4.0,2.0,1546.0,SINGLE_FAMILY,5192.0,1456000.0,36.0,-150.0,,,,,3.557567917205692,"1,500-2,500",True,True,31-60 days,4 beds
3850.0,,"10300 Columbia River Ct, Fountain Valley, CA 92708",Fountain Valley,92708,33.699482,-117.949,3.0,3.0,1536.0,SINGLE_FAMILY,3886.0,973300.0,12.0,,,,,,2.5065104166666665,"1,500-2,500",False,False,8-30 days,3 beds
7900.0,,"19036 Stonehurst Ln, Huntington Beach, CA 92648",Huntington Beach,92648,33.682064,-118.019745,4.0,4.0,3339.0,SINGLE_FAMILY,7889.0,2631000.0,58.0,-600.0,,,,,2.365977837675951,"over 2,500",True,True,31-60 days,4 beds
5300.0,,"6662 Brentwood Dr, Huntington Beach, CA 92648",Huntington Beach,92648,33.685677,-118.01241,3.0,2.0,1783.0,SINGLE_FAMILY,5458.0,1501800.0,38.0,-300.0,,,,,2.9725182277061135,"1,500-2,500",True,True,31-60 days,3 beds
5500.0,,"16255 Pacific Cir APT 105, Huntington Beach, CA 92649",Huntington Beach,92649,33.72557,-118.07819,3.0,4.0,2006.0,CONDO,5942.0,,64.0,,,,,,2.7417746759720836,"1,500-2,500",True,False,61-90 days,3 beds
24395.0,,"7571 Warner Ave #B, Huntington Beach, CA 92647",Huntington Beach,92647,33.715885,-117.996605,2.0,2.0,900.0,APARTMENT,,,27.0,21900.0,,,,,27.105555555555554,"700-1,000",True,False,8-30 days,2 beds
5200.0,,"10460 Teal Cir, Fountain Valley, CA 92708",Fountain Valley,92708,33.688004,-117.94608,4.0,3.0,2025.0,SINGLE_FAMILY,5374.0,,32.0,-400.0,,,,,2.567901234567901,"1,500-2,500",False,True,31-60 days,4 beds
6900.0,,"19235 Brynn Ct, Huntington Beach, CA 92648",Huntington Beach,92648,33.683475,-118.00024,3.0,3.0,2002.0,SINGLE_FAMILY,5509.0,1536400.0,135.0,,,,,,3.4465534465534464,"1,500-2,500",True,False,90+ days,3 beds
4000.0,,"15181 Jackson St, Midway City, CA 92655",Midway City,92655,33.742092,-117.987755,3.0,2.0,900.0,SINGLE_FAMILY,3873.0,1629400.0,68.0,,,,,,4.444444444444445,"700-1,000",False,False,61-90 days,3 beds
15300.0,,"132 13th St, Seal Beach, CA 90740",Seal Beach,90740,33.73925,-118.1019,5.0,6.0,3808.0,TOWNHOUSE,7939.0,2633100.0,127.0,,,,,,4.017857142857143,"over 2,500",True,False,90+ days,5+ beds
3550.0,2025-05-01,"10105 Crosby Ave, Garden Grove, CA 92843",Garden Grove,92843,33.77136,-117.95295,3.0,2.0,1200.0,SINGLE_FAMILY,,706900.0,27.0,,,,,,2.9583333333333335,"1,000-1,500",False,False,8-30 days,3 beds
7000.0,,"17351 Buttonwood St, Fountain Valley, CA 92708",Fountain Valley,92708,33.710842,-117.96016,4.0,3.0,2119.0,SINGLE_FAMILY,6395.0,1678400.0,45.0,,,,,,3.303445021236432,"1,500-2,500",False,False,31-60 days,4 beds
9000.0,,"304 Goldenwest St, Huntington Beach, CA 92648",Huntington Beach,92648,33.669956,-118.01518,3.0,4.0,3055.0,SINGLE_FAMILY,8233.0,2706200.0,121.0,-1000.0,,,,,2.9459901800327333,"over 2,500",True,True,90+ days,3 beds
2695.0,2025-04-21,"7932 Stark Dr., 7932 Stark Dr APT 5, Huntington Beach, CA 92647",Huntington Beach,92647,33.72736,-117.99021,2.0,2.0,1000.0,APARTMENT,2765.0,,14.0,,,,,,2.695,"700-1,000",True,False,8-30 days,2 beds
2800.0,,"17531 Newland St, Huntington Beach, CA 92647",Huntington Beach,92647,33.708076,-117.98074,2.0,2.0,1100.0,CONDO,2881.0,,31.0,,,,,,2.5454545454545454,"1,000-1,500",True,False,31-60 days,2 beds
2050.0,,"13812 La Pat Pl #1X1-2050, Westminster, CA 92683",Westminster,92683,33.76183,-118.014244,1.0,1.0,,APARTMENT,,,77.0,,,,,,,,False,False,61-90 days,1 bed
2250.0,2025-05-10,"12555 Euclid St APT 18, Garden Grove, CA 92840",Garden Grove,92840,33.77976,-117.94162,1.0,1.0,952.0,APARTMENT,2378.0,450600.0,46.0,-100.0,,,,,2.3634453781512605,"700-1,000",False,True,31-60 days,1 bed
1800.0,,"11672 Beach Blvd #7, Stanton, CA 90680",Stanton,90680,33.79316,-117.99229,1.0,1.0,250.0,APARTMENT,1881.0,,467.0,,,,,,7.2,under 700,False,False,90+ days,1 bed
2500.0,,"12581 Jane Dr, Garden Grove, CA 92841",Garden Grove,92841,33.78001,-117.96487,1.0,1.0,650.0,SINGLE_FAMILY,2374.0,1115900.0,41.0,,,,,,3.8461538461538463,under 700,False,False,31-60 days,1 bed
3800.0,,"2317 England St, Huntington Beach, CA 92648",Huntington Beach,92648,33.678223,-117.99213,2.0,1.0,832.0,SINGLE_FAMILY,,647100.0,50.0,,,,,,4.5673076923076925,"700-1,000",True,False,31-60 days,2 beds
5500.0,,"16826 Pembrook Ln, Huntington Beach, CA 92649",Huntington Beach,92649,33.718197,-118.03437,4.0,3.0,2229.0,SINGLE_FAMILY,5697.0,1778400.0,55.0,-195.0,,,,,2.46747420367878,"1,500-2,500",True,True,31-60 days,4 beds
2990.0,,"6562 Westpark Pl #A, Westminster, CA 92683",Westminster,92683,33.76195,-118.01289,3.0,3.0,1414.0,TOWNHOUSE,,,4.0,,,,,,2.1145685997171144,"1,000-1,500",False,False,0-7 days,3 beds
2800.0,,"6600 Warner Ave UNIT 84, Huntington Beach, CA 92647",Huntington Beach,92647,33.714264,-118.01411,1.0,1.0,785.0,CONDO,2352.0,466800.0,116.0,-200.0,,,,,3.56687898089172,"700-1,000",True,True,90+ days,1 bed
3200.0,2025-05-15,"17062 Bluff Cir, Huntington Beach, CA 92646",Huntington Beach,92646,33.69452,-117.982216,2.0,2.0,1100.0,APARTMENT,,,46.0,,,,,,2.909090909090909,"1,000-1,500",True,False,31-60 days,2 beds
3600.0,,"11086 El Amarillo Ave, Fountain Valley, CA 92708",Fountain Valley,92708,33.71078,-117.93557,3.0,3.0,1320.0,TOWNHOUSE,3523.0,855300.0,65.0,,,,,,2.727272727272727,"1,000-1,500",False,False,61-90 days,3 beds
4350.0,2025-06-22,"12201 Diamond St, Garden Grove, CA 92845",Garden Grove,92845,33.785454,-118.0215,3.0,2.0,1674.0,SINGLE_FAMILY,3604.0,1041400.0,11.0,,,,,,2.598566308243728,"1,500-2,500",False,False,8-30 days,3 beds
2595.0,,"7942 Stark Dr., 7942 Stark Dr APT 7, Huntington Beach, CA 92647",Huntington Beach,92647,33.72736,-117.99004,2.0,2.0,1000.0,APARTMENT,2765.0,,66.0,-100.0,,,,,2.595,"700-1,000",True,True,61-90 days,2 beds
4200.0,,"16882 Eastlake Ln UNIT 97, Huntington Beach, CA 92647",Huntington Beach,92647,33.717392,-117.99024,3.0,3.0,1520.0,TOWNHOUSE,3926.0,829000.0,105.0,-100.0,,,,,2.763157894736842,"1,500-2,500",True,True,90+ days,3 beds
3200.0,,"9896 William Dalton Way, Garden Grove, CA 92841",Garden Grove,92841,33.77427,-117.937996,3.0,2.0,1200.0,SINGLE_FAMILY,,751300.0,7.0,,,,,,2.6666666666666665,"1,000-1,500",False,False,0-7 days,3 beds
6450.0,,"18091 Newland St, Huntington Beach, CA 92646",Huntington Beach,92646,33.699688,-117.98061,4.0,2.0,1200.0,SINGLE_FAMILY,5138.0,1071900.0,110.0,,,,,,5.375,"1,000-1,500",True,False,90+ days,4 beds
11800.0,,"16311 Typhoon Ln, Huntington Beach, CA 92649",Huntington Beach,92649,33.725544,-118.07083,4.0,4.0,3135.0,SINGLE_FAMILY,8621.0,3718100.0,7.0,,,,,,3.7639553429027113,"over 2,500",True,False,0-7 days,4 beds
5000.0,,"8451 Pepperwood Cir, Westminster, CA 92683",Westminster,92683,33.73899,-117.981804,4.0,3.0,2281.0,SINGLE_FAMILY,5237.0,1410000.0,5.0,,,,,,2.1920210434020166,"1,500-2,500",False,False,0-7 days,4 beds
2950.0,,"12621 Moordale Cir #H, Stanton, CA 90680",Stanton,90680,33.778492,-117.99582,2.0,3.0,1014.0,CONDO,,,5.0,,,,,,2.9092702169625246,"1,000-1,500",False,False,0-7 days,2 beds
4400.0,2025-05-12,"12641 Ohmer Way, Garden Grove, CA 92841",Garden Grove,92841,33.778915,-117.96933,4.0,2.0,1303.0,SINGLE_FAMILY,3526.0,960900.0,7.0,-100.0,,,,,3.3768227168073675,"1,000-1,500",False,True,0-7 days,4 beds
5000.0,,"15751 Hummingbird Ln, Huntington Beach, CA 92649",Huntington Beach,92649,33.733196,-118.037895,4.0,2.0,1279.0,SINGLE_FAMILY,4215.0,1224600.0,5.0,,,,,,3.9093041438623923,"1,000-1,500",True,False,0-7 days,4 beds
6295.0,2025-05-09,"16741 Leafwood Cir, Huntington Beach, CA 92647",Huntington Beach,92647,33.71918,-117.98772,4.0,2.0,1917.0,SINGLE_FAMILY,5265.0,1334700.0,10.0,,,,,,3.2837767344809596,"1,500-2,500",True,False,8-30 days,4 beds
3200.0,,"17166 Bluewater Ln #167, Huntington Beach, CA 92649",Huntington Beach,92649,33.71301,-118.062515,2.0,1.0,871.0,CONDO,3283.0,758500.0,18.0,-100.0,,,,,3.6739380022962114,"700-1,000",True,True,8-30 days,2 beds
4350.0,,"18761 Chapel Ln, Huntington Beach, CA 92646",Huntington Beach,92646,33.690582,-117.985245,2.0,3.0,1254.0,TOWNHOUSE,3999.0,862900.0,17.0,-145.0,,,,,3.4688995215311005,"1,000-1,500",True,True,8-30 days,2 beds
6000.0,,"12431 Casper St, Garden Grove, CA 92845",Garden Grove,92845,33.78199,-118.04035,4.0,2.0,1393.0,SINGLE_FAMILY,4197.0,1244500.0,13.0,,,,,,4.3072505384063176,"1,000-1,500",False,False,8-30 days,4 beds
6200.0,,"3366 Tempe Dr, Huntington Beach, CA 92649",Huntington Beach,92649,33.72797,-118.0695,2.0,3.0,1658.0,SINGLE_FAMILY,6223.0,1580000.0,15.0,,,,,,3.7394451145958985,"1,500-2,500",True,False,8-30 days,2 beds
5500.0,,"5241 Loyola Ave, Westminster, CA 92683",Westminster,92683,33.7629,-118.03831,4.0,3.0,2591.0,SINGLE_FAMILY,4684.0,1450700.0,9.0,,,,,,2.122732535700502,"over 2,500",False,False,8-30 days,4 beds
6800.0,,"17675 Rainglen Ln, Huntington Beach, CA 92649",Huntington Beach,92649,33.705547,-118.034004,3.0,3.0,2336.0,SINGLE_FAMILY,6554.0,1636600.0,13.0,-300.0,,,,,2.910958904109589,"1,500-2,500",True,True,8-30 days,3 beds
6800.0,,"525 20th St, Huntington Beach, CA 92648",Huntington Beach,92648,33.670856,-118.01089,3.0,4.0,2765.0,SINGLE_FAMILY,7612.0,2250000.0,34.0,,,,,,2.4593128390596743,"over 2,500",True,False,31-60 days,3 beds
6300.0,,"3481 Aquarius Dr, Huntington Beach, CA 92649",Huntington Beach,92649,33.726196,-118.067505,3.0,3.0,2908.0,SINGLE_FAMILY,7863.0,2414400.0,26.0,,,,,,2.1664374140302614,"over 2,500",True,False,8-30 days,3 beds
3545.0,,"5896 Nugget Cir, Huntington Beach, CA 92647",Huntington Beach,92647,33.751205,-118.02603,3.0,3.0,1000.0,SINGLE_FAMILY,4451.0,991200.0,4.0,,,,,,3.545,"700-1,000",True,False,0-7 days,3 beds
3195.0,,"16572 Delton Cir APT 1, Huntington Beach, CA 92647",Huntington Beach,92647,33.72172,-118.00259,3.0,2.0,1200.0,APARTMENT,,,12.0,,,,,,2.6625,"1,000-1,500",True,False,8-30 days,3 beds
6500.0,,"17941 Olivia Ln, Huntington Beach, CA 92647",Huntington Beach,92647,33.70166,-117.98084,3.0,3.0,1840.0,TOWNHOUSE,,1175800.0,84.0,-250.0,,,,,3.532608695652174,"1,500-2,500",True,True,61-90 days,3 beds
3900.0,,"12561 Jane Dr, Garden Grove, CA 92841",Garden Grove,92841,33.780437,-117.964874,3.0,2.0,1200.0,SINGLE_FAMILY,3647.0,1068500.0,21.0,-100.0,,,,,3.25,"1,000-1,500",False,True,8-30 days,3 beds
5000.0,,"1409 Lakeside Ln, Huntington Beach, CA 92648",Huntington Beach,92648,33.669888,-117.98932,3.0,3.0,1679.0,SINGLE_FAMILY,4449.0,1259200.0,6.0,,,,,,2.9779630732578917,"1,500-2,500",True,False,0-7 days,3 beds
5299.0,,"9640 Nightingale Ave, Fountain Valley, CA 92708",Fountain Valley,92708,33.689735,-117.96037,4.0,3.0,1650.0,SINGLE_FAMILY,5276.0,1316000.0,13.0,,,,,,3.2115151515151514,"1,500-2,500",False,False,8-30 days,4 beds
3750.0,,"7652 Garfield Ave SPACE 46, Huntington Beach, CA 92648",Huntington Beach,92648,33.685696,-117.99419,3.0,2.0,1040.0,MANUFACTURED,3346.0,228700.0,18.0,,,,,,3.605769230769231,"1,000-1,500",True,False,8-30 days,3 beds
15000.0,,"16585 Pacific Coast Hwy, Sunset Beach, CA 90742",Sunset Beach,90742,33.721207,-118.07467,4.0,3.0,3250.0,CONDO,7580.0,2838300.0,36.0,,,,,,4.615384615384615,"over 2,500",True,False,31-60 days,4 beds
4900.0,,"6232 Albion Dr, Huntington Beach, CA 92647",Huntington Beach,92647,33.7351,-118.01999,4.0,2.0,1630.0,SINGLE_FAMILY,4549.0,999300.0,3.0,,,,,,3.0061349693251533,"1,500-2,500",True,False,0-7 days,4 beds
5500.0,,"6322 Marcellena Dr, Huntington Beach, CA 92647",Huntington Beach,92647,33.710186,-118.01808,4.0,3.0,2243.0,SINGLE_FAMILY,5428.0,1441400.0,17.0,,,,,,2.452073116362015,"1,500-2,500",True,False,8-30 days,4 beds
1895.0,,"8160-68 Orangewd, 8160-8168 Orangewood Ave #81605, Stanton, CA 90680",Stanton,90680,33.795593,-118.00109,1.0,1.0,630.0,APARTMENT,,,21.0,,,,,,3.007936507936508,under 700,False,False,8-30 days,1 bed
6000.0,,"10101 Crosby Ave, Garden Grove, CA 92843",Garden Grove,92843,33.77161,-117.9531,4.0,4.0,3100.0,SINGLE_FAMILY,5682.0,1451200.0,27.0,,,,,,1.935483870967742,"over 2,500",False,False,8-30 days,4 beds
4500.0,,"16887 S Pacific Ave, Sunset Beach, CA 90742",Sunset Beach,90742,33.716167,-118.06995,2.0,1.0,900.0,SINGLE_FAMILY,4265.0,909800.0,18.0,,,,,,5.0,"700-1,000",True,False,8-30 days,2 beds
3095.0,,"12091 Bailey St APT 1, Garden Grove, CA 92845",Garden Grove,92845,33.78707,-118.03237,2.0,2.0,4324.0,MULTI_FAMILY,3012.0,1777900.0,22.0,,,,,,0.71577243293247,"over 2,500",False,False,8-30 days,2 beds
4700.0,,"7999 Stepping Stone Cir, Stanton, CA 90680",Stanton,90680,33.779724,-117.993225,4.0,3.0,2208.0,SINGLE_FAMILY,4876.0,1162700.0,35.0,-300.0,,,,,2.128623188405797,"1,500-2,500",False,True,31-60 days,4 beds
5275.0,,"17152 Englewood Cir, Huntington Beach, CA 92647",Huntington Beach,92647,33.71307,-118.01596,4.0,3.0,2700.0,SINGLE_FAMILY,5496.0,1587200.0,5.0,,,,,,1.9537037037037037,"over 2,500",True,False,0-7 days,4 beds
2675.0,,"615 Utica Ave APT 4, Huntington Beach, CA 92648",Huntington Beach,92648,33.676044,-117.99129,2.0,2.0,860.0,MULTI_FAMILY,2746.0,1011700.0,18.0,,,,,,3.11046511627907,"700-1,000",True,False,8-30 days,2 beds
4495.0,,"15720 Rose Ln, Westminster, CA 92683",Westminster,92683,33.73408,-117.96954,4.0,2.0,1468.0,SINGLE_FAMILY,4297.0,1131900.0,18.0,,,,,,3.061989100817439,"1,000-1,500",False,False,8-30 days,4 beds
6950.0,,"19315 Brooktrail Ln, Huntington Beach, CA 92648",Huntington Beach,92648,33.680546,-118.02612,3.0,3.0,2027.0,TOWNHOUSE,5865.0,1638500.0,39.0,,,,,,3.428712382831771,"1,500-2,500",True,False,31-60 days,3 beds
2200.0,,"11740 Beach Blvd #7, Stanton, CA 90680",Stanton,90680,33.792248,-117.99228,1.0,1.0,300.0,APARTMENT,1935.0,,467.0,,,,,,7.333333333333333,under 700,False,False,90+ days,1 bed
3900.0,,"18188 Mesa Verde Ct, Fountain Valley, CA 92708",Fountain Valley,92708,33.69907,-117.94899,3.0,3.0,1536.0,SINGLE_FAMILY,3882.0,907400.0,12.0,,,,,,2.5390625,"1,500-2,500",False,False,8-30 days,3 beds
3100.0,,"17681 Sergio Cir APT 204, Huntington Beach, CA 92647",Huntington Beach,92647,33.7057,-117.98676,2.0,2.0,957.0,CONDO,3091.0,626800.0,27.0,-100.0,,,,,3.239289446185998,"700-1,000",True,True,8-30 days,2 beds
3995.0,2025-05-16,"11411 Chapman Ave, Garden Grove, CA 92840",Garden Grove,92840,33.789024,-117.93373,3.0,2.0,1358.0,SINGLE_FAMILY,3689.0,921600.0,11.0,,,,,,2.9418262150220915,"1,000-1,500",False,False,8-30 days,3 beds
2750.0,2025-04-22,"16602, 16602 Regina Cir APT 4, Huntington Beach, CA 92649",Huntington Beach,92649,33.721127,-118.039314,2.0,2.0,900.0,APARTMENT,2742.0,,31.0,,,,,,3.0555555555555554,"700-1,000",True,False,31-60 days,2 beds
5600.0,,"4671 Wellfleet Dr, Huntington Beach, CA 92649",Huntington Beach,92649,33.71092,-118.04703,3.0,3.0,1730.0,SINGLE_FAMILY,5721.0,1622500.0,36.0,-400.0,,,,,3.2369942196531793,"1,500-2,500",True,True,31-60 days,3 beds
3800.0,,"17061 Grove Cir APT A, Huntington Beach, CA 92647",Huntington Beach,92647,33.71462,-118.02119,3.0,2.0,1100.0,MULTI_FAMILY,,1257100.0,55.0,,,,,,3.4545454545454546,"1,000-1,500",True,False,31-60 days,3 beds
5000.0,,"8952 McClure Ave, Westminster, CA 92683",Westminster,92683,33.75419,-117.97278,3.0,2.0,1533.0,SINGLE_FAMILY,4446.0,1103500.0,70.0,-500.0,,,,,3.2615786040443573,"1,500-2,500",False,True,61-90 days,3 beds
2295.0,2025-05-05,"16875 Lynn Ln APT 15, Huntington Beach, CA 92649",Huntington Beach,92649,33.716534,-118.04634,1.0,1.0,850.0,APARTMENT,,,15.0,-55.0,,,,,2.7,"700-1,000",True,True,8-30 days,1 bed
4000.0,2025-06-01,"11692 Jerry Ln, Garden Grove, CA 92840",Garden Grove,92840,33.784676,-117.928535,4.0,2.0,1200.0,SINGLE_FAMILY,3786.0,900500.0,45.0,,,,,,3.3333333333333335,"1,000-1,500",False,False,31-60 days,4 beds
2500.0,2025-05-01,"12926 Sycamore St, Garden Grove, CA 92841",Garden Grove,92841,33.77468,-117.9894,2.0,2.0,940.0,SINGLE_FAMILY,2608.0,666500.0,30.0,,,,,,2.6595744680851063,"700-1,000",False,False,8-30 days,2 beds
2775.0,,"15814 Norwich Cir, Westminster, CA 92683",Westminster,92683,33.733253,-117.95169,2.0,2.0,800.0,SINGLE_FAMILY,,783300.0,38.0,,,,,,3.46875,"700-1,000",False,False,31-60 days,2 beds
4450.0,2025-06-07,"19102 Sloop Cir, Huntington Beach, CA 92648",Huntington Beach,92648,33.685318,-117.992546,3.0,3.0,1496.0,TOWNHOUSE,3916.0,830200.0,5.0,,,,,,2.9745989304812834,"1,000-1,500",True,False,0-7 days,3 beds
3100.0,2025-06-01,"5534 Apia Dr, Cypress, CA 90630",Cypress,90630,33.792446,-118.0365,2.0,1.0,1028.0,SINGLE_FAMILY,2955.0,887900.0,6.0,,,,,,3.0155642023346303,"1,000-1,500",False,False,0-7 days,2 beds
2680.0,2025-05-05,"14151 Flower St, Garden Grove, CA 92843",Garden Grove,92843,33.757214,-117.95335,2.0,2.0,900.0,APARTMENT,2623.0,,14.0,185.0,,,,,2.977777777777778,"700-1,000",False,False,8-30 days,2 beds
2550.0,,"13782 Hoover St #39, Westminster, CA 92683",Westminster,92683,33.762325,-117.99754,2.0,2.0,,APARTMENT,,,19.0,,,,,,,,False,False,8-30 days,2 beds
2395.0,2025-05-13,"13119 Cypress St #22, Garden Grove, CA 92843",Garden Grove,92843,33.772644,-117.94911,2.0,2.0,1100.0,APARTMENT,,,7.0,,,,,,2.1772727272727272,"1,000-1,500",False,False,0-7 days,2 beds
2600.0,2025-06-01,"13371 Danbury Ln #136K, Seal Beach, CA 90740",Seal Beach,90740,33.768295,-118.08677,2.0,1.0,750.0,APARTMENT,,,93.0,100.0,,,,,3.466666666666667,"700-1,000",True,False,90+ days,2 beds
3400.0,2025-05-07,"(undisclosed Address), Garden Grove, CA 92840",Garden Grove,92840,,,4.0,2.0,1267.0,SINGLE_FAMILY,,891300.0,13.0,,,,,,2.6835043409629047,"1,000-1,500",False,False,8-30 days,4 beds
2700.0,2025-05-07,"13154 Cedar St, Westminster, CA 92683",Westminster,92683,33.771152,-118.00318,2.0,2.0,800.0,APARTMENT,2526.0,,13.0,,,,,,3.375,"700-1,000",False,False,8-30 days,2 beds
3500.0,2025-05-01,"14561 Ashmore Cir, Westminster, CA 92683",Westminster,92683,33.750057,-118.00882,3.0,2.0,1200.0,SINGLE_FAMILY,3860.0,939600.0,16.0,,,,,,2.9166666666666665,"1,000-1,500",False,False,8-30 days,3 beds
2700.0,2025-04-29,"4740 Warner Ave #101, Huntington Beach, CA 92649",Huntington Beach,92649,33.714733,-118.046036,2.0,2.0,1200.0,APARTMENT,,,21.0,,,,,,2.25,"1,000-1,500",True,False,8-30 days,2 beds
5150.0,2025-05-14,"17135 Buttonwood St, Fountain Valley, CA 92708",Fountain Valley,92708,33.71439,-117.96277,4.0,3.0,2119.0,SINGLE_FAMILY,6279.0,1522100.0,5.0,,,,,,2.430391694195375,"1,500-2,500",False,False,0-7 days,4 beds
3500.0,2025-05-16,"9072 Ingram Ave, Garden Grove, CA 92844",Garden Grove,92844,33.760696,-117.97124,3.0,2.0,1204.0,SINGLE_FAMILY,3815.0,1025200.0,4.0,,,,,,2.9069767441860463,"1,000-1,500",False,False,0-7 days,3 beds
7200.0,2025-06-01,"5672 Larkmont Dr, Huntington Beach, CA 92649",Huntington Beach,92649,33.704536,-118.029495,4.0,3.0,3091.0,SINGLE_FAMILY,6576.0,2226800.0,14.0,,,,,,2.3293432546101585,"over 2,500",True,False,8-30 days,4 beds
2750.0,2025-06-01,"6558 Walt St, Westminster, CA 92683",Westminster,92683,33.75679,-118.01499,2.0,2.0,750.0,SINGLE_FAMILY,2505.0,624800.0,12.0,,,,,,3.6666666666666665,"700-1,000",False,False,8-30 days,2 beds
2900.0,2025-04-24,"14352 Beach Blvd SPACE 109, Westminster, CA 92683",Westminster,92683,33.753826,-117.9892,2.0,2.0,1100.0,APARTMENT,2868.0,,26.0,,,,,,2.6363636363636362,"1,000-1,500",False,False,8-30 days,2 beds
2975.0,2025-05-02,"17661 Sergio Cir APT 203, Huntington Beach, CA 92647",Huntington Beach,92647,33.705765,-117.98664,2.0,2.0,1000.0,APARTMENT,3105.0,639700.0,28.0,,,,,,2.975,"700-1,000",True,False,8-30 days,2 beds
3375.0,2025-05-07,"143 7th St #B, Seal Beach, CA 90740",Seal Beach,90740,33.742245,-118.10694,2.0,2.0,950.0,APARTMENT,,,29.0,-75.0,,,,,3.5526315789473686,"700-1,000",True,True,8-30 days,2 beds
4000.0,2025-09-01,"10173 Decima Dr, Westminster, CA 92683",Westminster,92683,33.741135,-117.95164,3.0,3.0,1628.0,TOWNHOUSE,3848.0,766200.0,10.0,,,,,,2.457002457002457,"1,500-2,500",False,False,8-30 days,3 beds
3900.0,2025-04-29,"17081 Sims Ln APT B, Huntington Beach, CA 92649",Huntington Beach,92649,33.713978,-118.04819,3.0,2.0,,APARTMENT,3427.0,,21.0,,,,,,,,True,False,8-30 days,3 beds
5700.0,2025-05-01,"6041 Littlefield Dr, Huntington Beach, CA 92648",Huntington Beach,92648,33.697742,-118.022964,4.0,3.0,2016.0,SINGLE_FAMILY,6040.0,1605200.0,32.0,-200.0,,,,,2.8273809523809526,"1,500-2,500",True,True,31-60 days,4 beds
2650.0,2025-05-01,"7612 Amazon Dr #3, Huntington Beach, CA 92647",Huntington Beach,92647,33.726807,-117.99587,2.0,2.0,950.0,APARTMENT,2733.0,,29.0,,,,,,2.789473684210526,"700-1,000",True,False,8-30 days,2 beds
2675.0,2025-04-26,"5132 Dunbar Dr APT A1, Huntington Beach, CA 92649",Huntington Beach,92649,33.713806,-118.038765,2.0,1.0,1000.0,APARTMENT,,,28.0,,,,,,2.675,"700-1,000",True,False,8-30 days,2 beds
2998.0,,"17168 Newhope St APT 111, Fountain Valley, CA 92708",Fountain Valley,92708,33.71475,-117.926956,2.0,2.0,805.0,APARTMENT,2585.0,525500.0,46.0,-102.0,,,,,3.724223602484472,"700-1,000",False,True,31-60 days,2 beds
2925.0,,"16885 Lynn Ln APT 1, Huntington Beach, CA 92649",Huntington Beach,92649,33.716457,-118.04593,2.0,2.0,1060.0,APARTMENT,2909.0,,50.0,-75.0,,,,,2.759433962264151,"1,000-1,500",True,True,31-60 days,2 beds
3500.0,2025-04-22,"(undisclosed Address), Westminster, CA 92683",Westminster,92683,,,3.0,2.0,1200.0,SINGLE_FAMILY,,897600.0,28.0,,,,,,2.9166666666666665,"1,000-1,500",False,False,8-30 days,3 beds
17500.0,2025-07-01,"16171 Santa Barbara Ln, Huntington Beach, CA 92649",Huntington Beach,92649,33.72717,-118.05736,4.0,4.0,3719.0,SINGLE_FAMILY,10379.0,3909700.0,30.0,-1000.0,,,,,4.705566012368917,"over 2,500",True,True,8-30 days,4 beds
6000.0,,"6247 Surfboard Cir, Huntington Beach, CA 92648",Huntington Beach,92648,33.679996,-118.02945,3.0,3.0,2140.0,TOWNHOUSE,5658.0,1463600.0,8.0,,,,,,2.803738317757009,"1,500-2,500",True,False,8-30 days,3 beds
3300.0,2025-05-07,"112 10th St #7, Seal Beach, CA 90740",Seal Beach,90740,33.739754,-118.10441,2.0,1.0,1000.0,APARTMENT,,,47.0,-100.0,,,,,3.3,"700-1,000",True,True,31-60 days,2 beds
6010.0,2025-05-01,"6812 Glen Dr, Huntington Beach, CA 92647",Huntington Beach,92647,33.73382,-118.0101,5.0,4.0,2520.0,SINGLE_FAMILY,5879.0,1491600.0,67.0,,,,,,2.384920634920635,"over 2,500",True,False,61-90 days,5+ beds
2995.0,,"1632 Ocean Ave APT B, Seal Beach, CA 90740",Seal Beach,90740,33.73738,-118.09844,2.0,1.0,925.0,APARTMENT,2983.0,,41.0,-505.0,,,,,3.2378378378378376,"700-1,000",True,True,31-60 days,2 beds
2395.0,2025-05-05,"109 Dolphin Ave APT 2, Seal Beach, CA 90740",Seal Beach,90740,33.737778,-118.100624,1.0,1.0,550.0,APARTMENT,,,49.0,-100.0,,,,,4.3545454545454545,under 700,True,True,31-60 days,1 bed
4000.0,2025-04-30,"515 S Starboard St, Santa Ana, CA 92704",Santa Ana,92704,33.739994,-117.94192,4.0,2.0,1390.0,SINGLE_FAMILY,4046.0,947100.0,20.0,,,,,,2.8776978417266186,"1,000-1,500",False,False,8-30 days,4 beds
3100.0,,"143 14th St #5, Seal Beach, CA 90740",Seal Beach,90740,33.739147,-118.10076,2.0,2.0,,APARTMENT,3495.0,,70.0,-100.0,,,,,,,True,True,61-90 days,2 beds
4200.0,2025-06-01,"14441 Spa Dr, Huntington Beach, CA 92647",Huntington Beach,92647,33.752594,-118.03313,4.0,2.0,1203.0,SINGLE_FAMILY,4008.0,1071000.0,7.0,300.0,,,,,3.491271820448878,"1,000-1,500",True,False,0-7 days,4 beds
4475.0,2025-05-15,"16342 Whittier Ln, Huntington Beach, CA 92647",Huntington Beach,92647,33.724968,-118.00704,4.0,3.0,1953.0,SINGLE_FAMILY,4993.0,1456400.0,5.0,,,,,,2.2913466461853558,"1,500-2,500",True,False,0-7 days,4 beds
2650.0,,"122 13th St APT D, Seal Beach, CA 90740",Seal Beach,90740,33.738663,-118.10162,2.0,1.0,810.0,APARTMENT,2972.0,,43.0,,,,,,3.271604938271605,"700-1,000",True,False,31-60 days,2 beds
2500.0,,"7250 Fenway Dr, Westminster, CA 92683",Westminster,92683,33.764015,-118.0031,2.0,2.0,980.0,APARTMENT,2698.0,,17.0,,,,,,2.5510204081632653,"700-1,000",False,False,8-30 days,2 beds
4000.0,2025-06-01,"12691 Saint Mark St, Garden Grove, CA 92845",Garden Grove,92845,33.77859,-118.035995,4.0,3.0,1935.0,SINGLE_FAMILY,4007.0,1229200.0,55.0,,,,,,2.0671834625322996,"1,500-2,500",False,False,31-60 days,4 beds
9500.0,,"7282 Bazil Cir, Huntington Beach, CA 92648",Huntington Beach,92648,33.693394,-118.00197,4.0,3.0,2267.0,SINGLE_FAMILY,7494.0,2100500.0,188.0,,,,,,4.190560211733569,"1,500-2,500",True,False,90+ days,4 beds
7000.0,,"6951 Lawn Haven Dr, Huntington Beach, CA 92648",Huntington Beach,92648,33.682636,-118.00696,5.0,3.0,2847.0,SINGLE_FAMILY,7031.0,2306500.0,249.0,-500.0,,,,,2.4587284861257466,"over 2,500",True,True,90+ days,5+ beds
3650.0,,"5781 Abbey Dr, Westminster, CA 92683",Westminster,92683,33.769775,-118.02876,3.0,2.0,1340.0,SINGLE_FAMILY,3679.0,1202700.0,27.0,,,,,,2.7238805970149254,"1,000-1,500",False,False,8-30 days,3 beds
2800.0,,"16831 Lynn Street, 16831 Lynn Ln #3, Huntington Beach, CA 92649",Huntington Beach,92649,33.717762,-118.04608,2.0,2.0,950.0,APARTMENT,,,14.0,,,,,,2.9473684210526314,"700-1,000",True,False,8-30 days,2 beds
3100.0,,"6093 Camphor Ave, Westminster, CA 92683",Westminster,92683,33.755787,-118.02287,3.0,2.0,,SINGLE_FAMILY,,1015700.0,70.0,-150.0,,,,,,,False,True,61-90 days,3 beds
3495.0,,"16099 Sherlock Ln, Huntington Beach, CA 92649",Huntington Beach,92649,33.72843,-118.0512,2.0,2.0,1229.0,TOWNHOUSE,3607.0,592500.0,46.0,,,,,,2.8437754271765665,"1,000-1,500",True,False,31-60 days,2 beds
6150.0,,"5146 Dorado Dr APT 201, Huntington Beach, CA 92649",Huntington Beach,92649,33.713257,-118.0395,2.0,2.0,1178.0,CONDO,3502.0,772900.0,312.0,,,,,,5.2207130730050935,"1,000-1,500",True,False,90+ days,2 beds
2900.0,,"11167 McGee River Cir #A, Fountain Valley, CA 92708",Fountain Valley,92708,33.71805,-117.93373,2.0,2.0,750.0,SINGLE_FAMILY,,700000.0,46.0,,,,,,3.8666666666666667,"700-1,000",False,False,31-60 days,2 beds
2050.0,,"8752 Universe Ave, Westminster, CA 92683",Westminster,92683,33.726166,-117.97596,1.0,1.0,400.0,SINGLE_FAMILY,2042.0,601400.0,53.0,-50.0,,,,,5.125,under 700,False,True,31-60 days,1 bed
4795.0,,"16131 Nassau Ln, Huntington Beach, CA 92649",Huntington Beach,92649,33.727947,-118.02783,3.0,3.0,1625.0,SINGLE_FAMILY,4927.0,1202100.0,152.0,45.0,,,,,2.9507692307692306,"1,500-2,500",True,False,90+ days,3 beds
13500.0,,"16575 Ensign Cir, Huntington Beach, CA 92649",Huntington Beach,92649,33.72128,-118.06107,3.0,4.0,3738.0,SINGLE_FAMILY,8356.0,3218500.0,405.0,-1500.0,,,,,3.611556982343499,"over 2,500",True,True,90+ days,3 beds
3495.0,,"5009 W 7th St, Santa Ana, CA 92703",Santa Ana,92703,33.751083,-117.93548,3.0,1.0,1200.0,SINGLE_FAMILY,3009.0,1256900.0,28.0,5.0,,,,,2.9125,"1,000-1,500",False,False,8-30 days,3 beds
4000.0,2025-04-30,"5411 Park Ave, Garden Grove, CA 92845",Garden Grove,92845,33.778946,-118.03794,4.0,2.0,1858.0,SINGLE_FAMILY,4170.0,1224600.0,20.0,-200.0,,,,,2.1528525296017222,"1,500-2,500",False,True,8-30 days,4 beds
3555.0,,"14091 Edwards St, Westminster, CA 92683",Westminster,92683,33.757523,-118.01552,3.0,2.0,1176.0,TOWNHOUSE,3528.0,780600.0,19.0,,,,,,3.0229591836734695,"1,000-1,500",False,False,8-30 days,3 beds
3395.0,2025-05-15,"7681 Ellis Ave, 7681 Ellis Ave #C, Huntington Beach, CA 92648",Huntington Beach,92648,33.69416,-117.99424,2.0,2.0,900.0,APARTMENT,2738.0,,5.0,,,,,,3.772222222222222,"700-1,000",True,False,0-7 days,2 beds
2700.0,,"16245 Mount Baden Powell St, Fountain Valley, CA 92708",Fountain Valley,92708,33.727367,-117.936905,2.0,2.0,1000.0,SINGLE_FAMILY,2852.0,1228700.0,27.0,-100.0,,,,,2.7,"700-1,000",False,True,8-30 days,2 beds
3350.0,,"12242 Browning Rd, Garden Grove, CA 92840",Garden Grove,92840,33.78496,-117.9524,3.0,2.0,1263.0,SINGLE_FAMILY,3708.0,954500.0,6.0,,,,,,2.6524148851939824,"1,000-1,500",False,False,0-7 days,3 beds
4300.0,,"11598 Wake Cir, Cypress, CA 90630",Cypress,90630,33.793964,-118.03351,3.0,2.0,1499.0,SINGLE_FAMILY,4093.0,1071900.0,80.0,-100.0,,,,,2.868579052701801,"1,000-1,500",False,True,61-90 days,3 beds
3500.0,,"9692 Cornwall Dr, Huntington Beach, CA 92646",Huntington Beach,92646,33.673714,-117.959,4.0,2.0,1254.0,TOWNHOUSE,3575.0,803200.0,39.0,,,,,,2.7910685805422646,"1,000-1,500",True,False,31-60 days,4 beds
3650.0,,"10691 McKeen St, Garden Grove, CA 92843",Garden Grove,92843,33.77171,-117.94285,3.0,2.0,1000.0,SINGLE_FAMILY,3573.0,916900.0,84.0,,,,,,3.65,"700-1,000",False,False,61-90 days,3 beds
4500.0,2025-05-01,"14261 Olive St, Westminster, CA 92683",Westminster,92683,33.75485,-118.00092,1.0,1.0,,SINGLE_FAMILY,1477.0,909800.0,19.0,3500.0,,,,,,,False,False,8-30 days,1 bed
2700.0,,"13172 Westlake St, Garden Grove, CA 92843",Garden Grove,92843,33.77158,-117.94432,2.0,2.0,650.0,SINGLE_FAMILY,2845.0,832800.0,117.0,-50.0,,,,,4.153846153846154,under 700,False,True,90+ days,2 beds
1900.0,,"Somerset Villas, 14092 Ash St #S4, Westminster, CA 92683",Westminster,92683,33.75753,-118.02291,1.0,1.0,554.0,APARTMENT,,,175.0,25.0,,,,,3.4296028880866425,under 700,False,False,90+ days,1 bed
2250.0,2025-05-01,"Islandia Apartments - Open House: Saturday from 10am-2pm and Sunday by Appointment, 7152 Fenway Dr APT 18, Westminster, CA 92683",Westminster,92683,33.764217,-118.0043,1.0,1.0,766.0,APARTMENT,2207.0,,136.0,,,,,,2.93733681462141,"700-1,000",False,False,90+ days,1 bed
2100.0,,"Huntington Clay Apartments, 2810-2820 Huntington Ave, Huntington Beach, CA 92648",Huntington Beach,92648,33.682472,-117.99496,1.0,1.0,693.0,APARTMENT,,,187.0,-850.0,,,,,3.0303030303030303,under 700,True,True,90+ days,1 bed
2650.0,,"Marquis Apartments - Open House: Saturday from 10am-2pm and Sunday by Appointment, 10071 Lampson Ave APT 37, Garden Grove, CA 92840",Garden Grove,92840,33.782166,-117.957184,2.0,1.0,1001.0,APARTMENT,,,46.0,,,,,,2.647352647352647,"1,000-1,500",False,False,31-60 days,2 beds
2475.0,,"Candlewood Apartments, 7182 Fenway Dr, Westminster, CA 92683",Westminster,92683,33.764225,-118.003845,2.0,2.0,,APARTMENT,,,197.0,,,,,,,,False,False,90+ days,2 beds
2549.0,2025-05-30,"12811 Flower St, 12811 Flower St #12831A, Garden Grove, CA 92840",Garden Grove,92840,33.776512,-117.95377,2.0,2.0,1000.0,APARTMENT,,,35.0,,,,,,2.549,"700-1,000",False,False,31-60 days,2 beds
2495.0,,"Lampson Park Homes, 10782 Lampson Ave, Garden Grove, CA 92840",Garden Grove,92840,33.779873,-117.94387,2.0,2.0,900.0,APARTMENT,,,239.0,50.0,,,,,2.772222222222222,"700-1,000",False,False,90+ days,2 beds
2300.0,,"The Maddox Apartments, 7051 Maddox Dr, Huntington Beach, CA 92647",Huntington Beach,92647,33.721893,-118.005714,1.0,1.0,850.0,APARTMENT,,,57.0,5.0,,,,,2.7058823529411766,"700-1,000",True,False,31-60 days,1 bed
1875.0,2025-06-07,"Parkridge Apartments, 7631 & 7651 Baylor Dr #3109, Westminster, CA 92683",Westminster,92683,33.75787,-117.99566,1.0,1.0,650.0,APARTMENT,,,26.0,,,,,,2.8846153846153846,under 700,False,False,8-30 days,1 bed
2225.0,2025-06-15,"Alder Court Apartments, 225 S Newhope St #326, Santa Ana, CA 92704",Santa Ana,92704,33.743237,-117.92784,2.0,2.0,895.0,APARTMENT,2587.0,,88.0,,,,,,2.4860335195530725,"700-1,000",False,False,61-90 days,2 beds
2200.0,,"Sea Cliff Terrace, 8131 San Angelo Dr APT 5, Huntington Beach, CA 92647",Huntington Beach,92647,33.729443,-117.98675,1.0,1.0,725.0,APARTMENT,2264.0,,439.0,25.0,,,,,3.0344827586206895,"700-1,000",True,False,90+ days,1 bed
2500.0,,"Westpark Place, 6952 Westpark Pl, Westminster, CA 92683",Westminster,92683,33.76224,-118.008286,2.0,2.0,906.0,APARTMENT,,,116.0,,,,,,2.759381898454746,"700-1,000",False,False,90+ days,2 beds
2450.0,2025-07-31,"Old Mill Apartments, 7926 Aldrich Dr #3, Huntington Beach, CA 92647",Huntington Beach,92647,33.728584,-117.99068,2.0,2.0,864.0,APARTMENT,,,8.0,,,,,,2.8356481481481484,"700-1,000",True,False,8-30 days,2 beds
2500.0,,"Illinois Apartment Homes, 13931-13951 Illinois St #C, Westminster, CA 92683",Westminster,92683,33.760002,-118.00223,2.0,1.0,1000.0,APARTMENT,,,35.0,,,,,,2.5,"700-1,000",False,False,31-60 days,2 beds
2475.0,2025-05-05,"Orangewood Creek, 8100 Orangewood Ave APT 1, Stanton, CA 90680",Stanton,90680,33.795372,-117.99132,2.0,1.0,750.0,APARTMENT,2530.0,,183.0,100.0,,,,,3.3,"700-1,000",False,False,90+ days,2 beds
2932.0,2025-05-20,"14061 Locust St UNIT 202, Westminster, CA 92683",Westminster,92683,33.75834,-118.00511,2.0,2.0,962.0,APARTMENT,2797.0,,63.0,,,,,,3.047817047817048,"700-1,000",False,False,61-90 days,2 beds
1850.0,2025-06-22,"Peppertree Apartments, 2308 E Santa Fe Ave #1206, Fullerton, CA 92831",Fullerton,92831,33.869045,-117.89079,1.0,1.0,595.0,APARTMENT,,,13.0,,,,,,3.1092436974789917,under 700,False,False,8-30 days,1 bed
2595.0,,"Balcom Park, 110 S Balcom Ave APT 10, Fullerton, CA 92832",Fullerton,92832,33.869633,-117.914505,2.0,2.0,900.0,APARTMENT,2843.0,,76.0,,,,,,2.8833333333333333,"700-1,000",False,False,61-90 days,2 beds
2695.0,2025-07-08,"250 E Acacia St., 250 E Acacia St APT 204, Brea, CA 92821",Brea,92821,33.90698,-117.9022,2.0,2.0,,APARTMENT,,,11.0,,,,,,,,False,False,8-30 days,2 beds
2295.0,,"Hacienda 2, 840 W La Jolla St, Placentia, CA 92870",Placentia,92870,33.856148,-117.881355,2.0,1.0,950.0,APARTMENT,2714.0,,69.0,-300.0,,,,,2.4157894736842107,"700-1,000",False,True,61-90 days,2 beds
2995.0,,"Olive Street Apartments, 129 S Olive St APT 13, Anaheim, CA 92805",Anaheim,92805,33.83522,-117.91015,2.0,2.0,1100.0,APARTMENT,3069.0,,533.0,100.0,,,,,2.7227272727272727,"1,000-1,500",False,False,90+ days,2 beds
2100.0,2025-05-14,"SANTIAGO, 235 W Lincoln Ave BUILDING 2, Orange, CA 92865",Orange,92865,33.836052,-117.85414,1.0,1.0,714.0,APARTMENT,,,18.0,-135.0,,,,,2.9411764705882355,"700-1,000",False,True,8-30 days,1 bed
2895.0,,"Rolling Hills Manor Apartments, 1037 Rolling Hills Dr, Fullerton, CA 92835",Fullerton,92835,33.90387,-117.9083,2.0,2.0,1000.0,APARTMENT,,,102.0,100.0,,,,,2.895,"700-1,000",False,False,90+ days,2 beds
2450.0,,"Westport Villas, 2300 E Westport Dr APT 25, Anaheim, CA 92806",Anaheim,92806,33.83653,-117.88435,2.0,2.0,,APARTMENT,2525.0,,207.0,,,,,,,,False,False,90+ days,2 beds
1850.0,,"1919Syca, 1919 E Sycamore St #P214, Anaheim, CA 92805",Anaheim,92805,33.846344,-117.89095,1.0,1.0,708.0,APARTMENT,2018.0,,78.0,,,,,,2.6129943502824857,"700-1,000",False,False,61-90 days,1 bed
1975.0,,"Lemon Terrace, 1010 S Lemon St #1607, Anaheim, CA 92805",Anaheim,92805,33.820866,-117.910706,1.0,1.0,650.0,APARTMENT,,,410.0,-125.0,,,,,3.0384615384615383,under 700,False,True,90+ days,1 bed
1741.0,,"Tyrol Plaza Senior Apartments, 891 S State College Blvd, Anaheim, CA 92806",Anaheim,92806,33.82819,-117.889885,2.0,2.0,900.0,APARTMENT,,,43.0,241.0,,,,,1.9344444444444444,"700-1,000",False,False,31-60 days,2 beds
4650.0,2025-06-10,"2231 Nutwood Ave, Fullerton, CA 92831",Fullerton,92831,33.877926,-117.892494,4.0,2.0,1610.0,SINGLE_FAMILY,4185.0,1046200.0,5.0,,,,,,2.888198757763975,"1,500-2,500",False,False,0-7 days,4 beds
4500.0,2025-05-08,"1320 E Monroe Ave, Orange, CA 92867",Orange,92867,33.804405,-117.83942,3.0,2.0,1200.0,SINGLE_FAMILY,4504.0,952400.0,44.0,-250.0,,,,,3.75,"1,000-1,500",False,True,31-60 days,3 beds
6750.0,,"1764 N Morningside St, Orange, CA 92867",Orange,92867,33.817135,-117.82874,6.0,3.0,2570.0,SINGLE_FAMILY,5823.0,1248700.0,35.0,600.0,,,,,2.6264591439688716,"over 2,500",False,False,31-60 days,5+ beds
3280.0,,"20093 Avenida Del Norte, Yorba Linda, CA 92886",Yorba Linda,92886,33.897816,-117.784195,3.0,2.0,1000.0,SINGLE_FAMILY,,876100.0,8.0,-220.0,,,,,3.28,"700-1,000",False,True,8-30 days,3 beds
1925.0,2025-06-02,"2325 E Santa Fe Ave APT 7, Fullerton, CA 92831",Fullerton,92831,33.869682,-117.89003,1.0,1.0,650.0,APARTMENT,1914.0,,7.0,,,,,,2.9615384615384617,under 700,False,False,0-7 days,1 bed
3350.0,2025-06-01,"1610 S Pomona Ave UNIT C10, Fullerton, CA 92832",Fullerton,92832,33.854973,-117.92152,3.0,2.0,1433.0,APARTMENT,3404.0,589300.0,2.0,,,,,,2.3377529658060014,"1,000-1,500",False,False,0-7 days,3 beds
3500.0,,"4574 Jamestown Dr, Yorba Linda, CA 92886",Yorba Linda,92886,33.894333,-117.82829,3.0,2.0,1190.0,TOWNHOUSE,3524.0,674300.0,17.0,,,,,,2.9411764705882355,"1,000-1,500",False,False,8-30 days,3 beds
3550.0,2025-06-01,"303 N Philadelphia St, Anaheim, CA 92805",Anaheim,92805,33.83841,-117.91207,2.0,1.0,1324.0,SINGLE_FAMILY,2664.0,844500.0,5.0,100.0,,,,,2.6812688821752264,"1,000-1,500",False,False,0-7 days,2 beds
4250.0,2025-05-15,"1116 N Center St, Orange, CA 92867",Orange,92867,33.80633,-117.84995,3.0,2.0,1113.0,SINGLE_FAMILY,4167.0,922100.0,18.0,,,,,,3.8185085354896677,"1,000-1,500",False,False,8-30 days,3 beds
3075.0,2025-07-05,"(undisclosed Address), Brea, CA 92821",Brea,92821,,,2.0,2.0,1575.0,APARTMENT,3516.0,866700.0,35.0,,,,,,1.9523809523809523,"1,500-2,500",False,False,31-60 days,2 beds
5500.0,2025-05-03,"1167 Innisfree Ct, Fullerton, CA 92831",Fullerton,92831,33.896313,-117.91074,4.0,3.0,2856.0,SINGLE_FAMILY,5236.0,1470900.0,17.0,,,,,,1.9257703081232493,"over 2,500",False,False,8-30 days,4 beds
4000.0,2025-06-01,"2996 N Woods St UNIT 1, Orange, CA 92865",Orange,92865,33.839016,-117.84678,3.0,2.0,1148.0,TOWNHOUSE,3471.0,746200.0,29.0,-200.0,,,,,3.484320557491289,"1,000-1,500",False,True,8-30 days,3 beds
1995.0,2025-05-15,"238 W Wilson Ave APT 10, Orange, CA 92867",Orange,92867,33.806255,-117.85501,1.0,1.0,675.0,APARTMENT,,,36.0,-100.0,,,,,2.9555555555555557,under 700,False,True,31-60 days,1 bed
2450.0,2025-05-03,"206 N Coffman St #302, Anaheim, CA 92805",Anaheim,92805,33.84224,-117.89146,2.0,2.0,900.0,APARTMENT,,,17.0,-145.0,,,,,2.7222222222222223,"700-1,000",False,True,8-30 days,2 beds
5450.0,2025-06-15,"803 N Orange St, Orange, CA 92867",Orange,92867,33.80071,-117.85166,4.0,3.0,1900.0,SINGLE_FAMILY,5628.0,1094500.0,33.0,-50.0,,,,,2.8684210526315788,"1,500-2,500",False,True,31-60 days,4 beds
4695.0,2025-04-21,"2137 Brookhaven Ave, Placentia, CA 92870",Placentia,92870,33.901417,-117.8596,3.0,2.0,1906.0,SINGLE_FAMILY,4785.0,1093800.0,28.0,,,,,,2.463273871983211,"1,500-2,500",False,False,8-30 days,3 beds
1895.0,2025-04-25,"313 N East St, Anaheim, CA 92805",Anaheim,92805,33.840733,-117.90384,1.0,1.0,700.0,APARTMENT,1887.0,,24.0,,,,,,2.7071428571428573,under 700,False,False,8-30 days,1 bed
5750.0,2025-05-09,"1854 N Carlsbad St, Orange, CA 92867",Orange,92867,33.819168,-117.79546,3.0,3.0,2286.0,SINGLE_FAMILY,5707.0,1584900.0,35.0,,,,,,2.515310586176728,"1,500-2,500",False,False,31-60 days,3 beds
3600.0,2025-04-30,"2362 Wyandote Ave UNIT B, Placentia, CA 92870",Placentia,92870,33.905552,-117.85363,3.0,2.0,2582.0,SINGLE_FAMILY,,1197100.0,19.0,,,,,,1.39426800929512,"over 2,500",False,False,8-30 days,3 beds
2800.0,2025-06-09,"3000 Associated Rd UNIT 58, Fullerton, CA 92835",Fullerton,92835,33.904472,-117.882164,2.0,2.0,860.0,APARTMENT,2797.0,538900.0,21.0,-100.0,,,,,3.255813953488372,"700-1,000",False,True,8-30 days,2 beds
2395.0,2025-06-01,"1830 E Romneya Dr, Anaheim, CA 92805",Anaheim,92805,33.850388,-117.89109,2.0,1.0,900.0,APARTMENT,2543.0,,11.0,,,,,,2.661111111111111,"700-1,000",False,False,8-30 days,2 beds
1995.0,,"955 N Placentia Ave #1, Fullerton, CA 92831",Fullerton,92831,33.87966,-117.877625,1.0,1.0,650.0,APARTMENT,,,50.0,100.0,,,,,3.0692307692307694,under 700,False,False,31-60 days,1 bed
2295.0,,"904A/D, 904 E Balsam Ave #B, Anaheim, CA 92805",Anaheim,92805,33.850414,-117.909065,2.0,1.0,,APARTMENT,2294.0,,67.0,-105.0,,,,,,,False,True,61-90 days,2 beds
2500.0,2025-06-07,"2314 E Ball Rd, Anaheim, CA 92806",Anaheim,92806,33.817787,-117.88349,2.0,1.0,1000.0,APARTMENT,2634.0,,10.0,,,,,,2.5,"700-1,000",False,False,8-30 days,2 beds
3680.0,,"1897 S Union St #138, Anaheim, CA 92805",Anaheim,92805,33.800705,-117.89282,2.0,2.0,1412.0,APARTMENT,3755.0,,144.0,280.0,,,,,2.6062322946175636,"1,000-1,500",False,False,90+ days,2 beds
6999.0,2025-04-24,"8180 E Brookdale Ln, Anaheim, CA 92807",Anaheim,92807,33.873466,-117.753716,5.0,4.0,3478.0,SINGLE_FAMILY,6686.0,1480700.0,26.0,,,,,,2.012363427257044,"over 2,500",False,False,8-30 days,5+ beds
2350.0,,"218 W Vermont Ave APT 11, Anaheim, CA 92805",Anaheim,92805,33.82214,-117.912796,2.0,2.0,,APARTMENT,2362.0,,85.0,-150.0,,,,,,,False,True,61-90 days,2 beds
2450.0,,"147 E. Wakefield Ave., 147 E Wakefield Ave APT 6, Anaheim, CA 92802",Anaheim,92802,33.79955,-117.90445,2.0,1.0,,APARTMENT,,,54.0,-100.0,,,,,,,False,True,31-60 days,2 beds
6475.0,,"1334 E Collins Ave, Orange, CA 92867",Orange,92867,33.802055,-117.83919,3.0,2.0,1349.0,SINGLE_FAMILY,4533.0,1009100.0,40.0,-225.0,,,,,4.799851742031134,"1,000-1,500",False,True,31-60 days,3 beds
2495.0,,"Spacious 2 bedroom 2 bath apartment in Anaheim, 119 E Water St, Anaheim, CA 92805",Anaheim,92805,33.829376,-117.91088,2.0,2.0,900.0,APARTMENT,,,98.0,,,,,,2.772222222222222,"700-1,000",False,False,90+ days,2 beds
1995.0,2025-05-19,"ANW2215, 2215 E Westport Dr APT 8, Anaheim, CA 92806",Anaheim,92806,33.837067,-117.88578,1.0,1.0,,APARTMENT,1824.0,,12.0,-55.0,,,,,,,False,True,8-30 days,1 bed
3995.0,,"200 E. Wakefield Ave, 200 E Wakefield Ave #4, Anaheim, CA 92802",Anaheim,92802,33.79906,-117.904175,5.0,2.0,1750.0,APARTMENT,4238.0,,89.0,,,,,,2.282857142857143,"1,500-2,500",False,False,61-90 days,5+ beds
4150.0,,"2481 Sommerset Dr, Brea, CA 92821",Brea,92821,33.925304,-117.865166,3.0,2.0,1578.0,SINGLE_FAMILY,4086.0,944100.0,119.0,-150.0,,,,,2.629911280101394,"1,500-2,500",False,True,90+ days,3 beds
1925.0,2025-06-30,"141 E. Wakefield Ave., 141 E Wakefield Ave APT 7, Anaheim, CA 92802",Anaheim,92802,33.79955,-117.9047,1.0,1.0,,APARTMENT,1710.0,,66.0,,,,,,,,False,False,61-90 days,1 bed
2375.0,2025-05-09,"DelMar1904, 1904 E Del Mar Ave APT C, Orange, CA 92865",Orange,92865,33.821312,-117.83366,2.0,2.0,1000.0,APARTMENT,2736.0,,64.0,-25.0,,,,,2.375,"700-1,000",False,True,61-90 days,2 beds
7740.0,2025-06-17,"3750 Forest Glen Rd, Yorba Linda, CA 92886",Yorba Linda,92886,33.90675,-117.78055,3.0,2.0,1834.0,SINGLE_FAMILY,4221.0,1289000.0,0.0,,,,,,4.220283533260632,"1,500-2,500",False,False,0-7 days,3 beds
2000.0,2025-05-24,"619 N Hawthorn St, Anaheim, CA 92805",Anaheim,92805,33.845055,-117.90105,0.0,1.0,400.0,SINGLE_FAMILY,1638.0,821700.0,0.0,,,,,,5.0,under 700,False,False,0-7 days,Studio
2495.0,2025-05-20,"509 N Sabina St #B, Anaheim, CA 92805",Anaheim,92805,33.841324,-117.91104,2.0,1.0,700.0,APARTMENT,,,0.0,,,,,,3.5642857142857145,under 700,False,False,0-7 days,2 beds
1995.0,2025-05-19,"(undisclosed Address), Placentia, CA 92870",Placentia,92870,,,1.0,1.0,450.0,APARTMENT,,,1.0,,,,,,4.433333333333334,under 700,False,False,0-7 days,1 bed
5500.0,2025-05-18,"6401 E Nohl Ranch Rd APT 78, Anaheim, CA 92807",Anaheim,92807,33.840614,-117.76868,4.0,3.0,2145.0,APARTMENT,4420.0,986100.0,2.0,,,,,,2.5641025641025643,"1,500-2,500",False,False,0-7 days,4 beds
3900.0,2025-06-09,"(undisclosed Address), Anaheim, CA 92805",Anaheim,92805,,,2.0,3.0,1200.0,APARTMENT,3233.0,,10.0,,,,,,3.25,"1,000-1,500",False,False,8-30 days,2 beds
1895.0,2025-06-01,"2123 Mary Way #B, Placentia, CA 92870",Placentia,92870,33.90129,-117.85385,0.0,1.0,350.0,APARTMENT,1762.0,,7.0,,,,,,5.414285714285715,under 700,False,False,0-7 days,Studio
4200.0,2025-05-17,"6018 Oak Meadow Dr, Yorba Linda, CA 92886",Yorba Linda,92886,33.873882,-117.79024,3.0,2.0,1428.0,SINGLE_FAMILY,4091.0,1082400.0,4.0,,,,,,2.9411764705882355,"1,000-1,500",False,False,0-7 days,3 beds
1900.0,2025-05-17,"105 N Stanford Ave #7, Fullerton, CA 92831",Fullerton,92831,33.871353,-117.90857,1.0,1.0,650.0,APARTMENT,1897.0,,3.0,,,,,,2.923076923076923,under 700,False,False,0-7 days,1 bed
2095.0,2025-05-16,"2013 Oxford Ave APT 7, Fullerton, CA 92831",Fullerton,92831,33.890305,-117.884674,1.0,1.0,785.0,APARTMENT,2224.0,436800.0,28.0,,,,,,2.6687898089171975,"700-1,000",False,False,8-30 days,1 bed
2500.0,2025-05-05,"1018 S Philadelphia St APT 8, Anaheim, CA 92805",Anaheim,92805,33.82077,-117.90525,2.0,1.0,784.0,APARTMENT,2406.0,,15.0,-100.0,,,,,3.188775510204082,"700-1,000",False,True,8-30 days,2 beds
2299.0,2025-05-12,"322 S Claudina St APT 204, Anaheim, CA 92805",Anaheim,92805,33.833023,-117.91132,2.0,2.0,870.0,APARTMENT,,,5.0,,,,,,2.642528735632184,"700-1,000",False,False,0-7 days,2 beds
4000.0,2025-05-05,"6515 E Circulo Dali, Anaheim, CA 92807",Anaheim,92807,33.838047,-117.75968,2.0,3.0,2312.0,APARTMENT,3796.0,1056100.0,15.0,-200.0,,,,,1.7301038062283738,"1,500-2,500",False,True,8-30 days,2 beds
3300.0,2025-06-01,"17578 Orange Dr #17590, Yorba Linda, CA 92886",Yorba Linda,92886,33.8918,-117.82896,3.0,3.0,1353.0,APARTMENT,,,7.0,,,,,,2.4390243902439024,"1,000-1,500",False,False,0-7 days,3 beds
3200.0,2025-06-01,"318 S Helena St, Anaheim, CA 92805",Anaheim,92805,33.831486,-117.917076,2.0,3.0,1200.0,APARTMENT,3072.0,,6.0,,,,,,2.6666666666666665,"1,000-1,500",False,False,0-7 days,2 beds
2025.0,,"2200 E Westport Dr #13, Anaheim, CA 92806",Anaheim,92806,33.83653,-117.88613,1.0,1.0,660.0,APARTMENT,1929.0,,35.0,-70.0,,,,,3.0681818181818183,under 700,False,True,31-60 days,1 bed
4475.0,,"4460 E Ardmore St, Anaheim, CA 92807",Anaheim,92807,33.83759,-117.812935,3.0,2.0,1944.0,SINGLE_FAMILY,4224.0,1323900.0,2.0,,,,,,2.3019547325102883,"1,500-2,500",False,False,0-7 days,3 beds
2950.0,2025-06-01,"121 Doverfield Dr #61, Placentia, CA 92870",Placentia,92870,33.8847,-117.86616,2.0,1.0,800.0,APARTMENT,2735.0,539100.0,46.0,-250.0,,,,,3.6875,"700-1,000",False,True,31-60 days,2 beds
2600.0,2025-04-29,"2662 N Bourbon St #2662, Orange, CA 92865",Orange,92865,33.833054,-117.8393,2.0,2.0,900.0,APARTMENT,,,21.0,-200.0,,,,,2.888888888888889,"700-1,000",False,True,8-30 days,2 beds
3200.0,2025-07-02,"4978 Liverpool St, Yorba Linda, CA 92886",Yorba Linda,92886,33.888874,-117.82956,3.0,3.0,1340.0,APARTMENT,3558.0,,7.0,,,,,,2.388059701492537,"1,000-1,500",False,False,0-7 days,3 beds
3500.0,2025-06-01,"621 W Fletcher Ave UNIT 1, Orange, CA 92865",Orange,92865,33.83049,-117.859116,2.0,3.0,1550.0,TOWNHOUSE,3258.0,729900.0,14.0,-50.0,,,,,2.2580645161290325,"1,500-2,500",False,True,8-30 days,2 beds
2650.0,2025-04-29,"2666 N Bourbon St #2666, Orange, CA 92865",Orange,92865,33.833076,-117.83917,2.0,2.0,900.0,APARTMENT,,,21.0,-200.0,,,,,2.9444444444444446,"700-1,000",False,True,8-30 days,2 beds
12000.0,,"6455 E Oakview Ln, Anaheim, CA 92807",Anaheim,92807,33.835865,-117.76674,5.0,3.0,3421.0,SINGLE_FAMILY,6876.0,1908800.0,13.0,,,,,,3.5077462730195847,"over 2,500",False,False,8-30 days,5+ beds
6900.0,2025-05-05,"1044 S Burlwood Dr, Anaheim, CA 92807",Anaheim,92807,33.83092,-117.755165,4.0,4.0,2196.0,SINGLE_FAMILY,6525.0,1465300.0,15.0,,,,,,3.1420765027322406,"1,500-2,500",False,False,8-30 days,4 beds
15000.0,,"7480 E Hummingbird Cir, Anaheim, CA 92808",Anaheim,92808,33.849777,-117.75402,5.0,5.0,5024.0,SINGLE_FAMILY,7390.0,2810500.0,13.0,,,,,,2.9856687898089174,"over 2,500",False,False,8-30 days,5+ beds
5400.0,2025-06-14,"2546 Hibiscus St, Fullerton, CA 92835",Fullerton,92835,33.897038,-117.9221,4.0,3.0,2495.0,SINGLE_FAMILY,4942.0,1489800.0,6.0,,,,,,2.164328657314629,"1,500-2,500",False,False,0-7 days,4 beds
3550.0,2025-04-22,"325 N Kodiak St APT B, Anaheim, CA 92807",Anaheim,92807,33.84559,-117.83549,3.0,2.0,1250.0,APARTMENT,3555.0,,28.0,50.0,,,,,2.84,"1,000-1,500",False,False,8-30 days,3 beds
2990.0,,"711 W Provential Dr #A, Anaheim, CA 92805",Anaheim,92805,33.823708,-117.918884,2.0,1.0,860.0,APARTMENT,,,11.0,,,,,,3.4767441860465116,"700-1,000",False,False,8-30 days,2 beds
2500.0,2025-05-01,"2632 E Whidby Ln, Anaheim, CA 92806",Anaheim,92806,33.82036,-117.87688,1.0,1.0,650.0,APARTMENT,2152.0,1158400.0,47.0,,,,,,3.8461538461538463,under 700,False,False,31-60 days,1 bed
5095.0,2025-05-23,"300 E Concord Way, Placentia, CA 92870",Placentia,92870,33.87226,-117.86568,4.0,3.0,2550.0,SINGLE_FAMILY,4586.0,1196500.0,1.0,,,,,,1.9980392156862745,"over 2,500",False,False,0-7 days,4 beds
3500.0,2025-06-15,"5124 E Glen Albyn Ln, Orange, CA 92869",Orange,92869,33.803413,-117.79712,2.0,2.0,1300.0,TOWNHOUSE,3342.0,742700.0,3.0,,,,,,2.6923076923076925,"1,000-1,500",False,False,0-7 days,2 beds
1900.0,2025-04-30,"111 N Stanford Ave #16, Fullerton, CA 92831",Fullerton,92831,33.87187,-117.90906,1.0,1.0,700.0,APARTMENT,1919.0,,3.0,,,,,,2.7142857142857144,under 700,False,False,0-7 days,1 bed
4795.0,2025-05-25,"120 W Greenway Ave, Orange, CA 92865",Orange,92865,33.82956,-117.85362,4.0,3.0,1920.0,SINGLE_FAMILY,4707.0,1082500.0,5.0,,,,,,2.4973958333333335,"1,500-2,500",False,False,0-7 days,4 beds
2750.0,2025-05-19,"860 N Kathleen Ln APT C, Orange, CA 92867",Orange,92867,33.80161,-117.82072,2.0,3.0,993.0,APARTMENT,2990.0,631500.0,1.0,,,,,,2.769385699899295,"700-1,000",False,False,0-7 days,2 beds
1500.0,2025-05-19,"(undisclosed Address), Placentia, CA 92870",Placentia,92870,,,0.0,1.0,300.0,APARTMENT,1301.0,,17.0,-395.0,,,,,5.0,under 700,False,True,8-30 days,Studio
2595.0,2025-06-01,"NOC T 2700-2706, 2700 N Bourbon St #2700, Orange, CA 92865",Orange,92865,33.83371,-117.83921,2.0,2.0,898.0,APARTMENT,,,12.0,,,,,,2.8897550111358576,"700-1,000",False,False,8-30 days,2 beds
3000.0,2025-05-16,"212 N Kodiak St APT C, Anaheim, CA 92807",Anaheim,92807,33.84403,-117.834366,2.0,2.0,982.0,APARTMENT,3038.0,620100.0,4.0,-100.0,,,,,3.054989816700611,"700-1,000",False,True,0-7 days,2 beds
4100.0,2025-04-24,"17052 Liberty Way, Yorba Linda, CA 92886",Yorba Linda,92886,33.889282,-117.83733,3.0,4.0,1889.0,TOWNHOUSE,4075.0,908700.0,28.0,-100.0,,,,,2.170460561143462,"1,500-2,500",False,True,8-30 days,3 beds
8500.0,2025-06-01,"2548 E Wilson Ave, Orange, CA 92867",Orange,92867,33.807556,-117.82624,4.0,3.0,10.0,SINGLE_FAMILY,5277.0,1355500.0,50.0,,,,,,850.0,under 700,False,False,31-60 days,4 beds
4700.0,2025-06-01,"510 S Resh St, Anaheim, CA 92805",Anaheim,92805,33.82877,-117.920494,3.0,2.0,1594.0,SINGLE_FAMILY,3758.0,925100.0,47.0,,,,,,2.948557089084065,"1,500-2,500",False,False,31-60 days,3 beds
4350.0,2025-05-15,"306 Dolores Cir #1, Placentia, CA 92870",Placentia,92870,33.8692,-117.859276,4.0,3.0,2204.0,TOWNHOUSE,4219.0,845500.0,11.0,,,,,,1.9736842105263157,"1,500-2,500",False,False,8-30 days,4 beds
2500.0,2025-05-12,"641 E Birch St APT 7, Brea, CA 92821",Brea,92821,33.918022,-117.891685,2.0,1.0,600.0,APARTMENT,,,8.0,,,,,,4.166666666666667,under 700,False,False,8-30 days,2 beds
8500.0,2025-08-01,"4598 Avocado Ave, Yorba Linda, CA 92886",Yorba Linda,92886,33.89425,-117.80677,4.0,5.0,3084.0,SINGLE_FAMILY,6266.0,1725700.0,0.0,,,,,,2.756160830090791,"over 2,500",False,False,0-7 days,4 beds
8000.0,2025-05-10,"2262 E Sandalwood Pl, Anaheim, CA 92806",Anaheim,92806,33.8485,-117.883766,4.0,2.0,1900.0,SINGLE_FAMILY,5786.0,1099100.0,11.0,,,,,,4.2105263157894735,"1,500-2,500",False,False,8-30 days,4 beds
4800.0,,"1508 Rolling Hills Dr, Fullerton, CA 92835",Fullerton,92835,33.903053,-117.89979,3.0,2.0,1800.0,SINGLE_FAMILY,4124.0,1104800.0,1.0,,,,,,2.6666666666666665,"1,500-2,500",False,False,0-7 days,3 beds
3300.0,2025-05-10,"855 S Claudina St #857, Anaheim, CA 92805",Anaheim,92805,33.825016,-117.90944,2.0,2.0,,APARTMENT,,,28.0,-100.0,,,,,,,False,True,8-30 days,2 beds
3600.0,,"839 S Bellevue Pl #A, Anaheim, CA 92805",Anaheim,92805,33.823006,-117.92129,3.0,2.0,1203.0,APARTMENT,,,5.0,100.0,,,,,2.9925187032418954,"1,000-1,500",False,False,0-7 days,3 beds
2250.0,2025-05-13,"208 W Hoover Ave APT 5, Orange, CA 92867",Orange,92867,33.80728,-117.85436,1.0,1.0,550.0,APARTMENT,,,7.0,,,,,,4.090909090909091,under 700,False,False,0-7 days,1 bed
3000.0,2025-05-15,"1056 N Lincoln St #1056, Orange, CA 92867",Orange,92867,33.805428,-117.83804,2.0,2.0,714.0,APARTMENT,,,5.0,,,,,,4.201680672268908,"700-1,000",False,False,0-7 days,2 beds
5000.0,2025-05-10,"2262B E Sandalwood Pl, Anaheim, CA 92806",Anaheim,92806,33.84876,-117.884605,2.0,2.0,800.0,SINGLE_FAMILY,,693100.0,11.0,,,,,,6.25,"700-1,000",False,False,8-30 days,2 beds
5000.0,2025-06-08,"500 E Collins Ave, Orange, CA 92867",Orange,92867,33.80234,-117.8487,4.0,3.0,2000.0,SINGLE_FAMILY,5621.0,1278200.0,3.0,,,,,,2.5,"1,500-2,500",False,False,0-7 days,4 beds
4499.0,2025-05-18,"(undisclosed Address), Fullerton, CA 92831",Fullerton,92831,,,4.0,2.0,1800.0,SINGLE_FAMILY,4601.0,1070100.0,2.0,,,,,,2.4994444444444444,"1,500-2,500",False,False,0-7 days,4 beds
4500.0,2025-06-15,"620 E Buckeyewood Ave, Orange, CA 92865",Orange,92865,33.819733,-117.84726,3.0,2.0,1200.0,SINGLE_FAMILY,,,4.0,,,,,,3.75,"1,000-1,500",False,False,0-7 days,3 beds
1895.0,2025-05-12,"909 S Citron St #6, Anaheim, CA 92805",Anaheim,92805,33.820656,-117.918785,1.0,1.0,,APARTMENT,,,8.0,,,,,,,,False,False,8-30 days,1 bed
3250.0,2025-06-01,"(undisclosed Address), Placentia, CA 92870",Placentia,92870,,,2.0,1.0,864.0,TOWNHOUSE,3038.0,556400.0,17.0,,,,,,3.761574074074074,"700-1,000",False,False,8-30 days,2 beds
3299.0,2025-04-23,"898 S Lemon St #F, Anaheim, CA 92805",Anaheim,92805,33.823006,-117.91154,2.0,2.0,1360.0,APARTMENT,,,27.0,,,,,,2.425735294117647,"1,000-1,500",False,False,8-30 days,2 beds
5650.0,2025-05-17,"6593 E Via Arboles, Anaheim, CA 92807",Anaheim,92807,33.849636,-117.76402,5.0,4.0,2536.0,SINGLE_FAMILY,4917.0,1493200.0,5.0,,,,,,2.2279179810725553,"over 2,500",False,False,0-7 days,5+ beds
7300.0,,"1901 E Diana Ave, Anaheim, CA 92805",Anaheim,92805,33.830986,-117.89038,4.0,2.0,1350.0,SINGLE_FAMILY,4555.0,900800.0,53.0,,,,,,5.407407407407407,"1,000-1,500",False,False,31-60 days,4 beds
4850.0,2025-05-31,"1896 S Westside Dr #70, Anaheim, CA 92805",Anaheim,92805,33.800774,-117.894196,4.0,4.0,2299.0,TOWNHOUSE,4711.0,987600.0,9.0,-350.0,,,,,2.1096128751631142,"1,500-2,500",False,True,8-30 days,4 beds
6000.0,2025-07-01,"1854 S Westside Dr #13, Anaheim, CA 92805",Anaheim,92805,33.80077,-117.89419,4.0,4.0,2299.0,TOWNHOUSE,4788.0,,28.0,,,,,,2.609830361026533,"1,500-2,500",False,False,8-30 days,4 beds
5300.0,2025-06-01,"546 S Haven Dr, Anaheim, CA 92805",Anaheim,92805,33.832504,-117.89881,4.0,2.0,1455.0,SINGLE_FAMILY,4171.0,1055400.0,6.0,,,,,,3.642611683848797,"1,000-1,500",False,False,0-7 days,4 beds
4100.0,2025-05-15,"6560 E Camino Vis UNIT 2, Anaheim, CA 92807",Anaheim,92807,33.83969,-117.760376,3.0,3.0,1540.0,TOWNHOUSE,3755.0,809100.0,5.0,,,,,,2.6623376623376624,"1,500-2,500",False,False,0-7 days,3 beds
1950.0,2025-05-05,"207 S Lillie Ave APT 5, Fullerton, CA 92831",Fullerton,92831,33.86966,-117.891464,1.0,1.0,,APARTMENT,1815.0,,14.0,,,,,,,,False,False,8-30 days,1 bed
2275.0,,"408 S Clementine St APT 202, Anaheim, CA 92805",Anaheim,92805,33.83119,-117.9156,1.0,1.0,750.0,APARTMENT,2351.0,,324.0,75.0,,,,,3.033333333333333,"700-1,000",False,False,90+ days,1 bed
1900.0,2025-06-01,"1209 Central Ave #A, Fullerton, CA 92831",Fullerton,92831,33.875156,-117.906494,1.0,1.0,337.0,APARTMENT,,,7.0,,,,,,5.637982195845697,under 700,False,False,0-7 days,1 bed
2850.0,,"410 S Clementine St APT 106, Anaheim, CA 92805",Anaheim,92805,33.83111,-117.91517,2.0,2.0,1000.0,APARTMENT,2925.0,,290.0,,,,,,2.85,"700-1,000",False,False,90+ days,2 beds
2850.0,2025-05-02,"410 S Orange Ave APT B, Brea, CA 92821",Brea,92821,33.91426,-117.9002,2.0,1.0,950.0,APARTMENT,,,18.0,,,,,,3.0,"700-1,000",False,False,8-30 days,2 beds
3150.0,2025-06-15,"435 W Center Street Promenade UNIT 429, Anaheim, CA 92805",Anaheim,92805,33.833935,-117.91884,2.0,2.0,1046.0,APARTMENT,2954.0,569900.0,16.0,,,,,,3.011472275334608,"1,000-1,500",False,False,8-30 days,2 beds
2775.0,,"412 S Clementine St APT 111, Anaheim, CA 92805",Anaheim,92805,33.831085,-117.914734,2.0,2.0,1000.0,APARTMENT,2854.0,,279.0,,,,,,2.775,"700-1,000",False,False,90+ days,2 beds
5400.0,2025-07-01,"718 E Meats Ave, Orange, CA 92865",Orange,92865,33.822803,-117.84644,4.0,3.0,1488.0,SINGLE_FAMILY,4966.0,1225200.0,11.0,,,,,,3.629032258064516,"1,000-1,500",False,False,8-30 days,4 beds
7800.0,2025-05-20,"3602 Merienda Ln, Yorba Linda, CA 92886",Yorba Linda,92886,33.909107,-117.84129,4.0,4.0,3352.0,SINGLE_FAMILY,7707.0,2108700.0,12.0,,,,,,2.3269689737470167,"over 2,500",False,False,8-30 days,4 beds
2500.0,2025-05-16,"1502 E Locust Ave APT 3, Orange, CA 92867",Orange,92867,33.803883,-117.837395,2.0,2.0,850.0,APARTMENT,2614.0,,5.0,,,,,,2.9411764705882355,"700-1,000",False,False,0-7 days,2 beds
8500.0,,"2880 E Cinnamon Pl, Anaheim, CA 92806",Anaheim,92806,33.84316,-117.87081,4.0,4.0,2260.0,SINGLE_FAMILY,5205.0,957200.0,24.0,-1400.0,,,,,3.7610619469026547,"1,500-2,500",False,True,8-30 days,4 beds
2900.0,2025-05-23,"101 S Lakeview Ave #101G, Placentia, CA 92870",Placentia,92870,33.869072,-117.81855,2.0,2.0,753.0,APARTMENT,2868.0,450200.0,12.0,,,,,,3.851261620185923,"700-1,000",False,False,8-30 days,2 beds
2795.0,,"920 Arnold Dr, Placentia, CA 92870",Placentia,92870,33.858246,-117.87948,2.0,1.0,900.0,APARTMENT,,,39.0,,,,,,3.1055555555555556,"700-1,000",False,False,31-60 days,2 beds
9000.0,2025-06-02,"(undisclosed Address), Fullerton, CA 92831",Fullerton,92831,,,4.0,2.0,1600.0,SINGLE_FAMILY,4471.0,948800.0,110.0,3000.0,,,,,5.625,"1,500-2,500",False,False,90+ days,4 beds
7784.0,2025-05-21,"225-227 S Main St, Placentia, CA 92870",Placentia,92870,33.87017,-117.87214,3.0,2.0,2300.0,SINGLE_FAMILY,4430.0,884500.0,175.0,,,,,,3.3843478260869566,"1,500-2,500",False,False,90+ days,3 beds
2750.0,2025-04-24,"1735 N Willow Woods Dr UNIT D, Anaheim, CA 92807",Anaheim,92807,33.864117,-117.796104,2.0,1.0,890.0,APARTMENT,2858.0,518700.0,26.0,,,,,,3.0898876404494384,"700-1,000",False,False,8-30 days,2 beds
4200.0,2025-05-13,"1460 E Pinewood Ave, Anaheim, CA 92805",Anaheim,92805,33.852367,-117.89934,3.0,2.0,1714.0,SINGLE_FAMILY,3864.0,981800.0,7.0,,,,,,2.4504084014002334,"1,500-2,500",False,False,0-7 days,3 beds
8000.0,,"(undisclosed Address), Fullerton, CA 92831",Fullerton,92831,,,4.0,2.0,1476.0,SINGLE_FAMILY,5121.0,1129100.0,99.0,,,,,,5.420054200542006,"1,000-1,500",False,False,90+ days,4 beds
2500.0,2025-05-13,"827 N Harbor Blvd, Anaheim, CA 92805",Anaheim,92805,33.8438,-117.92318,2.0,1.0,600.0,SINGLE_FAMILY,,654800.0,7.0,,,,,,4.166666666666667,under 700,False,False,0-7 days,2 beds
2150.0,2025-05-05,"3900 E Riverdale Ave APT D, Anaheim, CA 92807",Anaheim,92807,33.846714,-117.83541,1.0,1.0,800.0,APARTMENT,2153.0,,46.0,,,,,,2.6875,"700-1,000",False,False,31-60 days,1 bed
4950.0,2025-06-01,"1135 Melia Pl, Placentia, CA 92870",Placentia,92870,33.872665,-117.84631,4.0,4.0,2700.0,SINGLE_FAMILY,5082.0,1451700.0,13.0,,,,,,1.8333333333333333,"over 2,500",False,False,8-30 days,4 beds
7200.0,2025-06-06,"(undisclosed Address), Anaheim, CA 92807",Anaheim,92807,,,5.0,4.0,2700.0,SINGLE_FAMILY,6016.0,1416900.0,19.0,,,,,,2.6666666666666665,"over 2,500",False,False,8-30 days,5+ beds
3195.0,2025-05-01,"6243 Flower Creek Ln, Yorba Linda, CA 92886",Yorba Linda,92886,33.866734,-117.78185,2.0,2.0,1131.0,APARTMENT,2960.0,,21.0,,,,,,2.8249336870026527,"1,000-1,500",False,False,8-30 days,2 beds
3950.0,2025-07-01,"563 S Casita St, Anaheim, CA 92805",Anaheim,92805,33.831852,-117.90587,3.0,3.0,1468.0,TOWNHOUSE,3706.0,818800.0,21.0,,,,,,2.690735694822888,"1,000-1,500",False,False,8-30 days,3 beds
11800.0,,"536 S West St, Anaheim, CA 92805",Anaheim,92805,33.826805,-117.92488,4.0,2.0,2101.0,SINGLE_FAMILY,4282.0,1252900.0,15.0,,,,,,5.616373155640171,"1,500-2,500",False,False,8-30 days,4 beds
5995.0,2025-05-12,"6305 Golden Gate Dr, Yorba Linda, CA 92886",Yorba Linda,92886,33.86967,-117.78336,4.0,3.0,2400.0,SINGLE_FAMILY,5401.0,1549600.0,14.0,,,,,,2.497916666666667,"1,500-2,500",False,False,8-30 days,4 beds
4800.0,2025-06-02,"1422 N Harwood St, Orange, CA 92867",Orange,92867,33.810482,-117.84673,5.0,3.0,1905.0,SINGLE_FAMILY,5439.0,1247500.0,23.0,-1200.0,,,,,2.5196850393700787,"1,500-2,500",False,True,8-30 days,5+ beds
6250.0,2025-06-01,"509 Brady Cir, Placentia, CA 92870",Placentia,92870,33.874725,-117.847694,5.0,3.0,3290.0,SINGLE_FAMILY,5578.0,1609500.0,15.0,,,,,,1.8996960486322187,"over 2,500",False,False,8-30 days,5+ beds
3500.0,2025-05-13,"21850 Cimarron Pl, Yorba Linda, CA 92887",Yorba Linda,92887,33.87871,-117.751686,2.0,2.0,1056.0,SINGLE_FAMILY,3217.0,821100.0,7.0,,,,,,3.3143939393939394,"1,000-1,500",False,False,0-7 days,2 beds
2000.0,2025-05-04,"140 E Wakefield Ave #2, Anaheim, CA 92802",Anaheim,92802,33.79906,-117.904686,1.0,1.0,680.0,APARTMENT,,,37.0,-50.0,,,,,2.9411764705882355,under 700,False,True,31-60 days,1 bed
2600.0,2025-05-01,"1550 E Benmore Ln #2, Anaheim, CA 92805",Anaheim,92805,33.855633,-117.89597,2.0,2.0,,APARTMENT,,,35.0,,,,,,,,False,False,31-60 days,2 beds
8000.0,2025-06-01,"20040 Livorno Ln, Yorba Linda, CA 92886",Yorba Linda,92886,33.899437,-117.78485,3.0,3.0,2600.0,SINGLE_FAMILY,5244.0,1623400.0,53.0,,,,,,3.076923076923077,"over 2,500",False,False,31-60 days,3 beds
12000.0,2025-05-01,"10241 Sterling Ave, Villa Park, CA 92861",Villa Park,92861,33.813873,-117.80641,5.0,4.0,4080.0,SINGLE_FAMILY,7552.0,2945400.0,16.0,-3000.0,,,,,2.9411764705882355,"over 2,500",False,True,8-30 days,5+ beds
3612.0,2025-05-26,"227 S Main St, Placentia, CA 92870",Placentia,92870,33.869797,-117.872246,1.0,1.0,1000.0,SINGLE_FAMILY,2656.0,518000.0,40.0,342.0,,,,,3.612,"700-1,000",False,False,31-60 days,1 bed
4100.0,2025-08-16,"(undisclosed Address), Anaheim, CA 92805",Anaheim,92805,,,3.0,1.0,1492.0,SINGLE_FAMILY,3720.0,856800.0,16.0,,,,,,2.74798927613941,"1,000-1,500",False,False,8-30 days,3 beds
6800.0,2025-05-01,"6775 E Boscana Ct, Orange, CA 92867",Orange,92867,33.82821,-117.78141,5.0,4.0,3393.0,SINGLE_FAMILY,7138.0,1793200.0,49.0,-700.0,,,,,2.0041261420571765,"over 2,500",False,True,31-60 days,5+ beds
3900.0,2025-06-15,"960 N Shaffer St, Orange, CA 92867",Orange,92867,33.80338,-117.84872,3.0,2.0,1000.0,SINGLE_FAMILY,4419.0,981100.0,13.0,,,,,,3.9,"700-1,000",False,False,8-30 days,3 beds
4172.0,2025-05-21,"225 S Main St, Placentia, CA 92870",Placentia,92870,33.869904,-117.872536,2.0,1.0,1422.0,SINGLE_FAMILY,2954.0,953000.0,47.0,,,,,,2.9338959212376934,"1,000-1,500",False,False,31-60 days,2 beds
4350.0,2025-05-13,"280 S Auburn Heights Ln, Anaheim, CA 92807",Anaheim,92807,33.851257,-117.77902,4.0,3.0,1749.0,TOWNHOUSE,4387.0,1048200.0,22.0,-100.0,,,,,2.4871355060034306,"1,500-2,500",False,True,8-30 days,4 beds
2350.0,2025-05-20,"150 N East St APT 109, Anaheim, CA 92805",Anaheim,92805,33.83904,-117.90259,2.0,2.0,850.0,APARTMENT,,,0.0,,,,,,2.764705882352941,"700-1,000",False,False,0-7 days,2 beds
4750.0,2025-06-01,"2877 Treeview Pl, Fullerton, CA 92835",Fullerton,92835,33.903305,-117.87754,4.0,3.0,2023.0,SINGLE_FAMILY,3355.0,1050300.0,0.0,,,,,,2.347998022738507,"1,500-2,500",False,False,0-7 days,4 beds
2695.0,2025-05-10,"1538 E Adams Ave, Orange, CA 92867",Orange,92867,33.80598,-117.83705,2.0,2.0,1250.0,APARTMENT,3010.0,,66.0,-100.0,,,,,2.156,"1,000-1,500",False,True,61-90 days,2 beds
5200.0,,"2193 N Cleveland St, Orange, CA 92865",Orange,92865,33.824734,-117.847916,4.0,2.0,2300.0,SINGLE_FAMILY,4964.0,1234700.0,45.0,,,,,,2.260869565217391,"1,500-2,500",False,False,31-60 days,4 beds
4500.0,2025-07-01,"(undisclosed Address), Anaheim, CA 92805",Anaheim,92805,,,4.0,2.0,1355.0,SINGLE_FAMILY,4544.0,939400.0,1.0,,,,,,3.321033210332103,"1,000-1,500",False,False,0-7 days,4 beds
3850.0,2025-05-14,"21112 Via Corrillo, Yorba Linda, CA 92887",Yorba Linda,92887,33.878822,-117.763565,3.0,3.0,1531.0,TOWNHOUSE,3869.0,911900.0,11.0,,,,,,2.5146962769431744,"1,500-2,500",False,False,8-30 days,3 beds
4300.0,,"(undisclosed Address), Brea, CA 92821",Brea,92821,,,6.0,3.0,2385.0,APARTMENT,,,32.0,,,,,,1.8029350104821802,"1,500-2,500",False,False,31-60 days,5+ beds
4195.0,2025-06-01,"4535 Via De La Plz, Yorba Linda, CA 92886",Yorba Linda,92886,33.894196,-117.78532,5.0,2.0,1838.0,SINGLE_FAMILY,4132.0,1155400.0,9.0,,,,,,2.2823721436343853,"1,500-2,500",False,False,8-30 days,5+ beds
3950.0,2025-08-01,"4787 Carmonita Ln, Yorba Linda, CA 92886",Yorba Linda,92886,33.891136,-117.79274,4.0,3.0,1564.0,TOWNHOUSE,3875.0,800500.0,16.0,,,,,,2.5255754475703327,"1,500-2,500",False,False,8-30 days,4 beds
4500.0,2025-06-01,"1406 Kliner Ln, Placentia, CA 92870",Placentia,92870,33.873123,-117.83639,4.0,3.0,2269.0,SINGLE_FAMILY,4562.0,1180400.0,22.0,,,,,,1.9832525341560159,"1,500-2,500",False,False,8-30 days,4 beds
4995.0,,"841 S Shanada Ct, Anaheim, CA 92807",Anaheim,92807,33.83478,-117.78082,4.0,3.0,1947.0,TOWNHOUSE,4799.0,,42.0,,,,,,2.5654853620955316,"1,500-2,500",False,False,31-60 days,4 beds
5500.0,,"1961 N Diamond St, Orange, CA 92867",Orange,92867,33.820454,-117.82852,4.0,2.0,1823.0,SINGLE_FAMILY,5491.0,1225100.0,57.0,-300.0,,,,,3.0170049369171696,"1,500-2,500",False,True,31-60 days,4 beds
6795.0,2025-05-11,"1125.5 E Mayfair Ave, Orange, CA 92867",Orange,92867,33.799603,-117.82565,6.0,3.0,1970.0,SINGLE_FAMILY,,1121800.0,9.0,-400.0,,,,,3.449238578680203,"1,500-2,500",False,True,8-30 days,5+ beds
7300.0,2025-07-25,"1644 N Gymkhana St, Orange, CA 92869",Orange,92869,33.815514,-117.77674,4.0,3.0,1877.0,SINGLE_FAMILY,4909.0,1192800.0,0.0,-200.0,,,,,3.8891848694725626,"1,500-2,500",False,True,0-7 days,4 beds
3750.0,2025-06-01,"383 Alta Vista St, Placentia, CA 92870",Placentia,92870,33.87676,-117.86303,3.0,3.0,1857.0,TOWNHOUSE,3810.0,890600.0,33.0,,,,,,2.0193861066235863,"1,500-2,500",False,False,31-60 days,3 beds
2095.0,2025-05-15,"3024 Quartz Ln APT 3, Fullerton, CA 92831",Fullerton,92831,33.884693,-117.875084,2.0,1.0,,APARTMENT,,,25.0,-200.0,,,,,,,False,True,8-30 days,2 beds
2295.0,,"2538 E Terrace St #D, Anaheim, CA 92806",Anaheim,92806,33.853214,-117.88027,2.0,1.0,,APARTMENT,,,98.0,-205.0,,,,,,,False,True,90+ days,2 beds
4300.0,2025-05-02,"437 Patterson Way, Fullerton, CA 92832",Fullerton,92832,33.86681,-117.91678,4.0,3.0,1550.0,SINGLE_FAMILY,,946100.0,18.0,,,,,,2.774193548387097,"1,500-2,500",False,False,8-30 days,4 beds
2195.0,2025-05-06,"617 E Birch St #1, Brea, CA 92821",Brea,92821,33.918007,-117.89247,1.0,1.0,600.0,APARTMENT,2171.0,,22.0,,,,,,3.658333333333333,under 700,False,False,8-30 days,1 bed
2200.0,,"2559 Rimcrest Rd, Brea, CA 92821",Brea,92821,33.924614,-117.86465,1.0,1.0,475.0,APARTMENT,2223.0,900800.0,95.0,-100.0,,,,,4.631578947368421,under 700,False,True,90+ days,1 bed
2895.0,,"43 Elm Via, Anaheim, CA 92801",Anaheim,92801,33.862514,-117.913284,2.0,2.0,945.0,SINGLE_FAMILY,2959.0,399100.0,91.0,100.0,,,,,3.0634920634920637,"700-1,000",False,False,90+ days,2 beds
3750.0,,"2915 Barrington Ct, Fullerton, CA 92831",Fullerton,92831,33.88637,-117.878296,3.0,2.0,1203.0,CONDO,3192.0,661700.0,6.0,,,,,,3.117206982543641,"1,000-1,500",False,False,0-7 days,3 beds
5195.0,,"332 Winding Ln, Brea, CA 92821",Brea,92821,33.922935,-117.868996,4.0,3.0,2043.0,SINGLE_FAMILY,5109.0,1188600.0,9.0,,,,,,2.5428291727851198,"1,500-2,500",False,False,8-30 days,4 beds
4300.0,,"2440 E Lincoln Ave #3, Anaheim, CA 92806",Anaheim,92806,33.838497,-117.88161,4.0,4.0,1827.0,CONDO,,936600.0,29.0,,,,,,2.353585112205802,"1,500-2,500",False,False,8-30 days,4 beds
2695.0,,"1216 E La Palma Ave, Anaheim, CA 92805",Anaheim,92805,33.84691,-117.90468,2.0,2.0,950.0,TOWNHOUSE,2680.0,,61.0,-100.0,,,,,2.836842105263158,"700-1,000",False,True,61-90 days,2 beds
4800.0,,"16997 Copperleaf Ct, Yorba Linda, CA 92886",Yorba Linda,92886,33.904354,-117.838806,4.0,3.0,2318.0,CONDO,4693.0,,17.0,,,,,,2.0707506471095773,"1,500-2,500",False,False,8-30 days,4 beds
8750.0,,"5449 E Suncrest Rd, Anaheim, CA 92807",Anaheim,92807,33.849957,-117.79696,5.0,4.0,3688.0,SINGLE_FAMILY,6354.0,1840900.0,24.0,-1000.0,,,,,2.3725596529284165,"over 2,500",False,True,8-30 days,5+ beds
3500.0,,"2993 N Cottonwood St UNIT 10, Orange, CA 92865",Orange,92865,33.839226,-117.848366,3.0,2.0,1148.0,SINGLE_FAMILY,3869.0,744000.0,0.0,,,,,,3.048780487804878,"1,000-1,500",False,False,0-7 days,3 beds
4500.0,,"136 N Lohrum Ln, Anaheim, CA 92807",Anaheim,92807,33.852734,-117.796486,4.0,2.0,2061.0,SINGLE_FAMILY,4292.0,1044000.0,0.0,,,,,,2.183406113537118,"1,500-2,500",False,False,0-7 days,4 beds
3700.0,,"712 N Ethan Way, Anaheim, CA 92805",Anaheim,92805,33.844788,-117.90914,3.0,3.0,1540.0,CONDO,3549.0,755000.0,0.0,,,,,,2.4025974025974026,"1,500-2,500",False,False,0-7 days,3 beds
6500.0,,"7686 E Big Canyon Dr, Anaheim, CA 92808",Anaheim,92808,33.85084,-117.74495,4.0,3.0,2661.0,SINGLE_FAMILY,5850.0,1589500.0,4.0,,,,,,2.4426907177752724,"over 2,500",False,False,0-7 days,4 beds
3200.0,,"18641 Oriente Dr, Yorba Linda, CA 92886",Yorba Linda,92886,33.894203,-117.80883,2.0,1.0,1100.0,MULTI_FAMILY,4094.0,1779900.0,7.0,,,,,,2.909090909090909,"1,000-1,500",False,False,0-7 days,2 beds
3650.0,,"1186 S Belhaven St #A, Anaheim, CA 92806",Anaheim,92806,33.818783,-117.88512,3.0,2.0,1400.0,APARTMENT,,,2.0,,,,,,2.607142857142857,"1,000-1,500",False,False,0-7 days,3 beds
2695.0,,"747 W La Jolla St #401, Placentia, CA 92870",Placentia,92870,33.85709,-117.88042,2.0,2.0,,APARTMENT,,,6.0,,,,,,,,False,False,0-7 days,2 beds
2995.0,2025-05-15,"312 N Citron St., 312 N Citron St #314, Anaheim, CA 92805",Anaheim,92805,33.83612,-117.92391,2.0,1.0,800.0,APARTMENT,,,4.0,,,,,,3.74375,"700-1,000",False,False,0-7 days,2 beds
5250.0,,"1868 S Westside Dr #28, Anaheim, CA 92805",Anaheim,92805,33.800735,-117.89421,4.0,4.0,2373.0,CONDO,4763.0,,7.0,,,,,,2.2123893805309733,"1,500-2,500",False,False,0-7 days,4 beds
5500.0,,"810 E Collins Ave, Orange, CA 92867",Orange,92867,33.802032,-117.845085,5.0,2.0,2233.0,SINGLE_FAMILY,6381.0,1375400.0,13.0,-500.0,,,,,2.4630541871921183,"1,500-2,500",False,True,8-30 days,5+ beds
2000.0,,"1256 N Placentia Ave APT 3, Anaheim, CA 92806",Anaheim,92806,33.851654,-117.886925,1.0,1.0,,APARTMENT,,,25.0,,,,,,,,False,False,8-30 days,1 bed
5700.0,,"7048 E Horizon Dr, Orange, CA 92867",Orange,92867,33.826675,-117.778755,4.0,3.0,2117.0,SINGLE_FAMILY,5363.0,1253700.0,33.0,-295.0,,,,,2.69248937175248,"1,500-2,500",False,True,31-60 days,4 beds
4350.0,,"310 S Orange Ave, Brea, CA 92821",Brea,92821,33.915604,-117.89915,3.0,2.0,1300.0,SINGLE_FAMILY,4085.0,,0.0,,,,,,3.3461538461538463,"1,000-1,500",False,False,0-7 days,3 beds
7000.0,,"20325 Via Almeria, Yorba Linda, CA 92887",Yorba Linda,92887,33.87781,-117.780594,4.0,3.0,3600.0,SINGLE_FAMILY,6182.0,2103300.0,2.0,,,,,,1.9444444444444444,"over 2,500",False,False,0-7 days,4 beds
4200.0,,"136 N Tiana Ln, Anaheim, CA 92807",Anaheim,92807,33.852776,-117.79826,4.0,3.0,1895.0,SINGLE_FAMILY,4395.0,1167000.0,3.0,,,,,,2.216358839050132,"1,500-2,500",False,False,0-7 days,4 beds
4100.0,,"1422 Educators Way, Fullerton, CA 92835",Fullerton,92835,33.886143,-117.92378,3.0,3.0,2060.0,SINGLE_FAMILY,4040.0,1076400.0,1.0,,,,,,1.9902912621359223,"1,500-2,500",False,False,0-7 days,3 beds
4500.0,,"6631 E Princeton Ave, Anaheim, CA 92807",Anaheim,92807,33.833977,-117.75811,3.0,3.0,1945.0,SINGLE_FAMILY,4372.0,1129500.0,4.0,,,,,,2.3136246786632393,"1,500-2,500",False,False,0-7 days,3 beds
4000.0,,"123 S Orange Ave, Brea, CA 92821",Brea,92821,33.919285,-117.89771,3.0,3.0,1457.0,CONDO,3776.0,822100.0,1.0,,,,,,2.7453671928620453,"1,000-1,500",False,False,0-7 days,3 beds
10000.0,,"2018 E La Palma Ave, Anaheim, CA 92806",Anaheim,92806,33.846924,-117.88841,10.0,4.0,3332.0,MULTI_FAMILY,6504.0,1516400.0,22.0,,,,,,3.0012004801920766,"over 2,500",False,False,8-30 days,5+ beds
4500.0,,"1000 Riedel Ave, Fullerton, CA 92831",Fullerton,92831,33.879578,-117.90323,3.0,3.0,1601.0,SINGLE_FAMILY,4454.0,1140200.0,5.0,,,,,,2.8107432854465957,"1,500-2,500",False,False,0-7 days,3 beds
5450.0,,"1304 E Carleton Ave, Orange, CA 92867",Orange,92867,33.81027,-117.84062,3.0,2.0,1720.0,SINGLE_FAMILY,5377.0,1106400.0,5.0,,,,,,3.1686046511627906,"1,500-2,500",False,False,0-7 days,3 beds
2600.0,,"2592-2598 N Bourbon St, 2592-2598 N Bourbon St, Orange, CA 92865",Orange,92865,33.8335,-117.83897,2.0,1.0,750.0,APARTMENT,,,13.0,-50.0,,,,,3.466666666666667,"700-1,000",False,True,8-30 days,2 beds
4795.0,,"5919 E Yorktown Cir, Orange, CA 92869",Orange,92869,33.80951,-117.79016,3.0,3.0,2527.0,SINGLE_FAMILY,5513.0,1536300.0,5.0,,,,,,1.8975069252077563,"over 2,500",False,False,0-7 days,3 beds
4300.0,,"601 Sunrise St, Placentia, CA 92870",Placentia,92870,33.877953,-117.875145,3.0,2.0,1154.0,SINGLE_FAMILY,3825.0,924100.0,5.0,,,,,,3.7261698440207973,"1,000-1,500",False,False,0-7 days,3 beds
7000.0,,"2548 Ironbark St, Fullerton, CA 92835",Fullerton,92835,33.89807,-117.9176,4.0,3.0,2779.0,SINGLE_FAMILY,5785.0,1508400.0,11.0,,,,,,2.5188916876574305,"over 2,500",False,False,8-30 days,4 beds
7600.0,,"3025 E Hillcrest Ave, Orange, CA 92867",Orange,92867,33.818478,-117.8208,7.0,6.0,3200.0,SINGLE_FAMILY,7942.0,1952500.0,21.0,250.0,,,,,2.375,"over 2,500",False,False,8-30 days,5+ beds
2700.0,,"101 N Tustin Ave APT 3, Anaheim, CA 92807",Anaheim,92807,33.84296,-117.83338,2.0,1.0,850.0,MULTI_FAMILY,2680.0,1097700.0,19.0,,,,,,3.176470588235294,"700-1,000",False,False,8-30 days,2 beds
4995.0,,"814 E Ferndale Ave, Orange, CA 92865",Orange,92865,33.817654,-117.845314,4.0,2.0,1730.0,SINGLE_FAMILY,4962.0,1260600.0,5.0,,,,,,2.88728323699422,"1,500-2,500",False,False,0-7 days,4 beds
5600.0,,"2136 N Pami Cir, Orange, CA 92867",Orange,92867,33.82345,-117.830894,4.0,4.0,3092.0,SINGLE_FAMILY,5898.0,1331700.0,15.0,,,,,,1.8111254851228977,"over 2,500",False,False,8-30 days,4 beds
4350.0,,"5616 E Vista Del Valle, Anaheim, CA 92807",Anaheim,92807,33.845825,-117.792496,3.0,3.0,1632.0,SINGLE_FAMILY,3899.0,873600.0,5.0,,,,,,2.6654411764705883,"1,500-2,500",False,False,0-7 days,3 beds
8500.0,,"996 N Antonio Cir, Orange, CA 92869",Orange,92869,33.803997,-117.802864,6.0,7.0,4364.0,SINGLE_FAMILY,7543.0,2343500.0,14.0,,,,,,1.9477543538038498,"over 2,500",False,False,8-30 days,5+ beds
4100.0,,"408 Montessori Ave, Placentia, CA 92870",Placentia,92870,33.901985,-117.870544,3.0,2.0,1452.0,SINGLE_FAMILY,4293.0,1025100.0,5.0,-200.0,,,,,2.8236914600550964,"1,000-1,500",False,True,0-7 days,3 beds
6300.0,,"1087 N Greengrove St, Orange, CA 92867",Orange,92867,33.806004,-117.83869,6.0,2.0,,SINGLE_FAMILY,6140.0,962000.0,23.0,,,,,,,,False,False,8-30 days,5+ beds
1950.0,,"319 N. Rose St, 319 N Rose St APT D, Anaheim, CA 92805",Anaheim,92805,33.840656,-117.90481,1.0,1.0,,APARTMENT,,,24.0,,,,,,,,False,False,8-30 days,1 bed
2600.0,,"2598 N Bourbon St, Orange, CA 92865",Orange,92865,33.83202,-117.83933,2.0,1.0,750.0,APARTMENT,,,29.0,-50.0,,,,,3.466666666666667,"700-1,000",False,True,8-30 days,2 beds
2100.0,,"126 W Sycamore St, Anaheim, CA 92805",Anaheim,92805,33.839264,-117.916534,,1.0,600.0,MULTI_FAMILY,2167.0,908400.0,19.0,,,,,,3.5,under 700,False,False,8-30 days,
12000.0,,"19021 Canyon Dr, Villa Park, CA 92861",Villa Park,92861,33.82544,-117.8003,5.0,4.0,4446.0,SINGLE_FAMILY,7981.0,2600800.0,13.0,,,,,,2.699055330634278,"over 2,500",False,False,8-30 days,5+ beds
2195.0,2025-05-13,"The Joyce Apartments, 125 E Ellis Pl APT 13, Fullerton, CA 92832",Fullerton,92832,33.87536,-117.923256,1.0,1.0,600.0,APARTMENT,2028.0,,6.0,-100.0,,,,,3.658333333333333,under 700,False,True,0-7 days,1 bed
5000.0,2025-04-28,"1133 S Chantilly St, Anaheim, CA 92806",Anaheim,92806,33.82078,-117.87548,4.0,2.0,1634.0,SINGLE_FAMILY,4443.0,1130900.0,21.0,,,,,,3.0599755201958385,"1,500-2,500",False,False,8-30 days,4 beds
10000.0,,"9911 Briley Way, Villa Park, CA 92861",Villa Park,92861,33.818306,-117.80666,6.0,5.0,4000.0,SINGLE_FAMILY,7027.0,2345900.0,35.0,-2000.0,,,,,2.5,"over 2,500",False,True,31-60 days,5+ beds
4500.0,,"18972 Santiago Blvd, Villa Park, CA 92861",Villa Park,92861,33.814316,-117.80109,2.0,2.0,1280.0,SINGLE_FAMILY,,1170400.0,35.0,,,,,,3.515625,"1,000-1,500",False,False,31-60 days,2 beds
4995.0,,"1260 E Turin Ave, Anaheim, CA 92805",Anaheim,92805,33.822044,-117.89469,3.0,2.0,1300.0,SINGLE_FAMILY,4602.0,767700.0,49.0,-155.0,,,,,3.8423076923076924,"1,000-1,500",False,True,31-60 days,3 beds
2700.0,,"133 Doverfield Dr #59, Placentia, CA 92870",Placentia,92870,33.884758,-117.8661,2.0,2.0,892.0,CONDO,2893.0,562900.0,5.0,,,,,,3.0269058295964126,"700-1,000",False,False,0-7 days,2 beds
1975.0,,"2119 E Westport Dr #5, Anaheim, CA 92806",Anaheim,92806,33.837067,-117.887375,1.0,1.0,600.0,APARTMENT,1901.0,,36.0,-75.0,,,,,3.2916666666666665,under 700,False,True,31-60 days,1 bed
6500.0,,"2395 N Waterberry St, Orange, CA 92865",Orange,92865,33.82871,-117.846176,4.0,2.0,1915.0,SINGLE_FAMILY,5834.0,1272100.0,46.0,500.0,,,,,3.3942558746736293,"1,500-2,500",False,False,31-60 days,4 beds
4100.0,,"405 N Tapia Ln, Brea, CA 92821",Brea,92821,33.925232,-117.86138,4.0,3.0,1890.0,TOWNHOUSE,4222.0,1277500.0,8.0,,,,,,2.1693121693121693,"1,500-2,500",False,False,8-30 days,4 beds
6800.0,,"10561 Fredrick Dr, Villa Park, CA 92861",Villa Park,92861,33.808903,-117.81845,4.0,2.0,2050.0,SINGLE_FAMILY,6474.0,1602100.0,24.0,,,,,,3.317073170731707,"1,500-2,500",False,False,8-30 days,4 beds
1750.0,,"2017 E Whiting Ave #G, Fullerton, CA 92831",Fullerton,92831,33.87352,-117.8953,1.0,1.0,513.0,APARTMENT,1809.0,,71.0,,,,,,3.4113060428849904,under 700,False,False,61-90 days,1 bed
3395.0,,"747 W La Jolla St APT 403, Placentia, CA 92870",Placentia,92870,33.85709,-117.88041,3.0,2.0,,APARTMENT,,,73.0,,,,,,,,False,False,61-90 days,3 beds
3995.0,2025-06-10,"Newly Built Home, 1238 E Locust Ave, Orange, CA 92867",Orange,92867,33.803646,-117.84019,3.0,2.0,1130.0,APARTMENT,3959.0,933300.0,39.0,,,,,,3.5353982300884956,"1,000-1,500",False,False,31-60 days,3 beds
4500.0,,"18067 Burke Ln, Yorba Linda, CA 92886",Yorba Linda,92886,33.888203,-117.81904,3.0,3.0,1834.0,CONDO,4332.0,952400.0,17.0,,,,,,2.4536532170119956,"1,500-2,500",False,False,8-30 days,3 beds
5000.0,,"1732 Stanley Ave, Placentia, CA 92870",Placentia,92870,33.89397,-117.86943,4.0,2.0,1612.0,SINGLE_FAMILY,5049.0,1016400.0,27.0,,,,,,3.101736972704715,"1,500-2,500",False,False,8-30 days,4 beds
1865.0,2025-05-01,"612-628 N. Olive Street, 612-628 N Olive St #622-C, Anaheim, CA 92805",Anaheim,92805,33.84266,-117.91223,1.0,1.0,400.0,APARTMENT,,,21.0,,,,,,4.6625,under 700,False,False,8-30 days,1 bed
3800.0,,"1721 Hayes Ct, Placentia, CA 92870",Placentia,92870,33.873486,-117.8291,3.0,3.0,1685.0,SINGLE_FAMILY,4068.0,991100.0,18.0,-180.0,,,,,2.255192878338279,"1,500-2,500",False,True,8-30 days,3 beds
2995.0,,"314 N Citron St, Anaheim, CA 92805",Anaheim,92805,33.83612,-117.92409,2.0,1.0,800.0,SINGLE_FAMILY,,,5.0,,,,,,3.74375,"700-1,000",False,False,0-7 days,2 beds
4800.0,,"1913 Aspen Cir, Fullerton, CA 92835",Fullerton,92835,33.905285,-117.891594,3.0,2.0,1666.0,SINGLE_FAMILY,4588.0,993200.0,35.0,,,,,,2.881152460984394,"1,500-2,500",False,False,31-60 days,3 beds
4300.0,,"3016 E Walking Beam Pl, Brea, CA 92821",Brea,92821,33.925655,-117.856735,3.0,3.0,1827.0,TOWNHOUSE,4175.0,1175000.0,7.0,,,,,,2.353585112205802,"1,500-2,500",False,False,0-7 days,3 beds
2950.0,,"2851 Rolling Hills Dr SPACE 231, Fullerton, CA 92835",Fullerton,92835,33.9056,-117.878944,2.0,2.0,1440.0,SINGLE_FAMILY,3020.0,517600.0,13.0,,,,,,2.048611111111111,"1,000-1,500",False,False,8-30 days,2 beds
6000.0,,"5432 E Crest De Ville Ave, Orange, CA 92867",Orange,92867,33.821136,-117.795616,3.0,2.0,2244.0,SINGLE_FAMILY,5334.0,1373400.0,81.0,-500.0,,,,,2.6737967914438503,"1,500-2,500",False,True,61-90 days,3 beds
2219.0,,"Orange County - Katella Ave., 1635 W Katella Ave, Orange, CA 92867",Orange,92867,33.80739,-117.87234,0.0,1.0,300.0,APARTMENT,,,32.0,-661.0,,,,,7.3966666666666665,under 700,False,True,31-60 days,Studio
2595.0,,"213-217 E Clifton Ave, 213-217 E Clifton Ave #217-1, Anaheim, CA 92805",Anaheim,92805,33.820225,-117.90658,2.0,1.0,900.0,APARTMENT,,,54.0,,,,,,2.8833333333333333,"700-1,000",False,False,31-60 days,2 beds
2200.0,,"2539 E Ward Ter APT C, Anaheim, CA 92806",Anaheim,92806,33.840282,-117.87876,1.0,1.0,700.0,MULTI_FAMILY,2204.0,1069500.0,51.0,,,,,,3.142857142857143,under 700,False,False,31-60 days,1 bed
1525.0,2025-05-10,"321 S. Olive St., 321 S Olive St #100, Anaheim, CA 92805",Anaheim,92805,33.833263,-117.9095,0.0,1.0,250.0,APARTMENT,1389.0,,12.0,,,,,,6.1,under 700,False,False,8-30 days,Studio
2525.0,,"3166 Pearl Dr, Fullerton, CA 92831",Fullerton,92831,33.88483,-117.871796,2.0,2.0,955.0,MULTI_FAMILY,2593.0,974800.0,48.0,30.0,,,,,2.643979057591623,"700-1,000",False,False,31-60 days,2 beds
2400.0,2025-06-01,"703 N Lincoln St, Orange, CA 92867",Orange,92867,33.79845,-117.83783,0.0,1.0,511.0,SINGLE_FAMILY,,718800.0,91.0,-50.0,,,,,4.6966731898238745,under 700,False,True,90+ days,Studio
3700.0,,"1271 N Emogene St, Anaheim, CA 92807",Anaheim,92807,33.86987,-117.77288,3.0,1.0,1609.0,SINGLE_FAMILY,3733.0,1122400.0,15.0,,,,,,2.2995649471721564,"1,500-2,500",False,False,8-30 days,3 beds
1995.0,,"(03) Vine, 420 N Vine St APT 8, Anaheim, CA 92805",Anaheim,92805,33.841488,-117.906784,1.0,1.0,,APARTMENT,1317.0,,103.0,,,,,,,,False,False,90+ days,1 bed
3500.0,,"5486 E Willow Woods Ln #104, Anaheim, CA 92807",Anaheim,92807,33.865097,-117.79416,3.0,2.0,1134.0,CONDO,3539.0,688900.0,33.0,,,,,,3.0864197530864197,"1,000-1,500",False,False,31-60 days,3 beds
3300.0,,"16641 E Main St APT B, Orange, CA 92865",Orange,92865,33.837204,-117.841866,2.0,1.0,950.0,SINGLE_FAMILY,2826.0,990000.0,13.0,,,,,,3.473684210526316,"700-1,000",False,False,8-30 days,2 beds
1995.0,2025-06-06,"221 E Ash St, Brea, CA 92821",Brea,92821,33.919415,-117.896255,0.0,1.0,350.0,APARTMENT,1659.0,,14.0,,,,,,5.7,under 700,False,False,8-30 days,Studio
3400.0,2025-05-24,"125 S Melrose St APT A, Placentia, CA 92870",Placentia,92870,33.87179,-117.87316,3.0,3.0,1300.0,APARTMENT,,,13.0,-200.0,,,,,2.6153846153846154,"1,000-1,500",False,True,8-30 days,3 beds
3040.0,,"520 Magnolia Ave #A, Brea, CA 92821",Brea,92821,33.911026,-117.89871,2.0,1.0,900.0,APARTMENT,2841.0,,53.0,40.0,,,,,3.3777777777777778,"700-1,000",False,False,31-60 days,2 beds
2500.0,,"209 E Valencia Dr APT 7, Fullerton, CA 92832",Fullerton,92832,33.86652,-117.92164,2.0,2.0,950.0,APARTMENT,2578.0,,70.0,,,,,,2.6315789473684212,"700-1,000",False,False,61-90 days,2 beds
5000.0,2025-05-23,"2565 N Delta St, Orange, CA 92865",Orange,92865,33.831455,-117.84648,3.0,2.0,2250.0,SINGLE_FAMILY,4098.0,1227300.0,12.0,,,,,,2.2222222222222223,"1,500-2,500",False,False,8-30 days,3 beds
4000.0,2025-05-03,"4847 Aliano Plz, Yorba Linda, CA 92886",Yorba Linda,92886,33.890198,-117.79339,4.0,3.0,1529.0,TOWNHOUSE,3957.0,803300.0,0.0,-100.0,,,,,2.616088947024199,"1,500-2,500",False,True,0-7 days,4 beds
1825.0,,"2045 E Whiting Ave APT 10, Fullerton, CA 92831",Fullerton,92831,33.8735,-117.89418,1.0,1.0,550.0,APARTMENT,,,49.0,,,,,,3.3181818181818183,under 700,False,False,31-60 days,1 bed
4945.0,2025-05-04,"2932 Arlington Ave, Fullerton, CA 92835",Fullerton,92835,33.90424,-117.91233,5.0,2.0,2000.0,SINGLE_FAMILY,4899.0,1102700.0,15.0,,,,,,2.4725,"1,500-2,500",False,False,8-30 days,5+ beds
15000.0,,"3140 E Abbey Ln, Orange, CA 92867",Orange,92867,33.83421,-117.82013,6.0,8.0,7729.0,SINGLE_FAMILY,7361.0,4322700.0,20.0,,,,,,1.9407426575236124,"over 2,500",False,False,8-30 days,5+ beds
15000.0,,"19631 Crestknoll Dr, Yorba Linda, CA 92886",Yorba Linda,92886,33.87055,-117.78957,5.0,6.0,4310.0,SINGLE_FAMILY,7928.0,2353900.0,55.0,-500.0,,,,,3.480278422273782,"over 2,500",False,True,31-60 days,5+ beds
2450.0,,"(undisclosed Address), Brea, CA 92821",Brea,92821,,,2.0,2.0,557.0,APARTMENT,,,32.0,250.0,,,,,4.3985637342908435,under 700,False,False,31-60 days,2 beds
6780.0,,"2449 E Kern River Ln, Brea, CA 92821",Brea,92821,33.926723,-117.86617,4.0,5.0,3877.0,SINGLE_FAMILY,6814.0,2172200.0,47.0,-100.0,,,,,1.7487748258963116,"over 2,500",False,True,31-60 days,4 beds
6000.0,,"8101 E Woodsboro Ave, Anaheim, CA 92807",Anaheim,92807,33.87441,-117.75674,4.0,3.0,2200.0,SINGLE_FAMILY,5475.0,1227600.0,63.0,400.0,,,,,2.727272727272727,"1,500-2,500",False,False,61-90 days,4 beds
1800.0,,"2306 E Commonwealth Ave, Fullerton, CA 92831",Fullerton,92831,33.870205,-117.890724,1.0,1.0,650.0,APARTMENT,2028.0,,5.0,,,,,,2.769230769230769,under 700,False,False,0-7 days,1 bed
2800.0,,"1026 N Shattuck Pl, Orange, CA 92867",Orange,92867,33.80462,-117.83725,2.0,2.0,1300.0,APARTMENT,2832.0,,177.0,,,,,,2.1538461538461537,"1,000-1,500",False,False,90+ days,2 beds
1900.0,2025-05-16,"(undisclosed Address), Anaheim, CA 92805",Anaheim,92805,,,1.0,1.0,,APARTMENT,,,23.0,-100.0,,,,,,,False,True,8-30 days,1 bed
4100.0,2025-06-15,"6504 E Camino Vis UNIT 4, Anaheim, CA 92807",Anaheim,92807,33.838203,-117.76212,3.0,3.0,1540.0,TOWNHOUSE,3790.0,852800.0,32.0,,,,,,2.6623376623376624,"1,500-2,500",False,False,31-60 days,3 beds
4300.0,2025-05-12,"306 E Monroe Ave, Orange, CA 92867",Orange,92867,33.804317,-117.850685,3.0,2.0,1090.0,SINGLE_FAMILY,4250.0,805700.0,8.0,-200.0,,,,,3.944954128440367,"1,000-1,500",False,True,8-30 days,3 beds
4350.0,,"6801 Tahitian Cir, Yorba Linda, CA 92886",Yorba Linda,92886,33.8638,-117.78818,4.0,3.0,1531.0,TOWNHOUSE,4142.0,863600.0,28.0,-150.0,,,,,2.8412802090137164,"1,500-2,500",False,True,8-30 days,4 beds
5700.0,2025-06-30,"8220 E Brookdale Ln, Anaheim, CA 92807",Anaheim,92807,33.87378,-117.75263,5.0,4.0,2721.0,SINGLE_FAMILY,5960.0,1399500.0,73.0,,,,,,2.094818081587652,"over 2,500",False,False,61-90 days,5+ beds
6575.0,2025-05-08,"2449 N Highwood Rd, Orange, CA 92867",Orange,92867,33.830193,-117.77032,4.0,4.0,3605.0,SINGLE_FAMILY,6262.0,1976600.0,12.0,,,,,,1.823855755894591,"over 2,500",False,False,8-30 days,4 beds
1895.0,2025-05-07,"20 N East St #1, Anaheim, CA 92805",Anaheim,92805,33.84475,-117.90499,1.0,1.0,700.0,APARTMENT,,,13.0,,,,,,2.7071428571428573,under 700,False,False,8-30 days,1 bed
1795.0,2025-05-12,"331 N East St APT B, Anaheim, CA 92805",Anaheim,92805,33.841286,-117.90402,1.0,1.0,950.0,APARTMENT,2152.0,,8.0,,,,,,1.8894736842105264,"700-1,000",False,False,8-30 days,1 bed
2700.0,2025-05-23,"3131 Laurel Ave UNIT 20, Fullerton, CA 92835",Fullerton,92835,33.906593,-117.899925,2.0,2.0,1053.0,APARTMENT,2868.0,580000.0,6.0,,,,,,2.5641025641025643,"1,000-1,500",False,False,0-7 days,2 beds
6500.0,2025-06-01,"20255 Chianti Ct, Yorba Linda, CA 92886",Yorba Linda,92886,33.898933,-117.781105,4.0,4.0,2942.0,SINGLE_FAMILY,6243.0,2134000.0,8.0,,,,,,2.2093813732155,"over 2,500",False,False,8-30 days,4 beds
3900.0,2025-05-17,"151 Walnut Ave, Brea, CA 92821",Brea,92821,33.919693,-117.90019,3.0,3.0,1500.0,SINGLE_FAMILY,3756.0,874000.0,3.0,,,,,,2.6,"1,000-1,500",False,False,0-7 days,3 beds
1650.0,,"324 E Broadway #F, Anaheim, CA 92805",Anaheim,92805,33.833935,-117.909546,0.0,1.0,,APARTMENT,2210.0,,8.0,,,,,,,,False,False,8-30 days,Studio
4995.0,2025-06-01,"1043 Fuchsia Cir, Placentia, CA 92870",Placentia,92870,33.88115,-117.86037,5.0,3.0,2280.0,SINGLE_FAMILY,4769.0,1301000.0,10.0,-605.0,,,,,2.1907894736842106,"1,500-2,500",False,True,8-30 days,5+ beds
2650.0,2025-06-01,"1220 S Athena Way #C, Anaheim, CA 92806",Anaheim,92806,33.816933,-117.883156,2.0,2.0,1000.0,APARTMENT,,,26.0,,,,,,2.65,"700-1,000",False,False,8-30 days,2 beds
2195.0,2025-05-01,"1058 N Bradford Ave APT 1, Placentia, CA 92870",Placentia,92870,33.882572,-117.867256,1.0,1.0,980.0,APARTMENT,,,33.0,,,,,,2.239795918367347,"700-1,000",False,False,31-60 days,1 bed
4000.0,2025-06-01,"4442 E Addington Dr, Anaheim, CA 92807",Anaheim,92807,33.847916,-117.81928,3.0,2.0,1900.0,SINGLE_FAMILY,5087.0,1171600.0,14.0,,,,,,2.1052631578947367,"1,500-2,500",False,False,8-30 days,3 beds
4500.0,2025-05-19,"407 W Brookshire Ave, Orange, CA 92865",Orange,92865,33.832764,-117.85657,4.0,2.0,1509.0,SINGLE_FAMILY,4398.0,1086000.0,25.0,-100.0,,,,,2.982107355864811,"1,500-2,500",False,True,8-30 days,4 beds
4950.0,2025-05-08,"5902 E Arno Crescent St, Anaheim, CA 92807",Anaheim,92807,33.849915,-117.78411,4.0,3.0,2457.0,SINGLE_FAMILY,5081.0,1301700.0,16.0,,,,,,2.0146520146520146,"1,500-2,500",False,False,8-30 days,4 beds
2600.0,2025-04-29,"2040 Associated Rd #C, Fullerton, CA 92831",Fullerton,92831,33.891094,-117.88533,2.0,2.0,945.0,APARTMENT,2185.0,,20.0,125.0,,,,,2.751322751322751,"700-1,000",False,False,8-30 days,2 beds
2700.0,2025-05-10,"130 N Orange Ave, Brea, CA 92821",Brea,92821,33.92041,-117.896385,2.0,2.0,900.0,APARTMENT,2525.0,,42.0,175.0,,,,,3.0,"700-1,000",False,False,31-60 days,2 beds
1800.0,,"(undisclosed Address), Anaheim, CA 92806",Anaheim,92806,,,1.0,1.0,,APARTMENT,,,8.0,,,,,,,,False,False,8-30 days,1 bed
2400.0,2025-06-01,"701 N Lincoln St #703, Orange, CA 92867",Orange,92867,33.79878,-117.83754,0.0,1.0,511.0,APARTMENT,,,93.0,-50.0,,,,,4.6966731898238745,under 700,False,True,90+ days,Studio
4300.0,,"19959 Villa Torino, Yorba Linda, CA 92886",Yorba Linda,92886,33.90305,-117.78625,3.0,3.0,1861.0,TOWNHOUSE,4442.0,1052500.0,6.0,-200.0,,,,,2.31058570660935,"1,500-2,500",False,True,0-7 days,3 beds
3595.0,2025-05-07,"18142 Mandarin Ln APT A, Yorba Linda, CA 92886",Yorba Linda,92886,33.892506,-117.81776,3.0,2.0,1400.0,APARTMENT,3460.0,,52.0,-54.0,,,,,2.567857142857143,"1,000-1,500",False,True,31-60 days,3 beds
2100.0,,"Walnut Brea Property, 820 S Walnut Ave #824, Brea, CA 92821",Brea,92821,33.90771,-117.90603,1.0,1.0,600.0,APARTMENT,,,394.0,105.0,,,,,3.5,under 700,False,False,90+ days,1 bed
2495.0,,"Orange Villa Senior Apartments, 137 N Orange Ave, Brea, CA 92821",Brea,92821,33.920643,-117.89714,2.0,2.0,975.0,APARTMENT,2522.0,,368.0,-105.0,,,,,2.5589743589743588,"700-1,000",False,True,90+ days,2 beds
2595.0,,"Monterey Pines Apartments, 222 W Fir St, Brea, CA 92821",Brea,92821,33.909836,-117.90647,2.0,1.0,1120.0,APARTMENT,,,111.0,,,,,,2.3169642857142856,"1,000-1,500",False,False,90+ days,2 beds
4000.0,,"Sycamore Glen Apartments, 2932 N Glassell St #0, Orange, CA 92865",Orange,92865,33.837612,-117.852806,1.0,1.0,720.0,APARTMENT,,,6.0,,,,,,5.555555555555555,"700-1,000",False,False,0-7 days,1 bed
2850.0,,"Laurel Apartments, 227 Laurel Ave #227I, Brea, CA 92821",Brea,92821,33.91641,-117.894615,2.0,2.0,950.0,APARTMENT,2825.0,,412.0,-100.0,,,,,3.0,"700-1,000",False,True,90+ days,2 beds
2100.0,2025-05-23,"Wildwood Apartments, 520 W La Palma Ave UNIT 104, Anaheim, CA 92801",Anaheim,92801,33.84669,-117.92458,1.0,1.0,712.0,APARTMENT,,,126.0,-50.0,,,,,2.949438202247191,"700-1,000",False,True,90+ days,1 bed
2650.0,,"Sunrise Apartments, 240 E Taft Ave APT 16, Orange, CA 92865",Orange,92865,33.815266,-117.85113,2.0,1.0,850.0,APARTMENT,,,144.0,,,,,,3.1176470588235294,"700-1,000",False,False,90+ days,2 beds
2500.0,,"South Street, 306 E South St, Anaheim, CA 92805",Anaheim,92805,33.82721,-117.90811,2.0,1.0,1000.0,APARTMENT,2645.0,,482.0,,,,,,2.5,"700-1,000",False,False,90+ days,2 beds
2450.0,,"Broadway Royale, 1626 W Catalpa Dr, Anaheim, CA 92801",Anaheim,92801,33.843765,-117.93854,2.0,1.0,,APARTMENT,1966.0,,363.0,,,,,,,,False,False,90+ days,2 beds
2075.0,,"Casa Fortin, 1680 W Tedmar Ave, Anaheim, CA 92802",Anaheim,92802,33.826485,-117.94009,1.0,1.0,750.0,APARTMENT,,,365.0,100.0,,,,,2.7666666666666666,"700-1,000",False,False,90+ days,1 bed
2750.0,,"The Cottages, 1300 Las Riendas Dr, La Habra, CA 90631",La Habra,90631,33.914,-117.93087,2.0,1.0,,APARTMENT,,,6.0,,,,,,,,False,False,0-7 days,2 beds
2050.0,2025-06-01,"Los Olivos Apartments, 1666 W Pampas Ln APT 40, Anaheim, CA 92802",Anaheim,92802,33.83014,-117.939865,1.0,1.0,650.0,APARTMENT,,,187.0,-50.0,,,,,3.1538461538461537,under 700,False,True,90+ days,1 bed
2095.0,,"Palm Court, 3146 W Ball Rd, Anaheim, CA 92804",Anaheim,92804,33.816734,-118.00064,1.0,1.0,,APARTMENT,,,483.0,100.0,,,,,,,False,False,90+ days,1 bed
2450.0,,"Westgate Villas, 10600 Western Ave, Stanton, CA 90680",Stanton,90680,33.808784,-118.00147,2.0,1.0,950.0,APARTMENT,,,193.0,-500.0,,,,,2.5789473684210527,"700-1,000",False,True,90+ days,2 beds
2095.0,,"Briar Court, 3160 W Ball Rd, Anaheim, CA 92804",Anaheim,92804,33.816914,-118.00124,1.0,1.0,,APARTMENT,1179.0,,249.0,200.0,,,,,,,False,False,90+ days,1 bed
1950.0,,"077 - La Casa Dana Apartments, 3137 W Ball Rd #126, Anaheim, CA 92804",Anaheim,92804,33.817883,-118.00011,1.0,1.0,,APARTMENT,,,20.0,,,,,,,,False,False,8-30 days,1 bed
2695.0,2025-06-10,"Lincoln West, 4550 Lincoln Ave UNIT 108, Cypress, CA 90630",Cypress,90630,33.83172,-118.05349,1.0,1.0,770.0,APARTMENT,2484.0,,28.0,,,,,,3.5,"700-1,000",False,False,8-30 days,1 bed
2400.0,2025-06-10,"Continental Apartment Homes, 1151 S Walnut St APT 211, La Habra, CA 90631",La Habra,90631,33.91812,-117.95215,1.0,1.0,920.0,APARTMENT,2412.0,435400.0,98.0,40.0,,,,,2.608695652173913,"700-1,000",False,False,90+ days,1 bed
2500.0,,"La Palma Park, 7334 El Domino Way, Buena Park, CA 90620",Buena Park,90620,33.84761,-118.004814,2.0,2.0,1050.0,APARTMENT,,,187.0,,,,,,2.380952380952381,"1,000-1,500",False,False,90+ days,2 beds
1895.0,,"Maureen Court/Mirawood Apartments, 9511 Maureen Dr, Garden Grove, CA 92841",Garden Grove,92841,33.802357,-117.96735,1.0,1.0,,APARTMENT,1228.0,,368.0,50.0,,,,,,,False,False,90+ days,1 bed
2800.0,,"Casitas De Seville, 8640 Auto Center Dr, Buena Park, CA 90621",Buena Park,90621,33.860184,-117.98257,2.0,2.0,1116.0,APARTMENT,,,95.0,,,,,,2.5089605734767026,"1,000-1,500",False,False,90+ days,2 beds
2495.0,,"Casa Theresa, 6741 W Ball Rd, Buena Park, CA 90620",Buena Park,90620,33.818165,-118.01497,2.0,2.0,1000.0,APARTMENT,2847.0,,84.0,100.0,,,,,2.495,"700-1,000",False,False,61-90 days,2 beds
2450.0,,"Buena Capri Apartmetents, 7101 9th St, Buena Park, CA 90621",Buena Park,90621,33.8658,-118.00913,2.0,2.0,936.0,APARTMENT,,,152.0,,,,,,2.6175213675213675,"700-1,000",False,False,90+ days,2 beds
2300.0,,"Park Village Apartments, 6918 Dale St, Buena Park, CA 90621",Buena Park,90621,33.859665,-117.984,2.0,1.0,884.0,APARTMENT,,,60.0,,,,,,2.6018099547511313,"700-1,000",False,False,31-60 days,2 beds
1995.0,,"El Mirador Apartments, 3700 W Mungall Dr, Anaheim, CA 92804",Anaheim,92804,33.822937,-118.01343,1.0,1.0,700.0,APARTMENT,,,265.0,50.0,,,,,2.85,under 700,False,False,90+ days,1 bed
2400.0,2025-06-30,"3438 W. Ariel Pl., 3438 W Ariel Pl #A, Anaheim, CA 92804",Anaheim,92804,33.825737,-118.010345,1.0,1.0,,APARTMENT,,,7.0,,,,,,,,False,False,0-7 days,1 bed
1800.0,2025-05-05,"1629 W Ball Rd APT 7, Anaheim, CA 92802",Anaheim,92802,33.818287,-117.93855,1.0,1.0,800.0,APARTMENT,2053.0,,15.0,,,,,,2.25,"700-1,000",False,False,8-30 days,1 bed
3895.0,,"1127 Creekside Dr #249, Fullerton, CA 92833",Fullerton,92833,33.88305,-117.96724,2.0,3.0,1381.0,APARTMENT,3762.0,825600.0,34.0,,,,,,2.820419985517741,"1,000-1,500",False,False,31-60 days,2 beds
3295.0,2025-05-16,"3582 W Stonepine Ln UNIT F, Anaheim, CA 92804",Anaheim,92804,33.813362,-118.01244,2.0,2.0,968.0,SINGLE_FAMILY,,,10.0,-200.0,,,,,3.4039256198347108,"700-1,000",False,True,8-30 days,2 beds
2108.0,,"1623-1629 S Walnut St #1629-7, Anaheim, CA 92802",Anaheim,92802,33.814884,-117.92845,1.0,1.0,637.0,APARTMENT,,,7.0,,,,,,3.3092621664050235,under 700,False,False,0-7 days,1 bed
2236.0,2025-06-01,"8062 Whitaker St, Buena Park, CA 90621",Buena Park,90621,33.865982,-117.99244,2.0,1.0,1000.0,APARTMENT,2463.0,,2.0,,,,,,2.236,"700-1,000",False,False,0-7 days,2 beds
2850.0,2025-05-12,"cyb5446, 5446 Bishop St #A, Cypress, CA 90630",Cypress,90630,33.830532,-118.03767,2.0,1.0,,APARTMENT,2545.0,,7.0,,,,,,,,False,False,0-7 days,2 beds
2108.0,2025-05-13,"1623 S Walnut St #1-1-1623, Anaheim, CA 92802",Anaheim,92802,33.808033,-117.92875,1.0,1.0,637.0,APARTMENT,,,7.0,,,,,,3.3092621664050235,under 700,False,False,0-7 days,1 bed
4700.0,2025-07-01,"10550 Acorn Pl, Los Alamitos, CA 90720",Los Alamitos,90720,33.809395,-118.07476,3.0,3.0,2070.0,SINGLE_FAMILY,4950.0,1203200.0,1.0,,,,,,2.2705314009661834,"1,500-2,500",False,False,0-7 days,3 beds
2250.0,2025-05-01,"Beautiful Renovated 1 Bedroom Apartment in Buena Park, 7222 Melrose St, Buena Park, CA 90621",Buena Park,90621,33.861263,-118.006714,1.0,1.0,,APARTMENT,,,12.0,,,,,,,,False,False,8-30 days,1 bed
4850.0,2025-05-15,"630 S Archer St, Anaheim, CA 92804",Anaheim,92804,33.823715,-117.95693,3.0,3.0,1405.0,SINGLE_FAMILY,4724.0,1020400.0,21.0,,,,,,3.4519572953736657,"1,000-1,500",False,False,8-30 days,3 beds
2400.0,,"Sumac Oasis, 1747 W Sumac Ln, Anaheim, CA 92804",Anaheim,92804,33.8048,-117.94378,2.0,1.0,850.0,APARTMENT,,,13.0,,,,,,2.823529411764706,"700-1,000",False,False,8-30 days,2 beds
2395.0,2025-04-30,"OTA, 4331 Green Ave APT B, Los Alamitos, CA 90720",Los Alamitos,90720,33.802177,-118.0571,2.0,1.0,900.0,APARTMENT,2556.0,,7.0,,,,,,2.661111111111111,"700-1,000",False,False,0-7 days,2 beds
2395.0,2025-05-31,"2315 W Gramercy Ave, Anaheim, CA 92801",Anaheim,92801,33.84149,-117.96413,2.0,2.0,900.0,APARTMENT,2400.0,,3.0,,,,,,2.661111111111111,"700-1,000",False,False,0-7 days,2 beds
2025.0,2025-05-31,"Ball - Juno - 2127 - 2131, 2127-2131 W Ball Rd #2127, Anaheim, CA 92804",Anaheim,92804,33.817745,-117.96188,1.0,1.0,,APARTMENT,2005.0,,21.0,,,,,,,,False,False,8-30 days,1 bed
2300.0,,"bp8052, 8052 7th St APT 202, Buena Park, CA 90621",Buena Park,90621,33.86822,-117.99276,2.0,2.0,,APARTMENT,,,17.0,-100.0,,,,,,,False,True,8-30 days,2 beds
1810.0,,"10772 Palma Vista Ave #1A, Garden Grove, CA 92840",Garden Grove,92840,33.79971,-117.94502,1.0,1.0,,APARTMENT,,,21.0,,,,,,,,False,False,8-30 days,1 bed
2295.0,2025-05-08,"1847 S Jacalene Ln, Anaheim, CA 92802",Anaheim,92802,33.801556,-117.92813,2.0,1.0,800.0,APARTMENT,3342.0,,10.0,,,,,,2.86875,"700-1,000",False,False,8-30 days,2 beds
3200.0,,"10415 Stratton Ct, Cypress, CA 90630",Cypress,90630,33.81143,-118.06172,2.0,2.0,1032.0,TOWNHOUSE,3112.0,688100.0,41.0,,,,,,3.10077519379845,"1,000-1,500",False,False,31-60 days,2 beds
1895.0,2025-05-08,"1841 S Jacalene Ln, Anaheim, CA 92802",Anaheim,92802,33.80175,-117.92814,1.0,1.0,700.0,APARTMENT,3239.0,,10.0,,,,,,2.7071428571428573,under 700,False,False,8-30 days,1 bed
2700.0,,"9372 Valley View St #G, Cypress, CA 90630",Cypress,90630,33.826756,-118.027954,2.0,2.0,749.0,APARTMENT,,,47.0,-150.0,,,,,3.6048064085447264,"700-1,000",False,True,31-60 days,2 beds
10500.0,,"1406 W Janeen Way, Anaheim, CA 92801",Anaheim,92801,33.83941,-117.93316,5.0,5.0,4000.0,SINGLE_FAMILY,6679.0,2017500.0,51.0,,,,,,2.625,"over 2,500",False,False,31-60 days,5+ beds
2248.0,,"4421 Green Ave APT B, Los Alamitos, CA 90720",Los Alamitos,90720,33.802174,-118.05556,2.0,1.0,750.0,APARTMENT,2390.0,,47.0,-50.0,,,,,2.997333333333333,"700-1,000",False,True,31-60 days,2 beds
3950.0,2025-06-01,"10334 Ramblewood Dr, Stanton, CA 90680",Stanton,90680,33.812653,-118.002975,4.0,2.0,1200.0,SINGLE_FAMILY,,735400.0,29.0,-50.0,,,,,3.2916666666666665,"1,000-1,500",False,True,8-30 days,4 beds
4200.0,2025-06-23,"519 S Agate St, Anaheim, CA 92804",Anaheim,92804,33.82565,-117.9522,3.0,2.0,1502.0,SINGLE_FAMILY,4227.0,1057800.0,5.0,,,,,,2.796271637816245,"1,500-2,500",False,False,0-7 days,3 beds
2650.0,,"1130 W Broadway St, Anaheim, CA 92805",Anaheim,92805,33.829945,-117.92782,2.0,2.0,900.0,APARTMENT,,,27.0,,,,,,2.9444444444444446,"700-1,000",False,False,8-30 days,2 beds
1730.0,,"937 S Roberts St #1A, Anaheim, CA 92802",Anaheim,92802,33.818806,-117.94011,1.0,1.0,,APARTMENT,,,12.0,,,,,,,,False,False,8-30 days,1 bed
2600.0,2025-05-01,"4134 W Carol Dr #D, Fullerton, CA 92833",Fullerton,92833,33.868427,-117.98086,2.0,1.0,1050.0,APARTMENT,2755.0,,22.0,,,,,,2.4761904761904763,"1,000-1,500",False,False,8-30 days,2 beds
2900.0,2025-05-15,"5246 Salisbury Cir, La Palma, CA 90623",La Palma,90623,33.837498,-118.04151,2.0,2.0,950.0,SINGLE_FAMILY,2687.0,668800.0,5.0,,,,,,3.0526315789473686,"700-1,000",False,False,0-7 days,2 beds
3500.0,2025-05-01,"9082 Watson St, Cypress, CA 90630",Cypress,90630,33.83052,-118.038994,3.0,2.0,1000.0,APARTMENT,3455.0,,57.0,,,,,,3.5,"700-1,000",False,False,31-60 days,3 beds
1865.0,,"1800 W Glencrest Ave #11A, Anaheim, CA 92801",Anaheim,92801,33.840115,-117.945656,1.0,1.0,,APARTMENT,,,22.0,,,,,,,,False,False,8-30 days,1 bed
3900.0,2025-05-01,"(undisclosed Address), Fullerton, CA 92833",Fullerton,92833,,,3.0,2.0,1050.0,SINGLE_FAMILY,3858.0,869200.0,63.0,,,,,,3.7142857142857144,"1,000-1,500",False,False,61-90 days,3 beds
2550.0,,"110 N Richmont Dr APT F, Anaheim, CA 92801",Anaheim,92801,33.832397,-117.98936,2.0,1.0,950.0,SINGLE_FAMILY,2559.0,699900.0,19.0,,,,,,2.6842105263157894,"700-1,000",False,False,8-30 days,2 beds
4000.0,2025-05-01,"10912 Hermosa Ct #156, Cypress, CA 90720",Cypress,90720,33.804226,-118.04898,2.0,3.0,1587.0,TOWNHOUSE,4433.0,949400.0,27.0,-1000.0,,,,,2.520478890989288,"1,500-2,500",False,True,8-30 days,2 beds
2395.0,,"7855 2nd Street, 7855 2nd St APT 8, Stanton, CA 90680",Stanton,90680,33.813473,-117.995445,2.0,1.0,1050.0,APARTMENT,,,35.0,-200.0,,,,,2.280952380952381,"1,000-1,500",False,True,31-60 days,2 beds
3600.0,,"(undisclosed Address), Anaheim, CA 92802",Anaheim,92802,,,3.0,3.0,1446.0,APARTMENT,3770.0,729200.0,50.0,-50.0,,,,,2.4896265560165975,"1,000-1,500",False,True,31-60 days,3 beds
2595.0,2025-04-21,"6081 Fullerton Ave APT 9, Buena Park, CA 90621",Buena Park,90621,33.872334,-118.000145,2.0,2.0,950.0,APARTMENT,2618.0,,29.0,,,,,,2.731578947368421,"700-1,000",False,False,8-30 days,2 beds
2900.0,2025-04-19,"1250 S Brookhurst St UNIT 1101, Anaheim, CA 92804",Anaheim,92804,33.81592,-117.95701,3.0,2.0,1172.0,APARTMENT,2973.0,508700.0,32.0,-95.0,,,,,2.474402730375427,"1,000-1,500",False,True,31-60 days,3 beds
4250.0,2025-05-01,"415 W Jacaranda Pl, Fullerton, CA 92832",Fullerton,92832,33.874626,-117.931564,3.0,2.0,,SINGLE_FAMILY,,668400.0,18.0,,,,,,,,False,False,8-30 days,3 beds
3700.0,2025-05-10,"10442 Sande St, Cypress, CA 90630",Cypress,90630,33.810867,-118.03881,3.0,2.0,1050.0,SINGLE_FAMILY,3727.0,923200.0,12.0,,,,,,3.5238095238095237,"1,000-1,500",False,False,8-30 days,3 beds
2195.0,,"920 South Park Circle, 920 S Park Cir APT 6, Anaheim, CA 92804",Anaheim,92804,33.818916,-117.94646,1.0,1.0,1400.0,APARTMENT,1970.0,,31.0,,,,,,1.5678571428571428,"1,000-1,500",False,False,31-60 days,1 bed
3490.0,2025-06-22,"8108 Cambria Cir, Stanton, CA 90680",Stanton,90680,33.814106,-117.99137,2.0,3.0,1568.0,SINGLE_FAMILY,3644.0,831700.0,28.0,,,,,,2.225765306122449,"1,500-2,500",False,False,8-30 days,2 beds
2495.0,,"1655-1701 West Malvern Avenue, 1655 W Malvern Ave APT 6, Fullerton, CA 92833",Fullerton,92833,33.876217,-117.95273,2.0,1.0,850.0,APARTMENT,2495.0,,32.0,,,,,,2.9352941176470586,"700-1,000",False,False,31-60 days,2 beds
5300.0,,"2161 S Middlecoff Ct, La Habra, CA 90631",La Habra,90631,33.907143,-117.969826,4.0,3.0,2792.0,SINGLE_FAMILY,5301.0,1818500.0,38.0,,,,,,1.8982808022922637,"over 2,500",False,False,31-60 days,4 beds
2450.0,2025-04-23,"6081 Lemon Ave APT C, Cypress, CA 90630",Cypress,90630,33.82579,-118.02653,2.0,1.0,925.0,APARTMENT,2468.0,,26.0,,,,,,2.6486486486486487,"700-1,000",False,False,8-30 days,2 beds
2455.0,2025-04-30,"9551, 9561 Maureen Dr., 9551-9561 Maureen Dr #9561-3, Garden Grove, CA 92841",Garden Grove,92841,33.80194,-117.96513,2.0,1.0,800.0,APARTMENT,,,39.0,,,,,,3.06875,"700-1,000",False,False,31-60 days,2 beds
2500.0,2025-07-07,"Dove Manor, 2863 W Ball Rd APT 108, Anaheim, CA 92804",Anaheim,92804,33.81781,-117.987495,2.0,2.0,,APARTMENT,2516.0,,4.0,,,,,,,,False,False,0-7 days,2 beds
2395.0,2025-04-24,"LEMON6051, 6051 Lemon Ave APT C, Cypress, CA 90630",Cypress,90630,33.826084,-118.02701,2.0,1.0,900.0,APARTMENT,2433.0,,64.0,-55.0,,,,,2.661111111111111,"700-1,000",False,True,61-90 days,2 beds
2275.0,2025-05-01,"700 S Beach Blvd, Anaheim, CA 92804",Anaheim,92804,33.822327,-117.9932,2.0,2.0,,APARTMENT,,,20.0,,,,,,,,False,False,8-30 days,2 beds
2695.0,,"8747 Watson St, Cypress, CA 90630",Cypress,90630,33.83519,-118.04032,2.0,1.0,700.0,APARTMENT,2556.0,,55.0,,,,,,3.85,under 700,False,False,31-60 days,2 beds
1945.0,2025-05-17,"124 W Union Ave APT 11, Fullerton, CA 92832",Fullerton,92832,33.877193,-117.9257,1.0,1.0,750.0,APARTMENT,2017.0,,29.0,-50.0,,,,,2.5933333333333333,"700-1,000",False,True,8-30 days,1 bed
2400.0,,"3832 Howard Ave #6, Los Alamitos, CA 90720",Los Alamitos,90720,33.800346,-118.06613,2.0,1.0,620.0,APARTMENT,,,84.0,-100.0,,,,,3.870967741935484,under 700,False,True,61-90 days,2 beds
1795.0,2025-05-15,"Villa de Palma, 911 W La Palma Ave #12, Anaheim, CA 92801",Anaheim,92801,33.847473,-117.92953,1.0,1.0,,APARTMENT,,,4.0,,,,,,,,False,False,0-7 days,1 bed
2445.0,,"226 W Union Ave APT 8, Fullerton, CA 92832",Fullerton,92832,33.877064,-117.92803,2.0,2.0,1025.0,APARTMENT,2564.0,,64.0,-50.0,,,,,2.3853658536585365,"1,000-1,500",False,True,61-90 days,2 beds
3900.0,2025-04-29,"686 S Euclid St, Fullerton, CA 92832",Fullerton,92832,33.86417,-117.94165,4.0,4.0,1855.0,SINGLE_FAMILY,4081.0,935300.0,20.0,,,,,,2.1024258760107815,"1,500-2,500",False,False,8-30 days,4 beds
2195.0,2025-05-06,"1804 W Glen Ave, Anaheim, CA 92801",Anaheim,92801,33.84777,-117.94531,2.0,2.0,900.0,APARTMENT,2421.0,,115.0,-200.0,,,,,2.438888888888889,"700-1,000",False,True,90+ days,2 beds
2550.0,,"9721 Graham Street, 9721 Graham St #13, Cypress, CA 90630",Cypress,90630,33.820824,-118.03528,2.0,1.0,912.0,APARTMENT,2609.0,,60.0,-45.0,,,,,2.7960526315789473,"700-1,000",False,True,31-60 days,2 beds
2350.0,,"1145 N West St, 1145 N West St APT 21, Anaheim, CA 92801",Anaheim,92801,33.84886,-117.93286,2.0,1.0,800.0,APARTMENT,,,81.0,-100.0,,,,,2.9375,"700-1,000",False,True,61-90 days,2 beds
4695.0,,"1767 S Camrose St, Anaheim, CA 92802",Anaheim,92802,33.80426,-117.93902,5.0,2.0,1590.0,SINGLE_FAMILY,4737.0,957600.0,102.0,-105.0,,,,,2.952830188679245,"1,500-2,500",False,True,90+ days,5+ beds
1795.0,,"New on the Market, Studio Complete Renovated in Cypress, 8633 La Salle St #8641-B, Cypress, CA 90630",Cypress,90630,33.836926,-118.047356,0.0,1.0,352.0,APARTMENT,,,120.0,-105.0,,,,,5.099431818181818,under 700,False,True,90+ days,Studio
2795.0,,"Villa San Angelo - 106, 707 S Webster Ave, Anaheim, CA 92804",Anaheim,92804,33.822186,-117.97138,2.0,2.0,980.0,APARTMENT,2689.0,,74.0,100.0,,,,,2.8520408163265305,"700-1,000",False,False,61-90 days,2 beds
2345.0,2025-05-29,"1410 W Lambert Rd UNIT 203, La Habra, CA 90631",La Habra,90631,33.923832,-117.961525,1.0,1.0,660.0,APARTMENT,2857.0,463500.0,0.0,,,,,,3.553030303030303,under 700,False,False,0-7 days,1 bed
2200.0,2025-05-20,"(undisclosed Address), Garden Grove, CA 92840",Garden Grove,92840,,,1.0,1.0,500.0,SINGLE_FAMILY,,,0.0,,,,,,4.4,under 700,False,False,0-7 days,1 bed
2350.0,2025-05-20,"3633 W Ball Rd #203, Anaheim, CA 92804",Anaheim,92804,33.818066,-118.01463,2.0,2.0,829.0,APARTMENT,2649.0,,0.0,,,,,,2.8347406513872135,"700-1,000",False,False,0-7 days,2 beds
6700.0,2025-06-06,"527 W Victor Ave, Anaheim, CA 92801",Anaheim,92801,33.84942,-117.925446,3.0,3.0,1420.0,SINGLE_FAMILY,4052.0,794200.0,0.0,,,,,,4.71830985915493,"1,000-1,500",False,False,0-7 days,3 beds
3900.0,,"8892 Katella Ave UNIT B6, Anaheim, CA 92804",Anaheim,92804,33.80245,-117.97755,3.0,2.0,1200.0,APARTMENT,3409.0,,1.0,,,,,,3.25,"1,000-1,500",False,False,0-7 days,3 beds
1795.0,2025-06-15,"(undisclosed Address), Buena Park, CA 90621",Buena Park,90621,,,0.0,1.0,407.0,SINGLE_FAMILY,1854.0,796200.0,3.0,,,,,,4.41031941031941,under 700,False,False,0-7 days,Studio
2390.0,2025-06-01,"2162 W Brownwood Ave #3, Anaheim, CA 92801",Anaheim,92801,33.83685,-117.95773,2.0,2.0,1200.0,APARTMENT,2686.0,,1.0,,,,,,1.9916666666666667,"1,000-1,500",False,False,0-7 days,2 beds
2100.0,2025-05-15,"1639 W Ball Rd APT 8, Anaheim, CA 92802",Anaheim,92802,33.81828,-117.93905,1.0,1.0,628.0,APARTMENT,1922.0,,5.0,,,,,,3.343949044585987,under 700,False,False,0-7 days,1 bed
2425.0,2025-05-13,"924 S Fann St APT A, Anaheim, CA 92804",Anaheim,92804,33.81917,-117.943245,2.0,1.0,,APARTMENT,,,14.0,,,,,,,,False,False,8-30 days,2 beds
2550.0,2025-05-19,"1820 W Glencrest Ave, Anaheim, CA 92801",Anaheim,92801,33.84011,-117.94643,2.0,1.0,1000.0,TOWNHOUSE,1807.0,1584400.0,1.0,,,,,,2.55,"700-1,000",False,False,0-7 days,2 beds
2595.0,2025-05-18,"6851 Dale St #14, Buena Park, CA 90621",Buena Park,90621,33.861347,-117.98577,2.0,2.0,820.0,APARTMENT,,,4.0,,,,,,3.1646341463414633,"700-1,000",False,False,0-7 days,2 beds
4500.0,2025-06-04,"5751 Stanton Ave, Buena Park, CA 90621",Buena Park,90621,33.876587,-117.99422,3.0,2.0,1679.0,SINGLE_FAMILY,4048.0,1080700.0,2.0,,,,,,2.6801667659321025,"1,500-2,500",False,False,0-7 days,3 beds
2395.0,,"PARK ROYAL MANOR, 8882 W Cerritos Ave, Anaheim, CA 92804",Anaheim,92804,33.81005,-117.97734,2.0,1.0,980.0,APARTMENT,,,175.0,-55.0,,,,,2.443877551020408,"700-1,000",False,True,90+ days,2 beds
2300.0,,"Paradise Garden Apartments, 7340 8th St, Buena Park, CA 90621",Buena Park,90621,33.866978,-118.00515,2.0,1.0,,APARTMENT,,,300.0,25.0,,,,,,,False,False,90+ days,2 beds
2425.0,,"Villa Woods Apartments, 8182 4th St, Buena Park, CA 90621",Buena Park,90621,33.87127,-117.99047,2.0,1.0,854.0,APARTMENT,,,298.0,-70.0,,,,,2.839578454332553,"700-1,000",False,True,90+ days,2 beds
2595.0,,"Georgia Peach, 3625 W Savanna St, Anaheim, CA 92804",Anaheim,92804,33.820286,-118.01421,2.0,2.0,,APARTMENT,,,21.0,,,,,,,,False,False,8-30 days,2 beds
2300.0,2025-06-23,"Buena Sands, 7425 9th St APT 221, Buena Park, CA 90621",Buena Park,90621,33.86556,-118.00359,2.0,1.0,762.0,APARTMENT,2156.0,,19.0,,,,,,3.0183727034120733,"700-1,000",False,False,8-30 days,2 beds
2500.0,,"Kimberly Terrace, 2648 W Ball Rd, Anaheim, CA 92804",Anaheim,92804,33.816586,-117.97824,2.0,2.0,868.0,APARTMENT,2484.0,,630.0,300.0,,,,,2.880184331797235,"700-1,000",False,False,90+ days,2 beds
2650.0,,"Orangeview Villas, 3601 W Orange Ave #31, Anaheim, CA 92804",Anaheim,92804,33.82481,-118.012,2.0,1.0,995.0,APARTMENT,,,57.0,,,,,,2.663316582914573,"700-1,000",False,False,31-60 days,2 beds
2350.0,,"Magnolia Court Apartments, 537 N Magnolia Ave, Anaheim, CA 92801",Anaheim,92801,33.838726,-117.97668,2.0,2.0,,APARTMENT,,,251.0,,,,,,,,False,False,90+ days,2 beds
2350.0,,"7800 2nd St, 7800 2nd St #13, Stanton, CA 90680",Stanton,90680,33.812653,-117.99629,2.0,2.0,1000.0,APARTMENT,2834.0,,76.0,,,,,,2.35,"700-1,000",False,False,61-90 days,2 beds
2050.0,,"Renaissance Apartments, 3310 W Orange Ave, Anaheim, CA 92804",Anaheim,92804,33.82418,-118.00573,1.0,1.0,780.0,APARTMENT,2045.0,,20.0,,,,,,2.628205128205128,"700-1,000",False,False,8-30 days,1 bed
1895.0,,"Western Gardens Apartments, 919 S Western Ave, Anaheim, CA 92804",Anaheim,92804,33.81837,-118.00313,0.0,1.0,512.0,APARTMENT,,,11.0,,,,,,3.701171875,under 700,False,False,8-30 days,Studio
2429.0,,"Orange County - Cypress, 5990 Corporate Ave, Cypress, CA 90630",Cypress,90630,33.807133,-118.02941,0.0,1.0,300.0,APARTMENT,,,13.0,,,,,,8.096666666666666,under 700,False,False,8-30 days,Studio
2450.0,,"Howard & Lexington Apts, 4461 Howard Ave APT 10, Los Alamitos, CA 90720",Los Alamitos,90720,33.800964,-118.054955,2.0,2.0,805.0,APARTMENT,2448.0,,45.0,,,,,,3.0434782608695654,"700-1,000",False,False,31-60 days,2 beds
1995.0,2025-04-30,"Vine Fullerton Apartments, 1321 S Vine Ave #38, Fullerton, CA 92833",Fullerton,92833,33.858116,-117.97454,1.0,1.0,650.0,APARTMENT,,,6.0,,,,,,3.0692307692307694,under 700,False,False,0-7 days,1 bed
2300.0,,"Orange Apartments, 3618 W Orange Ave #7, Anaheim, CA 92804",Anaheim,92804,33.824306,-118.01294,2.0,1.0,825.0,APARTMENT,,,67.0,-75.0,,,,,2.787878787878788,"700-1,000",False,True,61-90 days,2 beds
2500.0,,"Gilbert Terrace Townhomes, 1201 S Gilbert St, Fullerton, CA 92833",Fullerton,92833,33.859947,-117.96823,2.0,2.0,,APARTMENT,,,294.0,,,,,,,,False,False,90+ days,2 beds
2500.0,2025-06-21,"Winston Villa Apartments, 2533 W Winston Rd #E2, Anaheim, CA 92804",Anaheim,92804,33.814426,-117.97308,2.0,1.0,875.0,APARTMENT,,,167.0,400.0,,,,,2.857142857142857,"700-1,000",False,False,90+ days,2 beds
2545.0,,"7430 Crescent Ave. Buena Park, CA 90620, 7430 Crescent Ave #402, Buena Park, CA 90620",Buena Park,90620,33.83876,-118.00372,2.0,2.0,1010.0,APARTMENT,,,40.0,,,,,,2.51980198019802,"1,000-1,500",False,False,31-60 days,2 beds
1795.0,,"7800 Athens Circle, 7800 Athens Cir #7872, Buena Park, CA 90621",Buena Park,90621,33.861958,-117.9956,1.0,1.0,,APARTMENT,1692.0,,46.0,-100.0,,,,,,,False,True,31-60 days,1 bed
1800.0,,"Mountain View Apartments, 2440-2450 N Harbor Blvd #2450-03, Fullerton, CA 92835",Fullerton,92835,33.898884,-117.92888,1.0,1.0,700.0,APARTMENT,,,269.0,-50.0,,,,,2.5714285714285716,under 700,False,True,90+ days,1 bed
2495.0,,"Calabria Apartments, 2230 W Lincoln Ave, Anaheim, CA 92801",Anaheim,92801,33.83225,-117.96044,2.0,2.0,960.0,APARTMENT,2627.0,,363.0,,,,,,2.5989583333333335,"700-1,000",False,False,90+ days,2 beds
1795.0,2025-09-01,"Buena Casa Apartments, 8051 4th St APT 25, Buena Park, CA 90621",Buena Park,90621,33.872223,-117.99271,1.0,1.0,475.0,APARTMENT,,,0.0,,,,,,3.778947368421053,under 700,False,False,0-7 days,1 bed
4900.0,2025-05-20,"1176 Wright Ln, Fullerton, CA 92833",Fullerton,92833,33.88072,-117.95843,4.0,4.0,2203.0,SINGLE_FAMILY,4820.0,1480300.0,0.0,,,,,,2.224239673172946,"1,500-2,500",False,False,0-7 days,4 beds
2550.0,2025-05-20,"5882 Western Ave APT 8, Buena Park, CA 90621",Buena Park,90621,33.87484,-118.002235,2.0,2.0,1000.0,APARTMENT,,,0.0,,,,,,2.55,"700-1,000",False,False,0-7 days,2 beds
2100.0,2025-05-19,"7560 Jackson Way #1, Buena Park, CA 90620",Buena Park,90620,33.835854,-118.001114,2.0,1.0,900.0,APARTMENT,,,1.0,,,,,,2.3333333333333335,"700-1,000",False,False,0-7 days,2 beds
2650.0,2025-05-19,"5921 Western Ave #9, Buena Park, CA 90621",Buena Park,90621,33.874287,-118.003006,2.0,2.0,925.0,APARTMENT,,,1.0,,,,,,2.864864864864865,"700-1,000",False,False,0-7 days,2 beds
2600.0,2025-05-09,"(undisclosed Address), Anaheim, CA 92804",Anaheim,92804,,,2.0,2.0,900.0,APARTMENT,2436.0,,13.0,,,,,,2.888888888888889,"700-1,000",False,False,8-30 days,2 beds
2500.0,2025-05-23,"956 S Gilbuck Dr #A, Anaheim, CA 92802",Anaheim,92802,33.8182,-117.93309,2.0,1.0,840.0,APARTMENT,,,12.0,,,,,,2.9761904761904763,"700-1,000",False,False,8-30 days,2 beds
3600.0,2025-06-07,"3534 W Christine Cir APT 1, Anaheim, CA 92804",Anaheim,92804,33.81155,-118.0124,3.0,2.0,1500.0,APARTMENT,,,13.0,,,,,,2.4,"1,000-1,500",False,False,8-30 days,3 beds
5100.0,2025-05-03,"8290 Santa Elvira Way, Buena Park, CA 90620",Buena Park,90620,33.84223,-118.003555,4.0,3.0,2512.0,SINGLE_FAMILY,5128.0,1075500.0,17.0,,,,,,2.0302547770700636,"over 2,500",False,False,8-30 days,4 beds
4900.0,2025-05-14,"(undisclosed Address), Anaheim, CA 92804",Anaheim,92804,,,3.0,2.0,1600.0,SINGLE_FAMILY,4263.0,935900.0,6.0,,,,,,3.0625,"1,500-2,500",False,False,0-7 days,3 beds
2200.0,2025-05-01,"1200 W Lambert Rd UNIT 39, La Habra, CA 90631",La Habra,90631,33.923504,-117.96018,1.0,1.0,660.0,APARTMENT,1977.0,394000.0,20.0,,,,,,3.3333333333333335,under 700,False,False,8-30 days,1 bed
2600.0,,"1214 W Cerritos Ave APT B, Anaheim, CA 92802",Anaheim,92802,33.810333,-117.929115,2.0,1.0,900.0,APARTMENT,2689.0,,21.0,-100.0,,,,,2.888888888888889,"700-1,000",False,True,8-30 days,2 beds
1950.0,2025-05-01,"(undisclosed Address), Fullerton, CA 92833",Fullerton,92833,,,1.0,1.0,700.0,APARTMENT,1937.0,,20.0,,,,,,2.7857142857142856,under 700,False,False,8-30 days,1 bed
4075.0,2025-05-09,"1244 Mendez Dr, Fullerton, CA 92833",Fullerton,92833,33.883953,-117.9648,3.0,3.0,1778.0,APARTMENT,4002.0,999300.0,11.0,,,,,,2.291901012373453,"1,500-2,500",False,False,8-30 days,3 beds
2995.0,2025-06-01,"3952-3970 Howard Ave #3962, Los Alamitos, CA 90720",Los Alamitos,90720,33.800682,-118.067345,2.0,1.0,1020.0,APARTMENT,2600.0,,13.0,,,,,,2.9362745098039214,"1,000-1,500",False,False,8-30 days,2 beds
3795.0,,"1559 W Kimberly Ave #B, Anaheim, CA 92802",Anaheim,92802,33.805904,-117.93522,2.0,2.0,1360.0,APARTMENT,,,60.0,-200.0,,,,,2.7904411764705883,"1,000-1,500",False,True,31-60 days,2 beds
2350.0,,"3569 W Cornelia Cir APT 4, Anaheim, CA 92804",Anaheim,92804,33.81108,-118.01366,2.0,1.0,800.0,APARTMENT,2266.0,,11.0,,,,,,2.9375,"700-1,000",False,False,8-30 days,2 beds
4500.0,2025-05-26,"10602 Crew Dr, Anaheim, CA 92804",Anaheim,92804,33.809025,-117.96244,4.0,2.0,1460.0,SINGLE_FAMILY,5277.0,1069100.0,5.0,,,,,,3.0821917808219177,"1,000-1,500",False,False,0-7 days,4 beds
2450.0,2025-06-01,"207 W Valencia Dr, Fullerton, CA 92832",Fullerton,92832,33.866425,-117.926834,2.0,1.0,780.0,TOWNHOUSE,2679.0,476100.0,4.0,,,,,,3.141025641025641,"700-1,000",False,False,0-7 days,2 beds
2600.0,2025-05-11,"4026 Howard Ave #4026, Los Alamitos, CA 90720",Los Alamitos,90720,33.800667,-118.06273,2.0,2.0,990.0,APARTMENT,,,8.0,,,,,,2.6262626262626263,"700-1,000",False,False,8-30 days,2 beds
3700.0,2025-06-01,"4094 Howard Ave, Los Alamitos, CA 90720",Los Alamitos,90720,33.800323,-118.061455,2.0,1.0,1170.0,SINGLE_FAMILY,3070.0,833500.0,13.0,,,,,,3.1623931623931623,"1,000-1,500",False,False,8-30 days,2 beds
2500.0,2025-06-01,"3545 W Greentree Cir UNIT C, Anaheim, CA 92804",Anaheim,92804,33.812817,-118.01237,2.0,2.0,1026.0,APARTMENT,,,12.0,,,,,,2.4366471734892787,"1,000-1,500",False,False,8-30 days,2 beds
2150.0,,"1529 S Walnut St #5, Anaheim, CA 92802",Anaheim,92802,33.80957,-117.928764,1.0,1.0,750.0,APARTMENT,2371.0,,10.0,-100.0,,,,,2.8666666666666667,"700-1,000",False,True,8-30 days,1 bed
2600.0,2025-05-15,"7711 Franklin St APT 9, Buena Park, CA 90621",Buena Park,90621,33.877216,-117.999016,3.0,2.0,,APARTMENT,,,4.0,,,,,,,,False,False,0-7 days,3 beds
2700.0,2025-05-08,"1766 W Goodhue Ave #B, Anaheim, CA 92804",Anaheim,92804,33.816273,-117.94481,2.0,2.0,950.0,APARTMENT,,,68.0,50.0,,,,,2.8421052631578947,"700-1,000",False,False,61-90 days,2 beds
4500.0,2025-06-01,"8295 Dracaena Dr, Buena Park, CA 90620",Buena Park,90620,33.836334,-117.98791,3.0,2.0,1574.0,SINGLE_FAMILY,4035.0,1015100.0,12.0,,,,,,2.8589580686149936,"1,500-2,500",False,False,8-30 days,3 beds
5000.0,2025-06-01,"3273 Hedwig Rd, Los Alamitos, CA 90720",Los Alamitos,90720,33.800156,-118.07624,2.0,2.0,1200.0,APARTMENT,,,24.0,,,,,,4.166666666666667,"1,000-1,500",False,False,8-30 days,2 beds
3700.0,2025-06-09,"304 Diana Pl #A, Fullerton, CA 92833",Fullerton,92833,33.872593,-117.95336,4.0,2.0,1200.0,SINGLE_FAMILY,3991.0,,5.0,,,,,,3.0833333333333335,"1,000-1,500",False,False,0-7 days,4 beds
1895.0,2025-05-08,"TIBBS10651, 10651 Tibbs Cir #3, Garden Grove, CA 92840",Garden Grove,92840,33.802338,-117.9472,1.0,1.0,800.0,APARTMENT,1954.0,,10.0,,,,,,2.36875,"700-1,000",False,False,8-30 days,1 bed
5200.0,2025-07-01,"10541 Sausalito Ct, Los Alamitos, CA 90720",Los Alamitos,90720,33.809135,-118.07539,3.0,3.0,1718.0,SINGLE_FAMILY,4576.0,1131900.0,1.0,,,,,,3.026775320139697,"1,500-2,500",False,False,0-7 days,3 beds
2450.0,2025-06-01,"1301 W Diamond St APT D, Anaheim, CA 92801",Anaheim,92801,33.833855,-117.93075,2.0,2.0,975.0,APARTMENT,2580.0,,2.0,,,,,,2.5128205128205128,"700-1,000",False,False,0-7 days,2 beds
2200.0,2025-06-09,"11864 Ricky Ave, Garden Grove, CA 92840",Garden Grove,92840,33.798347,-117.92596,0.0,1.0,400.0,APARTMENT,1612.0,,12.0,,,,,,5.5,under 700,False,False,8-30 days,Studio
4200.0,2025-06-01,"(undisclosed Address), Anaheim, CA 92804",Anaheim,92804,,,3.0,3.0,1317.0,SINGLE_FAMILY,4137.0,901100.0,5.0,,,,,,3.1890660592255125,"1,000-1,500",False,False,0-7 days,3 beds
4300.0,2025-06-15,"8620 Hemlock Way #A, Buena Park, CA 90620",Buena Park,90620,33.84415,-117.9826,4.0,2.0,1661.0,APARTMENT,3341.0,,6.0,,,,,,2.588801926550271,"1,500-2,500",False,False,0-7 days,4 beds
6900.0,2025-08-15,"(undisclosed Address), Cypress, CA 90630",Cypress,90630,,,4.0,3.0,1938.0,SINGLE_FAMILY,4418.0,1262100.0,23.0,,,,,,3.5603715170278636,"1,500-2,500",False,False,8-30 days,4 beds
3495.0,2025-05-22,"7486 Comanche Dr UNIT B, Buena Park, CA 90620",Buena Park,90620,33.854,-118.01404,2.0,2.0,1025.0,APARTMENT,,,17.0,-55.0,,,,,3.4097560975609755,"1,000-1,500",False,True,8-30 days,2 beds
7320.0,,"6548 Sequoia Dr, Buena Park, CA 90620",Buena Park,90620,33.81787,-118.01894,4.0,3.0,1662.0,SINGLE_FAMILY,5054.0,1212900.0,13.0,,,,,,4.404332129963899,"1,500-2,500",False,False,8-30 days,4 beds
3595.0,2025-05-15,"(undisclosed Address), Anaheim, CA 92804",Anaheim,92804,,,3.0,2.0,1200.0,APARTMENT,,,33.0,-5.0,,,,,2.995833333333333,"1,000-1,500",False,True,31-60 days,3 beds
2700.0,2025-05-17,"5552 Camp St #A, Cypress, CA 90630",Cypress,90630,33.829628,-118.03597,2.0,1.0,,APARTMENT,,,7.0,,,,,,,,False,False,0-7 days,2 beds
2850.0,2025-05-19,"547 W Orangethorpe Ave, Fullerton, CA 92832",Fullerton,92832,33.859818,-117.93513,2.0,1.0,1146.0,SINGLE_FAMILY,3490.0,774800.0,1.0,,,,,,2.486910994764398,"1,000-1,500",False,False,0-7 days,2 beds
3150.0,2025-05-16,"449 W Southgate Ave #1, Fullerton, CA 92832",Fullerton,92832,33.86202,-117.93222,2.0,2.0,1250.0,APARTMENT,,,4.0,,,,,,2.52,"1,000-1,500",False,False,0-7 days,2 beds
4500.0,2025-07-01,"(undisclosed Address), Cypress, CA 90630",Cypress,90630,,,3.0,2.0,1281.0,SINGLE_FAMILY,4387.0,1154200.0,4.0,300.0,,,,,3.51288056206089,"1,000-1,500",False,False,0-7 days,3 beds
2900.0,2025-06-05,"1024 Las Lomas Dr UNIT C, La Habra, CA 90631",La Habra,90631,33.92087,-117.95754,2.0,2.0,1384.0,APARTMENT,2892.0,540100.0,14.0,,,,,,2.0953757225433525,"1,000-1,500",False,False,8-30 days,2 beds
2250.0,2025-05-07,"7701 Franklin St #7, Buena Park, CA 90621",Buena Park,90621,33.877277,-117.99928,2.0,1.0,1000.0,APARTMENT,2138.0,,22.0,,,,,,2.25,"700-1,000",False,False,8-30 days,2 beds
5028.0,2025-05-12,"5377 Halifax Dr, Cypress, CA 90630",Cypress,90630,33.822826,-118.039154,3.0,2.0,1679.0,SINGLE_FAMILY,4538.0,922700.0,8.0,,,,,,2.9946396664681356,"1,500-2,500",False,False,8-30 days,3 beds
8500.0,,"(undisclosed Address), Anaheim, CA 92804",Anaheim,92804,,,4.0,3.0,1475.0,SINGLE_FAMILY,6392.0,983900.0,71.0,,,,,,5.762711864406779,"1,000-1,500",False,False,61-90 days,4 beds
2200.0,2025-06-14,"1801 Cristine Pl #12, Fullerton, CA 92835",Fullerton,92835,33.892292,-117.92866,1.0,1.0,600.0,APARTMENT,1824.0,,7.0,,,,,,3.6666666666666665,under 700,False,False,0-7 days,1 bed
2600.0,2025-06-01,"701 S Walnut St, Anaheim, CA 92802",Anaheim,92802,33.822968,-117.92881,2.0,2.0,921.0,SINGLE_FAMILY,2673.0,905800.0,4.0,,,,,,2.823018458197611,"700-1,000",False,False,0-7 days,2 beds
2600.0,2025-04-30,"2025 W Roberta Ave, Fullerton, CA 92833",Fullerton,92833,33.856194,-117.96415,2.0,1.0,900.0,APARTMENT,,,20.0,,,,,,2.888888888888889,"700-1,000",False,False,8-30 days,2 beds
3500.0,2025-06-01,"11010 Carlton Way, Stanton, CA 90680",Stanton,90680,33.802467,-118.00624,3.0,2.0,1121.0,SINGLE_FAMILY,3460.0,674700.0,4.0,,,,,,3.1222123104371096,"1,000-1,500",False,False,0-7 days,3 beds
2500.0,2025-05-15,"2348 W Valencia Dr APT 3, Fullerton, CA 92833",Fullerton,92833,33.866207,-117.969635,2.0,1.0,900.0,APARTMENT,3147.0,,5.0,,,,,,2.7777777777777777,"700-1,000",False,False,0-7 days,2 beds
2500.0,,"1821 W Glencrest Ave APT A, Anaheim, CA 92801",Anaheim,92801,33.84058,-117.946434,2.0,1.0,900.0,APARTMENT,2572.0,,16.0,,,,,,2.7777777777777777,"700-1,000",False,False,8-30 days,2 beds
5300.0,2025-06-01,"4518 Lemon Cir, Cypress, CA 90630",Cypress,90630,33.82526,-118.05401,4.0,3.0,1943.0,SINGLE_FAMILY,5161.0,1180100.0,7.0,,,,,,2.727740607308286,"1,500-2,500",False,False,0-7 days,4 beds
4000.0,2025-05-14,"9767 Graham St, Cypress, CA 90630",Cypress,90630,33.82004,-118.03494,3.0,2.0,1576.0,SINGLE_FAMILY,4096.0,1062800.0,6.0,,,,,,2.5380710659898478,"1,500-2,500",False,False,0-7 days,3 beds
2400.0,,"134 S Pritchard Ave #5, Fullerton, CA 92833",Fullerton,92833,33.868618,-117.97324,2.0,1.0,780.0,APARTMENT,2682.0,,34.0,,,,,,3.076923076923077,"700-1,000",False,False,31-60 days,2 beds
8700.0,2025-04-19,"1872 S Norma Ln, Anaheim, CA 92802",Anaheim,92802,33.800568,-117.929474,5.0,3.0,2100.0,SINGLE_FAMILY,7764.0,1309400.0,32.0,-800.0,,,,,4.142857142857143,"1,500-2,500",False,True,31-60 days,5+ beds
1950.0,2025-04-30,"1139 N Mayfair Ave APT 5, Anaheim, CA 92801",Anaheim,92801,33.848583,-117.93021,1.0,1.0,500.0,APARTMENT,,,7.0,,,,,,3.9,under 700,False,False,0-7 days,1 bed
3999.0,2025-06-10,"(undisclosed Address), Anaheim, CA 92804",Anaheim,92804,,,3.0,2.0,1250.0,SINGLE_FAMILY,3984.0,987200.0,16.0,,,,,,3.1992,"1,000-1,500",False,False,8-30 days,3 beds
2750.0,2025-05-15,"10836 Oak St #10836A, Los Alamitos, CA 90720",Los Alamitos,90720,33.805252,-118.0758,2.0,2.0,800.0,APARTMENT,,,5.0,,,,,,3.4375,"700-1,000",False,False,0-7 days,2 beds
3400.0,2025-05-12,"1306 N Lombard Dr, Anaheim, CA 92801",Anaheim,92801,33.853172,-117.933945,3.0,2.0,1600.0,APARTMENT,4170.0,877900.0,12.0,,,,,,2.125,"1,500-2,500",False,False,8-30 days,3 beds
5675.0,,"1851 W Glenoaks Ave, Anaheim, CA 92801",Anaheim,92801,33.8433,-117.94768,3.0,2.0,1339.0,APARTMENT,,,20.0,425.0,,,,,4.238237490664675,"1,000-1,500",False,False,8-30 days,3 beds
4900.0,2025-05-20,"(undisclosed Address), Los Alamitos, CA 90720",Los Alamitos,90720,,,3.0,2.0,1214.0,SINGLE_FAMILY,4770.0,1085600.0,22.0,-300.0,,,,,4.036243822075782,"1,000-1,500",False,True,8-30 days,3 beds
3950.0,2025-06-17,"2038 W Orange Ave, Anaheim, CA 92804",Anaheim,92804,33.824867,-117.953766,3.0,2.0,1300.0,SINGLE_FAMILY,3850.0,921800.0,3.0,,,,,,3.0384615384615383,"1,000-1,500",False,False,0-7 days,3 beds
6700.0,2025-07-01,"1265 Candlewood Dr, Fullerton, CA 92833",Fullerton,92833,33.88455,-117.96898,3.0,3.0,2400.0,SINGLE_FAMILY,6213.0,1364000.0,2.0,,,,,,2.7916666666666665,"1,500-2,500",False,False,0-7 days,3 beds
3700.0,2025-06-01,"1072 W Arroyo Dr, Fullerton, CA 92833",Fullerton,92833,33.8792,-117.94343,2.0,2.0,1457.0,SINGLE_FAMILY,3554.0,937100.0,11.0,,,,,,2.539464653397392,"1,000-1,500",False,False,8-30 days,2 beds
4100.0,2025-05-01,"328 N Jefferson Ave, Fullerton, CA 92832",Fullerton,92832,33.873386,-117.9393,2.0,2.0,1453.0,SINGLE_FAMILY,3926.0,899500.0,21.0,,,,,,2.8217481073640744,"1,000-1,500",False,False,8-30 days,2 beds
10500.0,,"9582 Parade St, Anaheim, CA 92804",Anaheim,92804,33.823734,-117.96446,4.0,2.0,1313.0,SINGLE_FAMILY,4278.0,917200.0,56.0,,,,,,7.996953541507997,"1,000-1,500",False,False,31-60 days,4 beds
10000.0,,"10462 Poona Dr, Anaheim, CA 92804",Anaheim,92804,33.8109,-117.95962,5.0,3.0,1808.0,SINGLE_FAMILY,7947.0,1111400.0,71.0,,,,,,5.530973451327434,"1,500-2,500",False,False,61-90 days,5+ beds
1995.0,,"1111 W Fay Ln APT 2, Anaheim, CA 92805",Anaheim,92805,33.829464,-117.92661,1.0,1.0,,APARTMENT,1927.0,,56.0,-105.0,,,,,,,False,True,31-60 days,1 bed
6000.0,2025-05-18,"4544 Larwin Ave, Cypress, CA 90630",Cypress,90630,33.816032,-118.053856,3.0,1.0,1000.0,TOWNHOUSE,4188.0,702500.0,18.0,,,,,,6.0,"700-1,000",False,False,8-30 days,3 beds
8000.0,,"(undisclosed Address), Buena Park, CA 90620",Buena Park,90620,,,3.0,2.0,1512.0,SINGLE_FAMILY,5622.0,859300.0,71.0,,,,,,5.291005291005291,"1,500-2,500",False,False,61-90 days,3 beds
3900.0,2025-06-01,"4443 Farquhar Ave, Los Alamitos, CA 90720",Los Alamitos,90720,33.799557,-118.05546,3.0,3.0,1610.0,TOWNHOUSE,4005.0,882800.0,4.0,,,,,,2.422360248447205,"1,500-2,500",False,False,0-7 days,3 beds
3800.0,2025-05-01,"1835 W Olive Ave #A, Fullerton, CA 92833",Fullerton,92833,33.86286,-117.96197,2.0,2.0,798.0,APARTMENT,2512.0,,56.0,300.0,,,,,4.761904761904762,"700-1,000",False,False,31-60 days,2 beds
3550.0,2025-05-15,"4622 Larwin Ave, Cypress, CA 90630",Cypress,90630,33.815937,-118.05219,3.0,1.0,989.0,TOWNHOUSE,4179.0,724900.0,6.0,,,,,,3.58948432760364,"700-1,000",False,False,0-7 days,3 beds
5200.0,2025-07-01,"(undisclosed Address), Fullerton, CA 92833",Fullerton,92833,,,4.0,3.0,2669.0,SINGLE_FAMILY,5625.0,1516000.0,12.0,,,,,,1.9482952416635444,"over 2,500",False,False,8-30 days,4 beds
11000.0,,"9302 Tina Way, Anaheim, CA 92804",Anaheim,92804,33.808304,-117.97032,5.0,3.0,2126.0,SINGLE_FAMILY,7110.0,1137000.0,56.0,,,,,,5.174035747883349,"1,500-2,500",False,False,31-60 days,5+ beds
4200.0,2025-06-02,"4470 Avenida Granada, Cypress, CA 90630",Cypress,90630,33.818085,-118.05509,3.0,2.0,1536.0,SINGLE_FAMILY,4263.0,1172000.0,10.0,,,,,,2.734375,"1,500-2,500",False,False,8-30 days,3 beds
3800.0,2025-06-01,"4723 Madrid Plz, Buena Park, CA 90621",Buena Park,90621,33.891922,-117.99206,3.0,3.0,1300.0,TOWNHOUSE,3538.0,719400.0,6.0,,,,,,2.923076923076923,"1,000-1,500",False,False,0-7 days,3 beds
2795.0,2025-04-24,"3926 Franklin Ave APT 1, Fullerton, CA 92833",Fullerton,92833,33.864807,-117.97908,2.0,1.0,850.0,APARTMENT,,,26.0,-100.0,,,,,3.288235294117647,"700-1,000",False,True,8-30 days,2 beds
4495.0,2025-05-04,"1753 S 9th St, Anaheim, CA 92802",Anaheim,92802,33.80464,-117.93298,4.0,2.0,1309.0,SINGLE_FAMILY,4481.0,950500.0,16.0,,,,,,3.433919022154316,"1,000-1,500",False,False,8-30 days,4 beds
13000.0,,"1516 W Brande Ave, Anaheim, CA 92802",Anaheim,92802,33.823174,-117.93358,5.0,2.0,1824.0,SINGLE_FAMILY,4888.0,1220100.0,60.0,,,,,,7.12719298245614,"1,500-2,500",False,False,31-60 days,5+ beds
3500.0,2025-04-29,"124 W Valencia Mesa Dr APT 4, Fullerton, CA 92835",Fullerton,92835,33.892605,-117.92915,3.0,2.0,1500.0,APARTMENT,3524.0,,21.0,-150.0,,,,,2.3333333333333335,"1,000-1,500",False,True,8-30 days,3 beds
2195.0,2025-05-17,"5882 Fullerton Ave #12, Buena Park, CA 90621",Buena Park,90621,33.87486,-117.999275,2.0,1.0,800.0,APARTMENT,2248.0,,19.0,,,,,,2.74375,"700-1,000",False,False,8-30 days,2 beds
3200.0,2025-07-01,"545 S Walnut St APT 14, La Habra, CA 90631",La Habra,90631,33.92663,-117.951164,2.0,2.0,1183.0,APARTMENT,3020.0,569400.0,17.0,,,,,,2.7049873203719357,"1,000-1,500",False,False,8-30 days,2 beds
10000.0,,"9631 Random Dr, Anaheim, CA 92804",Anaheim,92804,33.82442,-117.96508,5.0,3.0,2368.0,SINGLE_FAMILY,4929.0,1197200.0,13.0,1200.0,,,,,4.222972972972973,"1,500-2,500",False,False,8-30 days,5+ beds
11000.0,,"9971 Chanticleer Rd, Anaheim, CA 92804",Anaheim,92804,33.812954,-117.95916,6.0,3.0,1675.0,SINGLE_FAMILY,8166.0,1171800.0,56.0,,,,,,6.567164179104478,"1,500-2,500",False,False,31-60 days,5+ beds
3750.0,2025-05-14,"4739 Larwin Ave #4739, Cypress, CA 90630",Cypress,90630,33.816532,-118.05013,3.0,2.0,1242.0,TOWNHOUSE,,789100.0,18.0,,,,,,3.0193236714975846,"1,000-1,500",False,False,8-30 days,3 beds
3000.0,2025-05-02,"1808 Cristine Pl APT 1, Fullerton, CA 92835",Fullerton,92835,33.89201,-117.92909,2.0,1.0,900.0,APARTMENT,,,18.0,,,,,,3.3333333333333335,"700-1,000",False,False,8-30 days,2 beds
3320.0,,"6647 Val Verde Ave #1, Buena Park, CA 90621",Buena Park,90621,33.86413,-118.01026,3.0,2.0,1200.0,APARTMENT,,,3.0,,,,,,2.7666666666666666,"1,000-1,500",False,False,0-7 days,3 beds
2000.0,,"(undisclosed Address), La Habra, CA 90631",La Habra,90631,,,0.0,1.0,500.0,SINGLE_FAMILY,2155.0,724800.0,20.0,,,,,,4.0,under 700,False,False,8-30 days,Studio
3250.0,2025-06-02,"4613 Larwin Ave, Cypress, CA 90630",Cypress,90630,33.816338,-118.05244,3.0,2.0,1508.0,APARTMENT,3469.0,784700.0,13.0,,,,,,2.1551724137931036,"1,500-2,500",False,False,8-30 days,3 beds
1850.0,2025-05-20,"5822 Kingman Ave #C, Buena Park, CA 90621",Buena Park,90621,33.875607,-118.0008,1.0,1.0,,APARTMENT,,,0.0,,,,,,,,False,False,0-7 days,1 bed
4400.0,2025-05-14,"2112 Sunny Ridge Pl, Fullerton, CA 92833",Fullerton,92833,33.896595,-117.970055,4.0,3.0,2073.0,SINGLE_FAMILY,4585.0,1192100.0,8.0,,,,,,2.122527737578389,"1,500-2,500",False,False,8-30 days,4 beds
4000.0,,"10451 Westchester Dr, Stanton, CA 90680",Stanton,90680,33.81051,-118.00534,2.0,2.0,1369.0,SINGLE_FAMILY,3810.0,948700.0,56.0,,,,,,2.9218407596785974,"1,000-1,500",False,False,31-60 days,2 beds
2300.0,2025-05-06,"5467 Twin Lakes Dr, Cypress, CA 90630",Cypress,90630,33.833908,-118.0382,1.0,2.0,920.0,APARTMENT,2376.0,521100.0,14.0,,,,,,2.5,"700-1,000",False,False,8-30 days,1 bed
5400.0,,"1531 W Trenton Pl, Anaheim, CA 92802",Anaheim,92802,33.80511,-117.934074,4.0,2.0,1316.0,SINGLE_FAMILY,4880.0,931600.0,52.0,,,,,,4.103343465045593,"1,000-1,500",False,False,31-60 days,4 beds
2825.0,2025-05-15,"8531 La Salle St UNIT 24, Cypress, CA 90630",Cypress,90630,33.838337,-118.048035,2.0,1.0,964.0,APARTMENT,2715.0,536100.0,42.0,130.0,,,,,2.930497925311203,"700-1,000",False,False,31-60 days,2 beds
4590.0,,"1743 S Nutwood St, Anaheim, CA 92804",Anaheim,92804,33.803673,-117.950455,4.0,2.0,2000.0,SINGLE_FAMILY,4607.0,1018100.0,19.0,-210.0,,,,,2.295,"1,500-2,500",False,True,8-30 days,4 beds
1950.0,2025-06-30,"1749 W Malvern Ave APT 4, Fullerton, CA 92833",Fullerton,92833,33.876526,-117.9548,1.0,1.0,600.0,APARTMENT,2067.0,,1.0,,,,,,3.25,under 700,False,False,0-7 days,1 bed
2000.0,2025-06-13,"811 S Webster Ave APT 16, Anaheim, CA 92804",Anaheim,92804,33.82066,-117.97148,1.0,1.0,750.0,APARTMENT,,,4.0,,,,,,2.6666666666666665,"700-1,000",False,False,0-7 days,1 bed
4000.0,2025-06-01,"765 Hartford Ln, La Habra, CA 90631",La Habra,90631,33.915504,-117.93738,4.0,3.0,1520.0,TOWNHOUSE,4013.0,780900.0,20.0,,,,,,2.6315789473684212,"1,500-2,500",False,False,8-30 days,4 beds
1895.0,,"1848 W Valencia Dr APT 5, Fullerton, CA 92833",Fullerton,92833,33.866215,-117.96105,1.0,1.0,600.0,APARTMENT,1931.0,,76.0,,,,,,3.158333333333333,under 700,False,False,61-90 days,1 bed
5500.0,2025-08-15,"(undisclosed Address), Anaheim, CA 92804",Anaheim,92804,,,3.0,2.0,1173.0,SINGLE_FAMILY,3917.0,900200.0,4.0,,,,,,4.6888320545609545,"1,000-1,500",False,False,0-7 days,3 beds
5000.0,2025-06-01,"1309 Manzanita Dr, Fullerton, CA 92833",Fullerton,92833,33.89587,-117.94694,4.0,3.0,2203.0,SINGLE_FAMILY,4710.0,1393800.0,30.0,-200.0,,,,,2.2696323195642307,"1,500-2,500",False,True,8-30 days,4 beds
1950.0,2025-05-14,"7285 9th St APT 5, Buena Park, CA 90621",Buena Park,90621,33.86578,-118.00592,1.0,1.0,700.0,APARTMENT,,,6.0,,,,,,2.7857142857142856,under 700,False,False,0-7 days,1 bed
3000.0,2025-05-14,"113 S Magnolia Ave, Anaheim, CA 92804",Anaheim,92804,33.831547,-117.97626,3.0,1.0,850.0,SINGLE_FAMILY,2951.0,646000.0,9.0,,,,,,3.5294117647058822,"700-1,000",False,False,8-30 days,3 beds
2250.0,2025-05-31,"1160 S Walnut St APT 6, La Habra, CA 90631",La Habra,90631,33.917965,-117.9513,1.0,1.0,600.0,APARTMENT,,,7.0,,,,,,3.75,under 700,False,False,0-7 days,1 bed
1950.0,,"925A, 925 S Malden Ave APT 7, Fullerton, CA 92832",Fullerton,92832,33.862007,-117.92679,1.0,1.0,,APARTMENT,,,117.0,-25.0,,,,,,,False,True,90+ days,1 bed
3950.0,2025-06-01,"251 W Rosslynn Ave, Fullerton, CA 92832",Fullerton,92832,33.863995,-117.92803,3.0,2.0,1075.0,SINGLE_FAMILY,3741.0,857100.0,16.0,,,,,,3.6744186046511627,"1,000-1,500",False,False,8-30 days,3 beds
3800.0,2025-05-15,"7631 El Caney Dr, Buena Park, CA 90620",Buena Park,90620,33.852272,-118.000824,4.0,3.0,1500.0,SINGLE_FAMILY,3926.0,989700.0,5.0,,,,,,2.533333333333333,"1,000-1,500",False,False,0-7 days,4 beds
6000.0,2025-08-31,"1550 W Palais Rd, Anaheim, CA 92802",Anaheim,92802,33.81375,-117.93504,3.0,3.0,1500.0,SINGLE_FAMILY,4618.0,1076800.0,71.0,300.0,,,,,4.0,"1,000-1,500",False,False,61-90 days,3 beds
1950.0,2025-05-10,"2841 W Ball Rd APT 7, Anaheim, CA 92804",Anaheim,92804,33.81792,-117.98659,1.0,1.0,550.0,APARTMENT,,,10.0,,,,,,3.5454545454545454,under 700,False,False,8-30 days,1 bed
5200.0,2025-05-10,"11291 Wallingsford Rd, Los Alamitos, CA 90720",Los Alamitos,90720,33.798786,-118.074684,4.0,2.0,2074.0,SINGLE_FAMILY,5215.0,1594200.0,32.0,,,,,,2.507232401157184,"1,500-2,500",False,False,31-60 days,4 beds
2400.0,2025-05-15,"8573 1/2 Walker St, Cypress, CA 90630",Cypress,90630,33.836792,-118.03709,2.0,1.0,,APARTMENT,,,5.0,,,,,,,,False,False,0-7 days,2 beds
2950.0,2025-06-01,"560 N Wake Forest Dr, Anaheim, CA 92801",Anaheim,92801,33.838528,-117.95433,2.0,2.0,1050.0,TOWNHOUSE,,,2.0,,,,,,2.8095238095238093,"1,000-1,500",False,False,0-7 days,2 beds
3220.0,2025-06-22,"8239 Henderson Grn, Buena Park, CA 90621",Buena Park,90621,33.88665,-117.99064,2.0,2.0,1088.0,TOWNHOUSE,2776.0,648300.0,19.0,-255.0,,,,,2.9595588235294117,"1,000-1,500",False,True,8-30 days,2 beds
2350.0,2025-04-19,"699 Mariposa St #A, La Habra, CA 90631",La Habra,90631,33.924873,-117.96996,2.0,1.0,900.0,APARTMENT,2501.0,,4.0,,,,,,2.611111111111111,"700-1,000",False,False,0-7 days,2 beds
2450.0,2025-05-06,"1725 W Malvern Ave APT 3, Fullerton, CA 92833",Fullerton,92833,33.87641,-117.95389,2.0,1.0,800.0,APARTMENT,,,14.0,,,,,,3.0625,"700-1,000",False,False,8-30 days,2 beds
1950.0,2025-05-07,"1826 W Sallie Ln #P, Anaheim, CA 92804",Anaheim,92804,33.805126,-117.9471,1.0,1.0,,APARTMENT,,,13.0,,,,,,,,False,False,8-30 days,1 bed
2298.0,,"8181 Whitaker St APT B, Buena Park, CA 90621",Buena Park,90621,33.866585,-117.99043,2.0,1.0,878.0,APARTMENT,2390.0,,5.0,,,,,,2.6173120728929384,"700-1,000",False,False,0-7 days,2 beds
1950.0,2025-05-02,"1835 W Crestwood Ln #F, Anaheim, CA 92804",Anaheim,92804,33.80653,-117.94752,1.0,1.0,700.0,APARTMENT,,,18.0,,,,,,2.7857142857142856,under 700,False,False,8-30 days,1 bed
1950.0,2025-05-02,"1820 W Sallie Ln #M, Anaheim, CA 92804",Anaheim,92804,33.805126,-117.94683,1.0,1.0,,APARTMENT,,,18.0,,,,,,,,False,False,8-30 days,1 bed
2500.0,2025-05-18,"10648 Oak St, Los Alamitos, CA 90720",Los Alamitos,90720,33.80803,-118.07558,2.0,1.0,900.0,APARTMENT,2901.0,,4.0,,,,,,2.7777777777777777,"700-1,000",False,False,0-7 days,2 beds
3500.0,2025-06-01,"901 W Grafton Pl, Anaheim, CA 92805",Anaheim,92805,33.842934,-117.92796,3.0,2.0,1095.0,SINGLE_FAMILY,3376.0,844500.0,21.0,50.0,,,,,3.1963470319634704,"1,000-1,500",False,False,8-30 days,3 beds
2595.0,,"8111 Page St #F, Buena Park, CA 90621",Buena Park,90621,33.857277,-117.99149,2.0,1.0,1000.0,APARTMENT,,,13.0,,,,,,2.595,"700-1,000",False,False,8-30 days,2 beds
3495.0,2025-06-01,"(undisclosed Address), Anaheim, CA 92802",Anaheim,92802,,,3.0,1.0,1395.0,SINGLE_FAMILY,3928.0,1072200.0,70.0,,,,,,2.5053763440860215,"1,000-1,500",False,False,61-90 days,3 beds
1950.0,2025-05-01,"(undisclosed Address), Anaheim, CA 92804",Anaheim,92804,,,1.0,1.0,950.0,APARTMENT,1877.0,,20.0,,,,,,2.0526315789473686,"700-1,000",False,False,8-30 days,1 bed
2250.0,,"10622 Tibbs Cir #H, Garden Grove, CA 92840",Garden Grove,92840,33.801876,-117.94792,2.0,1.0,750.0,APARTMENT,,,54.0,-50.0,,,,,3.0,"700-1,000",False,True,31-60 days,2 beds
2700.0,,"220 W Truslow Ave, Fullerton, CA 92832",Fullerton,92832,33.867085,-117.927414,2.0,2.0,900.0,APARTMENT,,,75.0,-100.0,,,,,3.0,"700-1,000",False,True,61-90 days,2 beds
4000.0,,"(undisclosed Address), Anaheim, CA 92802",Anaheim,92802,,,4.0,2.0,1220.0,SINGLE_FAMILY,4007.0,881800.0,8.0,,,,,,3.278688524590164,"1,000-1,500",False,False,8-30 days,4 beds
3900.0,2025-06-14,"1001 Creekside Dr #173, Fullerton, CA 92833",Fullerton,92833,33.88177,-117.96737,3.0,3.0,1372.0,TOWNHOUSE,3837.0,913400.0,5.0,,,,,,2.8425655976676385,"1,000-1,500",False,False,0-7 days,3 beds
4400.0,2025-05-20,"936 N Onondaga Ave, Anaheim, CA 92801",Anaheim,92801,33.845387,-117.94618,3.0,2.0,1100.0,SINGLE_FAMILY,3849.0,857600.0,12.0,-100.0,,,,,4.0,"1,000-1,500",False,True,8-30 days,3 beds
1850.0,2025-05-01,"435 W Amerige Ave, Fullerton, CA 92832",Fullerton,92832,33.871616,-117.93238,1.0,1.0,380.0,APARTMENT,1742.0,1285800.0,2.0,,,,,,4.868421052631579,under 700,False,False,0-7 days,1 bed
3400.0,2025-05-04,"2152 W Alameda Ave APT 1, Anaheim, CA 92801",Anaheim,92801,33.837692,-117.957245,3.0,2.0,1300.0,APARTMENT,2618.0,,16.0,,,,,,2.6153846153846154,"1,000-1,500",False,False,8-30 days,3 beds
5800.0,,"3030 San Juan Dr, Fullerton, CA 92835",Fullerton,92835,33.90663,-117.929016,4.0,4.0,2575.0,SINGLE_FAMILY,5579.0,1554200.0,60.0,,,,,,2.2524271844660193,"over 2,500",False,False,31-60 days,4 beds
2500.0,2025-05-09,"7431 Franklin St APT 13, Buena Park, CA 90621",Buena Park,90621,33.87739,-118.00343,2.0,1.0,890.0,APARTMENT,,,19.0,,,,,,2.808988764044944,"700-1,000",False,False,8-30 days,2 beds
3880.0,,"10581 Alderson Ave, Garden Grove, CA 92840",Garden Grove,92840,33.801544,-117.94876,3.0,2.0,1098.0,SINGLE_FAMILY,3488.0,989700.0,48.0,-120.0,,,,,3.5336976320582876,"1,000-1,500",False,True,31-60 days,3 beds
1795.0,2025-04-27,"5761 Fullerton Ave APT 12, Buena Park, CA 90621",Buena Park,90621,33.876476,-118.00019,0.0,1.0,450.0,APARTMENT,1801.0,,23.0,-100.0,,,,,3.988888888888889,under 700,False,True,8-30 days,Studio
3800.0,2025-07-01,"202 S Corner St, Anaheim, CA 92804",Anaheim,92804,33.83007,-117.96496,3.0,2.0,1000.0,SINGLE_FAMILY,3981.0,931300.0,14.0,,,,,,3.8,"700-1,000",False,False,8-30 days,3 beds
3400.0,2025-05-08,"614 S Paula Ave, Fullerton, CA 92833",Fullerton,92833,33.86389,-117.9691,3.0,1.0,1200.0,SINGLE_FAMILY,,775800.0,54.0,,,,,,2.8333333333333335,"1,000-1,500",False,False,31-60 days,3 beds
1800.0,,"2249 W Vancouver Dr #7, Anaheim, CA 92804",Anaheim,92804,33.820316,-117.96144,1.0,1.0,650.0,APARTMENT,,,14.0,-50.0,,,,,2.769230769230769,under 700,False,True,8-30 days,1 bed
3100.0,2025-04-29,"3418 W Orange Ave #304, Anaheim, CA 92804",Anaheim,92804,33.824604,-118.00909,3.0,2.0,1200.0,APARTMENT,,,21.0,,,,,,2.5833333333333335,"1,000-1,500",False,False,8-30 days,3 beds
4100.0,2025-04-25,"(undisclosed Address), Cypress, CA 90630",Cypress,90630,,,3.0,2.0,1411.0,SINGLE_FAMILY,4065.0,1092400.0,25.0,,,,,,2.9057406094968106,"1,000-1,500",False,False,8-30 days,3 beds
2600.0,2025-05-12,"11210 Reagan St APT 1, Los Alamitos, CA 90720",Los Alamitos,90720,33.79989,-118.06931,2.0,2.0,,APARTMENT,,,20.0,-150.0,,,,,,,False,True,8-30 days,2 beds
2400.0,2025-04-19,"3611-3613 W Marian Way #3611, Anaheim, CA 92804",Anaheim,92804,33.818806,-118.01335,2.0,1.0,800.0,APARTMENT,,,34.0,,,,,,3.0,"700-1,000",False,False,31-60 days,2 beds
2795.0,2025-05-04,"8192 California St, Buena Park, CA 90621",Buena Park,90621,33.864536,-117.99079,2.0,1.0,960.0,APARTMENT,2532.0,,30.0,200.0,,,,,2.9114583333333335,"700-1,000",False,False,8-30 days,2 beds
2250.0,2025-04-29,"800 W Baker Ave, Fullerton, CA 92832",Fullerton,92832,33.856724,-117.93938,1.0,1.0,580.0,APARTMENT,2197.0,990200.0,21.0,,,,,,3.8793103448275863,under 700,False,False,8-30 days,1 bed
2175.0,,"6861 Younger Dr #B, Buena Park, CA 90620",Buena Park,90620,33.835358,-118.0132,1.0,1.0,700.0,APARTMENT,,,13.0,,,,,,3.107142857142857,under 700,False,False,8-30 days,1 bed
3700.0,2025-04-28,"612 N Magnolia Ave, Anaheim, CA 92801",Anaheim,92801,33.840088,-117.97573,3.0,2.0,1141.0,SINGLE_FAMILY,3625.0,819000.0,35.0,,,,,,3.242769500438212,"1,000-1,500",False,False,31-60 days,3 beds
2375.0,,"1180 N Lombard Dr APT C, Anaheim, CA 92801",Anaheim,92801,33.85001,-117.93412,2.0,1.0,,APARTMENT,,,13.0,,,,,,,,False,False,8-30 days,2 beds
2600.0,2025-05-16,"11111 Lexington Dr #13, Los Alamitos, CA 90720",Los Alamitos,90720,33.80151,-118.05478,2.0,1.0,,APARTMENT,2634.0,,8.0,-100.0,,,,,,,False,True,8-30 days,2 beds
2650.0,2025-05-13,"3661 Farquhar Ave #3, Los Alamitos, CA 90720",Los Alamitos,90720,33.79981,-118.06889,2.0,2.0,,APARTMENT,,,7.0,,,,,,,,False,False,0-7 days,2 beds
2150.0,2025-05-19,"920 W Romneya Dr APT 17, Anaheim, CA 92801",Anaheim,92801,33.850407,-117.93119,1.0,1.0,625.0,APARTMENT,,,14.0,,,,,,3.44,under 700,False,False,8-30 days,1 bed
2295.0,,"6031 Lemon Ave APT B, Cypress, CA 90630",Cypress,90630,33.82628,-118.02732,2.0,1.0,800.0,APARTMENT,2344.0,,49.0,-100.0,,,,,2.86875,"700-1,000",False,True,31-60 days,2 beds
1795.0,2025-05-15,"1731 W Malvern Ave APT 5, Fullerton, CA 92833",Fullerton,92833,33.87641,-117.95421,1.0,1.0,750.0,APARTMENT,1853.0,,21.0,-55.0,,,,,2.3933333333333335,"700-1,000",False,True,8-30 days,1 bed
2450.0,,"1743 W Malvern Ave APT 6, Fullerton, CA 92833",Fullerton,92833,33.876472,-117.95467,2.0,1.0,,APARTMENT,2238.0,,5.0,,,,,,,,False,False,0-7 days,2 beds
2050.0,,"3821 W Franklin Ave #7, Fullerton, CA 92833",Fullerton,92833,33.86537,-117.977875,1.0,1.0,668.0,APARTMENT,,,57.0,-50.0,,,,,3.068862275449102,under 700,False,True,31-60 days,1 bed
1795.0,,"115 W Mountain View Ave APT 7, La Habra, CA 90631",La Habra,90631,33.92607,-117.94707,1.0,1.0,700.0,APARTMENT,1873.0,,56.0,,,,,,2.5642857142857145,under 700,False,False,31-60 days,1 bed
2095.0,2025-05-13,"10669 Walnut St, Los Alamitos, CA 90720",Los Alamitos,90720,33.807674,-118.07459,1.0,1.0,,APARTMENT,,,7.0,,,,,,,,False,False,0-7 days,1 bed
3295.0,2025-05-23,"8212 Santa Inez Dr, Buena Park, CA 90620",Buena Park,90620,33.844414,-118.00698,3.0,2.0,1150.0,APARTMENT,3425.0,652500.0,50.0,,,,,,2.865217391304348,"1,000-1,500",False,False,31-60 days,3 beds
1800.0,,"1832 W Sumac Ln APT 7, Anaheim, CA 92804",Anaheim,92804,33.80433,-117.947395,1.0,1.0,680.0,APARTMENT,,,62.0,,,,,,2.6470588235294117,under 700,False,False,61-90 days,1 bed
1895.0,2025-05-01,"918 S. Webster Ave., 918 S Webster Ave #24, Anaheim, CA 92804",Anaheim,92804,33.82116,-117.970695,1.0,1.0,,APARTMENT,,,47.0,,,,,,,,False,False,31-60 days,1 bed
2295.0,,"115 W Mountain View Ave APT 19, La Habra, CA 90631",La Habra,90631,33.926075,-117.94707,2.0,2.0,1020.0,APARTMENT,,,54.0,,,,,,2.25,"1,000-1,500",False,False,31-60 days,2 beds
1850.0,,"151 W Southgate Ave APT 3, Fullerton, CA 92832",Fullerton,92832,33.862045,-117.92629,1.0,1.0,585.0,APARTMENT,2084.0,,65.0,-100.0,,,,,3.1623931623931623,under 700,False,True,61-90 days,1 bed
2475.0,2025-04-30,"1121 W Lombard Pl #B, Anaheim, CA 92801",Anaheim,92801,33.85004,-117.933014,2.0,1.0,800.0,APARTMENT,,,12.0,,,,,,3.09375,"700-1,000",False,False,8-30 days,2 beds
1750.0,,"4131 Carol Dr APT 5, Fullerton, CA 92833",Fullerton,92833,33.868824,-117.98178,1.0,1.0,,APARTMENT,1380.0,,48.0,-45.0,,,,,,,False,True,31-60 days,1 bed
9000.0,,"1406 W Roberta Ave, Fullerton, CA 92833",Fullerton,92833,33.85594,-117.950294,3.0,3.0,1750.0,SINGLE_FAMILY,4376.0,968400.0,216.0,750.0,,,,,5.142857142857143,"1,500-2,500",False,False,90+ days,3 beds
8500.0,,"9179 Esther St, Cypress, CA 90630",Cypress,90630,33.82907,-118.046616,4.0,2.0,1800.0,SINGLE_FAMILY,4368.0,1058300.0,216.0,500.0,,,,,4.722222222222222,"1,500-2,500",False,False,90+ days,4 beds
9000.0,,"5801 Orange Ave, Cypress, CA 90630",Cypress,90630,33.824642,-118.03161,4.0,2.0,1649.0,SINGLE_FAMILY,4349.0,1020800.0,216.0,500.0,,,,,5.45785324439054,"1,500-2,500",False,False,90+ days,4 beds
9000.0,,"1507 S Roosevelt Ave, Fullerton, CA 92832",Fullerton,92832,33.855877,-117.941055,5.0,2.0,1600.0,SINGLE_FAMILY,4548.0,849100.0,216.0,500.0,,,,,5.625,"1,500-2,500",False,False,90+ days,5+ beds
3000.0,2025-05-01,"10612 Sycamore Ave, Stanton, CA 90680",Stanton,90680,33.808563,-117.98969,3.0,2.0,1189.0,SINGLE_FAMILY,3119.0,852000.0,39.0,-100.0,,,,,2.5231286795626575,"1,000-1,500",False,True,31-60 days,3 beds
2575.0,,"8216 7th St #2X15, Buena Park, CA 90621",Buena Park,90621,33.86861,-117.99044,2.0,2.0,900.0,APARTMENT,,,104.0,,,,,,2.861111111111111,"700-1,000",False,False,90+ days,2 beds
3850.0,,"10281 Sande St, Cypress, CA 90630",Cypress,90630,33.812675,-118.039345,3.0,2.0,1050.0,SINGLE_FAMILY,3741.0,929400.0,3.0,,,,,,3.6666666666666665,"1,000-1,500",False,False,0-7 days,3 beds
4200.0,2025-05-17,"8324 Mango Way, Buena Park, CA 90620",Buena Park,90620,33.84207,-117.99151,4.0,2.0,1492.0,SINGLE_FAMILY,4067.0,897300.0,3.0,,,,,,2.8150134048257374,"1,000-1,500",False,False,0-7 days,4 beds
3400.0,,"428 S Benwood Dr, Anaheim, CA 92804",Anaheim,92804,33.826088,-117.985466,3.0,3.0,1050.0,SINGLE_FAMILY,3774.0,899600.0,71.0,-200.0,,,,,3.238095238095238,"1,000-1,500",False,True,61-90 days,3 beds
2950.0,,"8213 Santa Inez Pl, Buena Park, CA 90620",Buena Park,90620,33.84457,-118.00729,3.0,2.0,1150.0,CONDO,3238.0,591100.0,0.0,,,,,,2.5652173913043477,"1,000-1,500",False,False,0-7 days,3 beds
1995.0,,"1111-15 W Fay Ln #1X1-1995, Anaheim, CA 92805",Anaheim,92805,33.828403,-117.92699,1.0,1.0,,APARTMENT,,,0.0,,,,,,,,False,False,0-7 days,1 bed
3100.0,,"435 W Center St #335, Anaheim, CA 92805",Anaheim,92805,33.832138,-117.92902,2.0,2.0,1046.0,CONDO,,585000.0,0.0,,,,,,2.9636711281070744,"1,000-1,500",False,False,0-7 days,2 beds
4250.0,,"310 S Beachy Pl, Anaheim, CA 92804",Anaheim,92804,33.828056,-117.9722,3.0,2.0,1600.0,SINGLE_FAMILY,3731.0,888700.0,2.0,,,,,,2.65625,"1,500-2,500",False,False,0-7 days,3 beds
4800.0,,"2756 Aubrey Pl, Fullerton, CA 92833",Fullerton,92833,33.884026,-117.9748,4.0,3.0,2354.0,SINGLE_FAMILY,4912.0,1224800.0,2.0,,,,,,2.0390824129141887,"1,500-2,500",False,False,0-7 days,4 beds
2800.0,,"600 W Lambert Rd UNIT 53, La Habra, CA 90631",La Habra,90631,33.92404,-117.952,2.0,2.0,920.0,TOWNHOUSE,2592.0,561600.0,3.0,,,,,,3.0434782608695654,"700-1,000",False,False,0-7 days,2 beds
3790.0,,"4673 Larwin Ave, Cypress, CA 90630",Cypress,90630,33.816303,-118.05112,4.0,2.0,1508.0,TOWNHOUSE,3752.0,765200.0,4.0,,,,,,2.513262599469496,"1,500-2,500",False,False,0-7 days,4 beds
4000.0,,"5691 Vonnie Ln, Cypress, CA 90630",Cypress,90630,33.83424,-118.033646,3.0,2.0,1420.0,SINGLE_FAMILY,4128.0,981400.0,5.0,,,,,,2.816901408450704,"1,000-1,500",False,False,0-7 days,3 beds
5800.0,,"5060 Somerset St, Buena Park, CA 90621",Buena Park,90621,33.887257,-117.98779,4.0,3.0,2670.0,SINGLE_FAMILY,5176.0,1643400.0,10.0,-390.0,,,,,2.1722846441947565,"over 2,500",False,True,8-30 days,4 beds
4200.0,,"20 Freeman Ln, Buena Park, CA 90621",Buena Park,90621,33.88767,-117.9957,4.0,3.0,2758.0,SINGLE_FAMILY,4831.0,1311900.0,1.0,,,,,,1.5228426395939085,"over 2,500",False,False,0-7 days,4 beds
3595.0,,"1409 N Roundtree Ln, Anaheim, CA 92801",Anaheim,92801,33.85439,-117.98221,3.0,2.0,1120.0,SINGLE_FAMILY,3598.0,711500.0,2.0,,,,,,3.2098214285714284,"1,000-1,500",False,False,0-7 days,3 beds
3450.0,,"10531 Lexington St, Stanton, CA 90680",Stanton,90680,33.80941,-118.007744,3.0,2.0,,SINGLE_FAMILY,3120.0,824900.0,11.0,,,,,,,,False,False,8-30 days,3 beds
2450.0,,"2138 W Alameda Ave #3, Anaheim, CA 92801",Anaheim,92801,33.837696,-117.956566,2.0,1.0,1050.0,APARTMENT,,,53.0,,,,,,2.3333333333333335,"1,000-1,500",False,False,31-60 days,2 beds
1800.0,,"1215 N Dresden Pl APT 8, Anaheim, CA 92801",Anaheim,92801,33.851307,-117.94041,1.0,1.0,14568.0,MULTI_FAMILY,,3441400.0,17.0,-100.0,,,,,0.12355848434925865,"over 2,500",False,True,8-30 days,1 bed
5300.0,,"1200 W Rowan St, Anaheim, CA 92801",Anaheim,92801,33.836277,-117.929726,3.0,3.0,2487.0,SINGLE_FAMILY,5306.0,1227100.0,21.0,-200.0,,,,,2.131081624447125,"1,500-2,500",False,True,8-30 days,3 beds
2600.0,2025-04-29,"630 S Knott Ave APT 53, Anaheim, CA 92804",Anaheim,92804,33.82322,-118.009476,2.0,2.0,1028.0,APARTMENT,2724.0,539400.0,21.0,-100.0,,,,,2.529182879377432,"1,000-1,500",False,True,8-30 days,2 beds
5500.0,,"1364 Armstead Ln, Fullerton, CA 92833",Fullerton,92833,33.899292,-117.94814,4.0,4.0,3011.0,SINGLE_FAMILY,5945.0,1804100.0,14.0,,,,,,1.826635669212886,"over 2,500",False,False,8-30 days,4 beds
1950.0,,"6471 Western Ave APT 3, Buena Park, CA 90621",Buena Park,90621,33.866333,-118.00291,2.0,1.0,7397.0,MULTI_FAMILY,,,2.0,,,,,,0.26362038664323373,"over 2,500",False,False,0-7 days,2 beds
2550.0,,"121 S Illinois St #4, Anaheim, CA 92805",Anaheim,92805,33.83185,-117.92588,2.0,1.0,1012.0,MULTI_FAMILY,,872300.0,50.0,-145.0,,,,,2.5197628458498023,"1,000-1,500",False,True,31-60 days,2 beds
2400.0,,"5933 Burnham Ave, Buena Park, CA 90621",Buena Park,90621,33.87421,-118.00427,2.0,1.0,900.0,MULTI_FAMILY,2478.0,903400.0,19.0,,,,,,2.6666666666666665,"700-1,000",False,False,8-30 days,2 beds
3400.0,,"4761 Guadalajara Way, Buena Park, CA 90621",Buena Park,90621,33.891094,-117.99239,3.0,3.0,1300.0,TOWNHOUSE,3561.0,735800.0,19.0,-100.0,,,,,2.6153846153846154,"1,000-1,500",False,True,8-30 days,3 beds
4500.0,,"2317 W Broadway #104, Anaheim, CA 92804",Anaheim,92804,33.828785,-117.963455,3.0,3.0,1738.0,TOWNHOUSE,4378.0,892100.0,47.0,,,,,,2.5891829689298045,"1,500-2,500",False,False,31-60 days,3 beds
2600.0,,"950 W Lambert Rd UNIT 28, La Habra, CA 90631",La Habra,90631,33.923615,-117.956184,2.0,2.0,934.0,CONDO,2521.0,509900.0,4.0,,,,,,2.78372591006424,"700-1,000",False,False,0-7 days,2 beds
2000.0,,"1107 W. Broadway, 1107 W Broadway APT 4, Anaheim, CA 92805",Anaheim,92805,33.830517,-117.92682,1.0,1.0,800.0,APARTMENT,,,42.0,-100.0,,,,,2.5,"700-1,000",False,True,31-60 days,1 bed
3500.0,2025-05-01,"1688 W Sumac Ln, Anaheim, CA 92802",Anaheim,92802,33.80438,-117.94093,3.0,2.0,,APARTMENT,3823.0,947600.0,17.0,-200.0,,,,,,,False,True,8-30 days,3 beds
3000.0,,"320 W Truslow Ave #D, Fullerton, CA 92832",Fullerton,92832,33.86699,-117.9296,1.0,1.0,600.0,MULTI_FAMILY,2516.0,1054200.0,71.0,,,,,,5.0,under 700,False,False,61-90 days,1 bed
3800.0,,"517 W Southgate Ave, Fullerton, CA 92832",Fullerton,92832,33.862003,-117.933876,3.0,1.0,1148.0,SINGLE_FAMILY,3499.0,805800.0,5.0,,,,,,3.3101045296167246,"1,000-1,500",False,False,0-7 days,3 beds
2350.0,2025-04-29,"Walker Gardens, 8362 Walker St #26U, La Palma, CA 90623",La Palma,90623,33.84074,-118.036026,2.0,2.0,,APARTMENT,,,20.0,,,,,,,,False,False,8-30 days,2 beds
2150.0,,"3411 W Orange Ave #5, Anaheim, CA 92804",Anaheim,92804,33.82513,-118.00896,2.0,1.0,900.0,MULTI_FAMILY,2351.0,886100.0,5.0,,,,,,2.388888888888889,"700-1,000",False,False,0-7 days,2 beds
4600.0,,"2134 N Baywood Dr, Fullerton, CA 92833",Fullerton,92833,33.897636,-117.96603,3.0,3.0,1858.0,SINGLE_FAMILY,,1029700.0,24.0,,,,,,2.4757804090419806,"1,500-2,500",False,False,8-30 days,3 beds
3200.0,,"3217 W Cabot Dr APT 4, Anaheim, CA 92804",Anaheim,92804,33.830887,-118.003235,3.0,1.0,1400.0,APARTMENT,2986.0,,22.0,,,,,,2.2857142857142856,"1,000-1,500",False,False,8-30 days,3 beds
4250.0,,"2872 W Skywood Cir, Anaheim, CA 92804",Anaheim,92804,33.827038,-117.98835,3.0,2.0,1222.0,SINGLE_FAMILY,4170.0,902100.0,29.0,,,,,,3.4779050736497545,"1,000-1,500",False,False,8-30 days,3 beds
2400.0,2025-05-02,"1310 W Valencia Dr APT 1310, Fullerton, CA 92833",Fullerton,92833,33.866398,-117.94815,1.0,1.0,805.0,APARTMENT,,,26.0,,,,,,2.981366459627329,"700-1,000",False,False,8-30 days,1 bed
3927.0,,"1851 W Glenoaks Ave APT C, Anaheim, CA 92801",Anaheim,92801,33.843323,-117.94799,3.0,2.0,1240.0,CONDO,3393.0,614800.0,100.0,,,,,,3.166935483870968,"1,000-1,500",False,False,90+ days,3 beds
6250.0,,"1391 Stein Strauss St, Fullerton, CA 92833",Fullerton,92833,33.886147,-117.96513,5.0,4.0,3229.0,SINGLE_FAMILY,5612.0,1921600.0,15.0,,,,,,1.935583772065655,"over 2,500",False,False,8-30 days,5+ beds
1995.0,,"Van's Place, 6042 Fullerton Ave APT H, Buena Park, CA 90621",Buena Park,90621,33.872707,-117.99918,1.0,1.0,600.0,APARTMENT,,,88.0,-105.0,,,,,3.325,under 700,False,True,61-90 days,1 bed
2400.0,,"3514 W Carrotwood Ct #168, Anaheim, CA 92804",Anaheim,92804,33.814304,-118.011314,1.0,1.0,798.0,CONDO,2364.0,441900.0,90.0,,,,,,3.007518796992481,"700-1,000",False,False,61-90 days,1 bed
2850.0,,"4302 Howard Ave APT 3, Los Alamitos, CA 90720",Los Alamitos,90720,33.8032,-118.07189,2.0,3.0,1050.0,MULTI_FAMILY,2895.0,874900.0,18.0,,,,,,2.7142857142857144,"1,000-1,500",False,False,8-30 days,2 beds
7000.0,2025-05-21,"(undisclosed Address), Anaheim, CA 92804",Anaheim,92804,,,4.0,3.0,,APARTMENT,,,18.0,,,,,,,,False,False,8-30 days,4 beds
2100.0,2025-04-22,"9th Street Apartments, 7662 9th St APT 8, Buena Park, CA 90621",Buena Park,90621,33.86483,-117.999504,2.0,1.0,950.0,APARTMENT,2141.0,,27.0,,,,,,2.210526315789474,"700-1,000",False,False,8-30 days,2 beds
2500.0,,"4191 Green Ave, 4191 Green Ave APT D, Los Alamitos, CA 90720",Los Alamitos,90720,33.80218,-118.05974,2.0,1.0,850.0,APARTMENT,2604.0,,63.0,,,,,,2.9411764705882355,"700-1,000",False,False,61-90 days,2 beds
2695.0,2025-04-22,"3761 Green Ave. ( Danny ), 3761 Green Ave APT B, Los Alamitos, CA 90720",Los Alamitos,90720,33.802208,-118.06726,2.0,2.0,1200.0,APARTMENT,2615.0,,29.0,,,,,,2.245833333333333,"1,000-1,500",False,False,8-30 days,2 beds
1950.0,,"Sierra, 6450 Lincoln Ave #205U, Buena Park, CA 90620",Buena Park,90620,33.831474,-118.02005,1.0,1.0,,APARTMENT,,,42.0,,,,,,,,False,False,31-60 days,1 bed
3700.0,,"301 S Fann St #1, Anaheim, CA 92804",Anaheim,92804,33.828674,-117.943504,4.0,2.0,1370.0,SINGLE_FAMILY,3898.0,,7.0,,,,,,2.7007299270072993,"1,000-1,500",False,False,0-7 days,4 beds
4200.0,,"2961 W Lincoln Ave UNIT 6, Anaheim, CA 92801",Anaheim,92801,33.832287,-117.99178,3.0,4.0,1991.0,TOWNHOUSE,4067.0,929800.0,42.0,,,,,,2.109492717227524,"1,500-2,500",False,False,31-60 days,3 beds
3800.0,,"7931 Carolyn Cir, La Palma, CA 90623",La Palma,90623,33.847164,-118.049545,3.0,2.0,1409.0,SINGLE_FAMILY,3866.0,909600.0,9.0,,,,,,2.69694819020582,"1,000-1,500",False,False,8-30 days,3 beds
4000.0,,"214 Martha Pl, Fullerton, CA 92833",Fullerton,92833,33.871326,-117.95399,3.0,2.0,1350.0,SINGLE_FAMILY,4374.0,947100.0,3.0,,,,,,2.962962962962963,"1,000-1,500",False,False,0-7 days,3 beds
4990.0,,"9894 Spruce Ct, Cypress, CA 90630",Cypress,90630,33.8182,-118.03619,4.0,3.0,1975.0,SINGLE_FAMILY,4954.0,1074600.0,31.0,,,,,,2.526582278481013,"1,500-2,500",False,False,31-60 days,4 beds
2750.0,,"1858 S Gail Ln #B, Anaheim, CA 92802",Anaheim,92802,33.801105,-117.93124,2.0,1.0,665.0,SINGLE_FAMILY,,703500.0,55.0,-100.0,,,,,4.135338345864661,under 700,False,True,31-60 days,2 beds
4400.0,,"1632 Canyon Dr, Fullerton, CA 92833",Fullerton,92833,33.89029,-117.96311,4.0,3.0,1927.0,SINGLE_FAMILY,4462.0,1339100.0,31.0,,,,,,2.283341982355994,"1,500-2,500",False,False,31-60 days,4 beds
4700.0,,"1525 W Malvern Ave, Fullerton, CA 92833",Fullerton,92833,33.875813,-117.94947,4.0,3.0,1487.0,SINGLE_FAMILY,4908.0,1008800.0,29.0,-250.0,,,,,3.160726294552791,"1,000-1,500",False,True,8-30 days,4 beds
3800.0,2025-05-15,"4565 Toledo Way, Buena Park, CA 90621",Buena Park,90621,33.89248,-117.99057,4.0,3.0,1460.0,TOWNHOUSE,3802.0,759100.0,20.0,,,,,,2.6027397260273974,"1,000-1,500",False,False,8-30 days,4 beds
3750.0,2025-05-02,"923 S Sherrill St, Anaheim, CA 92804",Anaheim,92804,33.818096,-117.98001,3.0,2.0,1145.0,SINGLE_FAMILY,3784.0,807900.0,20.0,,,,,,3.2751091703056767,"1,000-1,500",False,False,8-30 days,3 beds
4500.0,,"1728 Berkshire Dr, Fullerton, CA 92833",Fullerton,92833,33.90021,-117.954636,4.0,3.0,2079.0,SINGLE_FAMILY,4496.0,1265000.0,22.0,,,,,,2.1645021645021645,"1,500-2,500",False,False,8-30 days,4 beds
2650.0,2025-05-21,"4371 Green Ave., 4371 Green Ave APT D, Los Alamitos, CA 90720",Los Alamitos,90720,33.802174,-118.05641,2.0,2.0,888.0,APARTMENT,2476.0,,48.0,,,,,,2.984234234234234,"700-1,000",False,False,31-60 days,2 beds
5600.0,,"2548 Crown Way, Fullerton, CA 92833",Fullerton,92833,33.89403,-117.9689,4.0,3.0,2653.0,SINGLE_FAMILY,5589.0,,50.0,,,,,,2.1108179419525066,"over 2,500",False,False,31-60 days,4 beds
3600.0,,"8238 Henderson Grn, Buena Park, CA 90621",Buena Park,90621,33.88671,-117.99094,3.0,3.0,1276.0,TOWNHOUSE,3322.0,705000.0,17.0,,,,,,2.8213166144200628,"1,000-1,500",False,False,8-30 days,3 beds
1950.0,,"3300 West Orange Avenue, 3300 W Orange Ave APT 1, Anaheim, CA 92804",Anaheim,92804,33.8242,-118.00538,1.0,1.0,520.0,APARTMENT,,,77.0,-50.0,,,,,3.75,under 700,False,True,61-90 days,1 bed
2500.0,2025-04-21,"4251-4259 Farquhar Ave., 4251-4259 Farquhar Ave #4253, Los Alamitos, CA 90720",Los Alamitos,90720,33.799767,-118.05848,2.0,2.0,986.0,APARTMENT,2733.0,,78.0,-150.0,,,,,2.535496957403651,"700-1,000",False,True,61-90 days,2 beds
4200.0,,"149 Edward Ave, Fullerton, CA 92833",Fullerton,92833,33.8686,-117.98052,4.0,2.0,1351.0,SINGLE_FAMILY,4297.0,1293300.0,71.0,-200.0,,,,,3.1088082901554404,"1,000-1,500",False,True,61-90 days,4 beds
2850.0,,"2735 W Yale Ave #A, Anaheim, CA 92801",Anaheim,92801,33.83446,-117.98195,2.0,2.0,1000.0,MULTI_FAMILY,,882400.0,32.0,,,,,,2.85,"700-1,000",False,False,31-60 days,2 beds
2500.0,,"301 W Mountain View Ave #106, La Habra, CA 90631",La Habra,90631,33.92616,-117.94852,2.0,2.0,903.0,CONDO,2613.0,530900.0,19.0,,,,,,2.768549280177187,"700-1,000",False,False,8-30 days,2 beds
3250.0,2025-05-10,"8771 Moody St #B, Cypress, CA 90630",Cypress,90630,33.834835,-118.045815,3.0,2.0,1290.0,APARTMENT,,794000.0,17.0,,,,,,2.5193798449612403,"1,000-1,500",False,False,8-30 days,3 beds
139000.0,,"11250 Beach Blvd SPACE 46, Stanton, CA 90680",Stanton,90680,33.799374,-117.990395,2.0,2.0,,MANUFACTURED,2539.0,136900.0,524.0,,,,,,,,False,False,90+ days,2 beds
149900.0,,"7271 Katella Ave SPACE 83, Stanton, CA 90680",Stanton,90680,33.80327,-118.00674,2.0,2.0,,MANUFACTURED,3067.0,181100.0,524.0,,,,,,,,False,False,90+ days,2 beds
4600.0,,"10191 Julie Beth St, Cypress, CA 90630",Cypress,90630,33.814163,-118.05061,5.0,3.0,1659.0,SINGLE_FAMILY,4512.0,1092400.0,143.0,,,,,,2.772754671488849,"1,500-2,500",False,False,90+ days,5+ beds
2445.0,2025-04-26,"Ball Rd, 1813 W Ball Rd APT 5, Anaheim, CA 92804",Anaheim,92804,33.81821,-117.94636,2.0,1.0,900.0,APARTMENT,2439.0,,196.0,-100.0,,,,,2.716666666666667,"700-1,000",False,True,90+ days,2 beds
3800.0,,"2028 W Folsom St, Anaheim, CA 92804",Anaheim,92804,33.806183,-117.953415,3.0,2.0,1126.0,SINGLE_FAMILY,3776.0,582400.0,31.0,100.0,,,,,3.374777975133215,"1,000-1,500",False,False,31-60 days,3 beds
2200.0,,"308 S Olin St #A, Fullerton, CA 92833",Fullerton,92833,33.86615,-117.97836,2.0,2.0,765.0,TOWNHOUSE,,578200.0,26.0,,,,,,2.8758169934640523,"700-1,000",False,False,8-30 days,2 beds
2595.0,,"1812 W Sumac Ln APT 7A, Anaheim, CA 92804",Anaheim,92804,33.80426,-117.94655,3.0,1.0,900.0,CONDO,2694.0,,56.0,,,,,,2.8833333333333333,"700-1,000",False,False,31-60 days,3 beds
3400.0,,"8598 Belmont St, Cypress, CA 90630",Cypress,90630,33.8374,-118.04865,3.0,3.0,1300.0,TOWNHOUSE,3388.0,764000.0,49.0,,,,,,2.6153846153846154,"1,000-1,500",False,False,31-60 days,3 beds
3800.0,,"6631 Naomi Ave, Buena Park, CA 90620",Buena Park,90620,33.85334,-118.0178,4.0,2.0,1319.0,SINGLE_FAMILY,3787.0,882000.0,46.0,100.0,,,,,2.8809704321455647,"1,000-1,500",False,False,31-60 days,4 beds
1995.0,,"2313 West Valencia Dr, 2313 W Valencia Dr #17, Fullerton, CA 92833",Fullerton,92833,33.867058,-117.96865,1.0,1.0,600.0,APARTMENT,1932.0,,114.0,-100.0,,,,,3.325,under 700,False,True,90+ days,1 bed
2400.0,2025-04-30,"Blue Crescent Apartments, 6460 Crescent Ave APT 8, Buena Park, CA 90620",Buena Park,90620,33.838627,-118.02051,2.0,2.0,970.0,APARTMENT,2139.0,,14.0,,,,,,2.4742268041237114,"700-1,000",False,False,8-30 days,2 beds
1795.0,,"8061 8th St APT 9, Buena Park, CA 90621",Buena Park,90621,33.8675,-117.99264,1.0,1.0,750.0,APARTMENT,1898.0,,56.0,-55.0,,,,,2.3933333333333335,"700-1,000",False,True,31-60 days,1 bed
2900.0,,"5582 Newman St, Cypress, CA 90630",Cypress,90630,33.82763,-118.03553,3.0,1.0,1248.0,SINGLE_FAMILY,3017.0,,117.0,-200.0,,,,,2.323717948717949,"1,000-1,500",False,True,90+ days,3 beds
1720.0,2025-04-30,"1822 W Sumac Ln APT 6, Anaheim, CA 92804",Anaheim,92804,33.804325,-117.946915,1.0,1.0,650.0,APARTMENT,1883.0,,37.0,,,,,,2.646153846153846,under 700,False,False,31-60 days,1 bed
2195.0,2025-04-21,"Webster Apartments, 905 S Webster Ave #6, Anaheim, CA 92804",Anaheim,92804,33.819702,-117.97129,1.0,1.0,675.0,APARTMENT,,,197.0,-55.0,,,,,3.251851851851852,under 700,False,True,90+ days,1 bed
1810.0,,"Sorrento Terrace, 3300 W Lincoln Ave, Anaheim, CA 92801",Anaheim,92801,33.831474,-118.006035,1.0,1.0,709.0,APARTMENT,2002.0,,250.0,20.0,,,,,2.552891396332863,"700-1,000",False,False,90+ days,1 bed
3695.0,,"1606 Westcliff, 1606 Westcliff Dr, Newport Beach, CA 92660",Newport Beach,92660,33.626354,-117.90514,2.0,2.0,,APARTMENT,3550.0,,329.0,,,,,,,,True,False,90+ days,2 beds
3100.0,2025-04-23,"Monticello West Apartments, 20342 Santa Ana Ave, Newport Beach, CA 92660",Newport Beach,92660,33.662197,-117.885635,2.0,2.0,950.0,APARTMENT,,,57.0,-50.0,,,,,3.263157894736842,"700-1,000",True,True,31-60 days,2 beds
2069.0,,"Orange County - John Wayne Airport, 4881 Birch St, Newport Beach, CA 92660",Newport Beach,92660,33.668667,-117.86108,0.0,1.0,300.0,APARTMENT,,,13.0,,,,,,6.8966666666666665,under 700,True,False,8-30 days,Studio
3950.0,,"Orange Bay, 187 E 18th St APT 213, Costa Mesa, CA 92627",Costa Mesa,92627,33.638252,-117.91633,3.0,3.0,1350.0,APARTMENT,4311.0,,47.0,,,,,,2.925925925925926,"1,000-1,500",False,False,31-60 days,3 beds
2375.0,,"Coast Apts, 177 E 22nd St, Costa Mesa, CA 92627",Costa Mesa,92627,33.64944,-117.90615,1.0,1.0,740.0,APARTMENT,,,189.0,50.0,,,,,3.2094594594594597,"700-1,000",False,False,90+ days,1 bed
2500.0,,"Casa De Oro, 383 W Wilson St, Costa Mesa, CA 92627",Costa Mesa,92627,33.655754,-117.91545,2.0,1.0,,APARTMENT,,,40.0,,,,,,,,False,False,31-60 days,2 beds
3095.0,2025-05-13,"Dover Heights, 1728 Bedford Ln #1616-F, Newport Beach, CA 92660",Newport Beach,92660,33.62755,-117.90512,1.0,1.0,688.0,APARTMENT,2797.0,,4.0,,,,,,4.498546511627907,under 700,True,False,0-7 days,1 bed
2975.0,,"The Villas of Laguna Beach, 212 N Coast Hwy #5, Laguna Beach, CA 92651",Laguna Beach,92651,33.54333,-117.7865,1.0,1.0,450.0,APARTMENT,2869.0,,85.0,-320.0,,,,,6.611111111111111,under 700,True,True,61-90 days,1 bed
2175.0,,"The Arbors, 140 W Wilson St, Costa Mesa, CA 92627",Costa Mesa,92627,33.65687,-117.90584,1.0,1.0,840.0,APARTMENT,,,29.0,,,,,,2.5892857142857144,"700-1,000",False,False,8-30 days,1 bed
5900.0,2025-06-24,"2437 Duke Pl, Costa Mesa, CA 92626",Costa Mesa,92626,33.66268,-117.911804,3.0,2.0,1924.0,SINGLE_FAMILY,5047.0,1422400.0,0.0,,,,,,3.0665280665280665,"1,500-2,500",False,False,0-7 days,3 beds
4500.0,2025-06-01,"227 E 20th St, Costa Mesa, CA 92627",Costa Mesa,92627,33.64237,-117.90963,2.0,2.0,920.0,SINGLE_FAMILY,4747.0,1659400.0,0.0,,,,,,4.891304347826087,"700-1,000",False,False,0-7 days,2 beds
3800.0,2025-05-16,"2400 Elden Ave APT 31, Costa Mesa, CA 92627",Costa Mesa,92627,33.65643,-117.90039,2.0,1.0,918.0,APARTMENT,3306.0,874900.0,4.0,,,,,,4.139433551198257,"700-1,000",False,False,0-7 days,2 beds
4199.0,2025-05-17,"2233 Fairview Rd APT S, Costa Mesa, CA 92627",Costa Mesa,92627,33.655697,-117.90828,3.0,3.0,1126.0,TOWNHOUSE,2630.0,817900.0,1.0,,,,,,3.7291296625222023,"1,000-1,500",False,False,0-7 days,3 beds
5500.0,2025-05-19,"19431 Sierra Luna Rd, Irvine, CA 92603",Irvine,92603,33.63273,-117.81756,4.0,2.0,1798.0,SINGLE_FAMILY,6589.0,2242100.0,1.0,,,,,,3.0589543937708563,"1,500-2,500",False,False,0-7 days,4 beds
2800.0,2025-06-01,"45 Cinnamon Teal, Aliso Viejo, CA 92656",Aliso Viejo,92656,33.60089,-117.74446,2.0,2.0,975.0,APARTMENT,3012.0,608200.0,14.0,,,,,,2.871794871794872,"700-1,000",False,False,8-30 days,2 beds
4800.0,2025-06-22,"721 1/2 Jasmine Ave, Corona Del Mar, CA 92625",Corona Del Mar,92625,33.600327,-117.86969,2.0,2.0,1000.0,APARTMENT,4669.0,,2.0,,,,,,4.8,"700-1,000",True,False,0-7 days,2 beds
20000.0,2025-05-01,"219 Grand Canal, Newport Beach, CA 92662",Newport Beach,92662,33.60656,-117.88928,4.0,5.0,2800.0,SINGLE_FAMILY,15919.0,4165500.0,19.0,-2000.0,,,,,7.142857142857143,"over 2,500",True,True,8-30 days,4 beds
3600.0,2025-05-09,"20 Wildwheat UNIT A, Irvine, CA 92614",Irvine,92614,33.668724,-117.8173,2.0,2.0,970.0,APARTMENT,,,11.0,,,,,,3.711340206185567,"700-1,000",False,False,8-30 days,2 beds
45000.0,2025-06-01,"346 Via Lido Soud, Newport Beach, CA 92663",Newport Beach,92663,33.612858,-117.921486,6.0,6.0,6483.0,SINGLE_FAMILY,29175.0,9182900.0,12.0,,,,,,6.941230911614993,"over 2,500",True,False,8-30 days,5+ beds
9800.0,2025-06-15,"19041 Antioch Dr, Irvine, CA 92603",Irvine,92603,33.642403,-117.821396,4.0,4.0,2560.0,SINGLE_FAMILY,7230.0,3483100.0,4.0,,,,,,3.828125,"over 2,500",False,False,0-7 days,4 beds
6450.0,2025-05-01,"(undisclosed Address), Laguna Beach, CA 92651",Laguna Beach,92651,,,2.0,2.0,1000.0,APARTMENT,,,26.0,,,,,,6.45,"700-1,000",True,False,8-30 days,2 beds
3700.0,,"220 Grandview St #A, Laguna Beach, CA 92651",Laguna Beach,92651,33.547127,-117.79514,1.0,1.0,,APARTMENT,3868.0,,35.0,,,,,,,,True,False,31-60 days,1 bed
25000.0,,"36 Via Rubino, Newport Coast, CA 92657",Newport Coast,92657,33.59952,-117.82003,4.0,5.0,4309.0,SINGLE_FAMILY,20547.0,7482600.0,14.0,,,,,,5.801810164771409,"over 2,500",True,False,8-30 days,4 beds
5490.0,2025-06-01,"1108 W Balboa Blvd APT C, Newport Beach, CA 92661",Newport Beach,92661,33.6061,-117.915016,3.0,2.0,,APARTMENT,5793.0,,20.0,,,,,,,,True,False,8-30 days,3 beds
8500.0,2025-07-01,"2989 Alpine Way, Laguna Beach, CA 92651",Laguna Beach,92651,33.549435,-117.75388,4.0,3.0,2791.0,SINGLE_FAMILY,8162.0,3304300.0,7.0,,,,,,3.045503403797922,"over 2,500",True,False,0-7 days,4 beds
3700.0,,"222 Grandview St, Laguna Beach, CA 92651",Laguna Beach,92651,33.547264,-117.794815,1.0,1.0,,APARTMENT,3533.0,,35.0,,,,,,,,True,False,31-60 days,1 bed
3500.0,2025-06-01,"55 Flowerbud, Irvine, CA 92603",Irvine,92603,33.64992,-117.77867,2.0,3.0,1155.0,APARTMENT,3585.0,941400.0,9.0,-100.0,,,,,3.0303030303030303,"1,000-1,500",False,True,8-30 days,2 beds
3350.0,2025-05-12,"1960 Anaheim Ave #A, Costa Mesa, CA 92627",Costa Mesa,92627,33.645702,-117.92304,2.0,1.0,950.0,APARTMENT,3010.0,,43.0,-140.0,,,,,3.526315789473684,"700-1,000",False,True,31-60 days,2 beds
7800.0,2025-06-15,"2370 College Dr, Costa Mesa, CA 92626",Costa Mesa,92626,33.66046,-117.91555,4.0,3.0,1972.0,SINGLE_FAMILY,6265.0,1601300.0,14.0,-1000.0,,,,,3.9553752535496955,"1,500-2,500",False,True,8-30 days,4 beds
3700.0,2025-05-01,"(undisclosed Address), Laguna Beach, CA 92651",Laguna Beach,92651,,,1.0,1.0,650.0,APARTMENT,3426.0,,19.0,,,,,,5.6923076923076925,under 700,True,False,8-30 days,1 bed
2850.0,2025-04-28,"531 W Wilson St APT A101, Costa Mesa, CA 92627",Costa Mesa,92627,33.655663,-117.92066,2.0,2.0,900.0,APARTMENT,,,22.0,,,,,,3.1666666666666665,"700-1,000",False,False,8-30 days,2 beds
27900.0,,"2901 Ocean Blvd, Corona Del Mar, CA 92625",Corona Del Mar,92625,33.594917,-117.877045,4.0,7.0,3761.0,SINGLE_FAMILY,22601.0,7337500.0,33.0,,,,,,7.418239829832491,"over 2,500",True,False,31-60 days,4 beds
12900.0,2025-07-15,"2053 Port Provence Pl, Newport Beach, CA 92660",Newport Beach,92660,33.62345,-117.85078,5.0,3.0,2763.0,SINGLE_FAMILY,11876.0,3931500.0,9.0,,,,,,4.668838219326819,"over 2,500",True,False,8-30 days,5+ beds
2800.0,2025-07-01,"312 1/2 Marine Ave, Newport Beach, CA 92662",Newport Beach,92662,33.607285,-117.889626,1.0,1.0,500.0,APARTMENT,3074.0,,15.0,,,,,,5.6,under 700,True,False,8-30 days,1 bed
4350.0,2025-06-01,"2350 Santa Ana Avenue - F, 2350 Santa Ana Ave, Costa Mesa, CA 92627",Costa Mesa,92627,33.65097,-117.89681,3.0,2.0,912.0,APARTMENT,,,6.0,,,,,,4.769736842105263,"700-1,000",False,False,0-7 days,3 beds
5200.0,2025-06-08,"136 Westport, Newport Beach, CA 92660",Newport Beach,92660,33.63746,-117.8686,3.0,3.0,1741.0,APARTMENT,6084.0,,40.0,-500.0,,,,,2.9867892016082713,"1,500-2,500",True,True,31-60 days,3 beds
3650.0,2025-05-05,"252 Chiquita St #B, Laguna Beach, CA 92651",Laguna Beach,92651,33.549046,-117.799164,2.0,1.0,850.0,APARTMENT,4133.0,,20.0,-150.0,,,,,4.294117647058823,"700-1,000",True,True,8-30 days,2 beds
2370.0,2025-04-23,"39 Exeter, Irvine, CA 92612",Irvine,92612,33.650623,-117.82883,1.0,1.0,768.0,APARTMENT,2166.0,,22.0,-130.0,,,,,3.0859375,"700-1,000",False,True,8-30 days,1 bed
32000.0,2025-05-01,"101 Pinnacle Trl, Irvine, CA 92618",Irvine,92618,33.631645,-117.75357,7.0,8.0,6109.0,SINGLE_FAMILY,8895.0,8885100.0,19.0,,,,,,5.238173187100998,"over 2,500",False,False,8-30 days,5+ beds
3600.0,2025-05-07,"225-5 Marguerite Ave, Corona Del Mar, CA 92625",Corona Del Mar,92625,33.59855,-117.86865,1.0,1.0,650.0,APARTMENT,3353.0,,13.0,,,,,,5.538461538461538,under 700,True,False,8-30 days,1 bed
4700.0,2025-06-01,"2 Canyon Island Dr #2, Newport Beach, CA 92660",Newport Beach,92660,33.628235,-117.86765,2.0,2.0,1197.0,APARTMENT,4638.0,1132000.0,19.0,,,,,,3.926482873851295,"1,000-1,500",True,False,8-30 days,2 beds
4950.0,2025-06-01,"42 Almond Tree Ln, Irvine, CA 92612",Irvine,92612,33.66471,-117.80921,3.0,2.0,1714.0,SINGLE_FAMILY,5540.0,1555800.0,17.0,-1000.0,,,,,2.8879813302217037,"1,500-2,500",False,True,8-30 days,3 beds
20500.0,2025-05-15,"207 Via Jucar, Newport Beach, CA 92663",Newport Beach,92663,33.613068,-117.91881,4.0,5.0,3710.0,SINGLE_FAMILY,19170.0,6301700.0,39.0,,,,,,5.525606469002695,"over 2,500",True,False,31-60 days,4 beds
9995.0,2025-06-18,"823 Cliff Dr #823, Laguna Beach, CA 92651",Laguna Beach,92651,33.54604,-117.79646,2.0,2.0,1000.0,APARTMENT,,,56.0,,,,,,9.995,"700-1,000",True,False,31-60 days,2 beds
5950.0,,"18 Norton St, Irvine, CA 92612",Irvine,92612,33.66389,-117.824234,4.0,3.0,1959.0,SINGLE_FAMILY,5475.0,1705200.0,33.0,,,,,,3.037263910158244,"1,500-2,500",False,False,31-60 days,4 beds
30000.0,,"1508 E Balboa Blvd, Newport Beach, CA 92661",Newport Beach,92661,33.599236,-117.89013,4.0,6.0,3166.0,SINGLE_FAMILY,18030.0,5625300.0,55.0,,,,,,9.475679090334808,"over 2,500",True,False,31-60 days,4 beds
2950.0,2025-05-10,"Bay St, 372 W Bay St APT C201, Costa Mesa, CA 92627",Costa Mesa,92627,33.649456,-117.914955,2.0,2.0,950.0,APARTMENT,,,3.0,,,,,,3.1052631578947367,"700-1,000",False,False,0-7 days,2 beds
7950.0,2025-07-29,"444 Seaward Rd, Corona Del Mar, CA 92625",Corona Del Mar,92625,33.59251,-117.86331,2.0,2.0,820.0,TOWNHOUSE,4831.0,,63.0,,,,,,9.695121951219512,"700-1,000",True,False,61-90 days,2 beds
4500.0,2025-05-03,"1741 Tustin Ave APT 13B, Costa Mesa, CA 92627",Costa Mesa,92627,33.632416,-117.911865,3.0,2.0,1334.0,TOWNHOUSE,,,25.0,150.0,,,,,3.373313343328336,"1,000-1,500",False,False,8-30 days,3 beds
26000.0,2025-06-08,"410 Blumont St, Laguna Beach, CA 92651",Laguna Beach,92651,33.5441,-117.77894,5.0,5.0,7000.0,SINGLE_FAMILY,23842.0,8198900.0,55.0,-2000.0,,,,,3.7142857142857144,"over 2,500",True,True,31-60 days,5+ beds
4650.0,,"703 Cliff Dr, Laguna Beach, CA 92651",Laguna Beach,92651,33.54582,-117.795006,1.0,1.0,900.0,APARTMENT,3679.0,,49.0,-100.0,,,,,5.166666666666667,"700-1,000",True,True,31-60 days,1 bed
6750.0,,"103 High Dr, Laguna Beach, CA 92651",Laguna Beach,92651,33.545914,-117.78338,2.0,2.0,,SINGLE_FAMILY,6355.0,2429400.0,21.0,,,,,,,,True,False,8-30 days,2 beds
12000.0,2025-06-01,"411 1/2 Heliotrope Ave, Corona Del Mar, CA 92625",Corona Del Mar,92625,33.598503,-117.874214,3.0,4.0,1847.0,SINGLE_FAMILY,11999.0,3800900.0,3.0,,,,,,6.497022198159177,"1,500-2,500",True,False,0-7 days,3 beds
9000.0,2025-08-18,"24 Silhouette, Irvine, CA 92603",Irvine,92603,33.641014,-117.76908,4.0,4.0,3686.0,SINGLE_FAMILY,6784.0,3951900.0,27.0,,,,,,2.441671188279978,"over 2,500",False,False,8-30 days,4 beds
2800.0,2025-05-21,"363.5 Myrtle St, Laguna Beach, CA 92651",Laguna Beach,92651,33.54593,-117.79193,0.0,1.0,400.0,SINGLE_FAMILY,2815.0,1145500.0,20.0,-100.0,,,,,7.0,under 700,True,True,8-30 days,Studio
4585.0,2025-04-21,"448 Seaward Rd, Corona Del Mar, CA 92625",Corona Del Mar,92625,33.592537,-117.86321,2.0,1.0,800.0,TOWNHOUSE,4366.0,1674900.0,68.0,-65.0,,,,,5.73125,"700-1,000",True,True,61-90 days,2 beds
4200.0,,"514 Marigold Ave #1/2, Corona Del Mar, CA 92625",Corona Del Mar,92625,33.597176,-117.86833,2.0,1.0,,APARTMENT,,,93.0,-300.0,,,,,,,True,True,90+ days,2 beds
3100.0,2025-05-30,"125 Melody Ln APT A, Costa Mesa, CA 92627",Costa Mesa,92627,33.645912,-117.91233,2.0,2.0,1100.0,TOWNHOUSE,,1018900.0,17.0,,,,,,2.8181818181818183,"1,000-1,500",False,False,8-30 days,2 beds
14500.0,2025-05-12,"1401 Coral Dr, Laguna Beach, CA 92651",Laguna Beach,92651,33.547386,-117.77253,2.0,2.0,2320.0,SINGLE_FAMILY,6298.0,3253600.0,36.0,-400.0,,,,,6.25,"1,500-2,500",True,True,31-60 days,2 beds
3700.0,2025-07-01,"60 Lehigh Aisle #90, Irvine, CA 92612",Irvine,92612,33.6545,-117.83773,2.0,2.0,1017.0,TOWNHOUSE,3652.0,882900.0,66.0,-200.0,,,,,3.6381514257620453,"1,000-1,500",False,True,61-90 days,2 beds
4695.0,2025-06-01,"5 Whitewood Way, Irvine, CA 92612",Irvine,92612,33.660767,-117.821396,4.0,2.0,1818.0,SINGLE_FAMILY,5114.0,1543600.0,10.0,,,,,,2.5825082508250827,"1,500-2,500",False,False,8-30 days,4 beds
3295.0,2025-05-24,"851 Domingo Dr APT 27, Newport Beach, CA 92660",Newport Beach,92660,33.63065,-117.87637,2.0,2.0,980.0,APARTMENT,3772.0,,6.0,,,,,,3.3622448979591835,"700-1,000",True,False,0-7 days,2 beds
1975.0,,"La Fayette Apartments, 11201 Euclid St, Garden Grove, CA 92840",Garden Grove,92840,33.80006,-117.94178,1.0,1.0,720.0,APARTMENT,,,300.0,-475.0,,,,,2.7430555555555554,"700-1,000",False,True,90+ days,1 bed
1580.0,,"Park Wilshire, 200 N Wilshire Ave, Anaheim, CA 92801",Anaheim,92801,33.833813,-117.93251,1.0,1.0,750.0,APARTMENT,2156.0,,250.0,-10.0,,,,,2.1066666666666665,"700-1,000",False,True,90+ days,1 bed
1695.0,,"Pampas Lane, 1631 W Pampas Ln #45, Anaheim, CA 92802",Anaheim,92802,33.83125,-117.93874,0.0,1.0,350.0,APARTMENT,,,49.0,,,,,,4.8428571428571425,under 700,False,False,31-60 days,Studio
2300.0,2025-06-30,"La Casitas Apartments, 10891-10901 S Magnolia Ave #N07, Anaheim, CA 92804",Anaheim,92804,33.80699,-117.97578,2.0,2.0,980.0,APARTMENT,,,1.0,,,,,,2.3469387755102042,"700-1,000",False,False,0-7 days,2 beds
2545.0,,"Quiet Cove, 11121 Dino Cir, Garden Grove, CA 92840",Garden Grove,92840,33.80093,-117.94504,2.0,2.0,1087.0,APARTMENT,2323.0,,60.0,-50.0,,,,,2.34130634774609,"1,000-1,500",False,True,31-60 days,2 beds
2475.0,,"Executive Park Apartments, 7601 Franklin St, Buena Park, CA 90621",Buena Park,90621,33.876965,-118.0004,2.0,1.0,800.0,APARTMENT,,,26.0,175.0,,,,,3.09375,"700-1,000",False,False,8-30 days,2 beds
1890.0,,"Chateau Loire, 2535 W Lincoln Ave, Anaheim, CA 92801",Anaheim,92801,33.83282,-117.97362,2.0,1.0,984.0,APARTMENT,2487.0,,250.0,,,,,,1.920731707317073,"700-1,000",False,False,90+ days,2 beds
1950.0,,"El Cortez Apartments, 2230 W Orange Ave, Anaheim, CA 92804",Anaheim,92804,33.82435,-117.96074,1.0,1.0,700.0,APARTMENT,2237.0,,239.0,-45.0,,,,,2.7857142857142856,under 700,False,True,90+ days,1 bed
2600.0,2025-07-19,"Charleston Square Gardens, 1660 W Palm Ln APT 18, Anaheim, CA 92802",Anaheim,92802,33.815163,-117.9398,2.0,1.0,980.0,APARTMENT,2598.0,,93.0,,,,,,2.6530612244897958,"700-1,000",False,False,90+ days,2 beds
2450.0,,"Cedar Grove Apartments, 8112 9th St, Buena Park, CA 90621",Buena Park,90621,33.864952,-117.991615,2.0,2.0,955.0,APARTMENT,2583.0,,251.0,50.0,,,,,2.5654450261780104,"700-1,000",False,False,90+ days,2 beds
3650.0,,"Carhart Gardens, 717 Carhart Ave APT E4, Fullerton, CA 92833",Fullerton,92833,33.8765,-117.95034,3.0,2.0,1100.0,APARTMENT,,,91.0,-50.0,,,,,3.3181818181818183,"1,000-1,500",False,True,90+ days,3 beds
1850.0,,"Stonehedge, 2515 W Lincoln Ave, Anaheim, CA 92801",Anaheim,92801,33.832874,-117.97254,1.0,1.0,750.0,APARTMENT,2170.0,,250.0,,,,,,2.466666666666667,"700-1,000",False,False,90+ days,1 bed
2025.0,,"Oak Tree Apartments, 8081 7th St, Buena Park, CA 90621",Buena Park,90621,33.868893,-117.99201,1.0,1.0,895.0,APARTMENT,,,215.0,-30.0,,,,,2.2625698324022347,"700-1,000",False,True,90+ days,1 bed
2095.0,2025-05-15,"7720 Crescent Ave, 7720 Crescent Ave #10, Buena Park, CA 90620",Buena Park,90620,33.838963,-117.99856,1.0,1.0,825.0,APARTMENT,,,4.0,,,,,,2.5393939393939395,"700-1,000",False,False,0-7 days,1 bed
2200.0,,"1421 S Knott Ave Apartments, 1421 S Knott Ave, Anaheim, CA 92804",Anaheim,92804,33.811436,-118.01157,2.0,1.0,,APARTMENT,,,228.0,,,,,,,,False,False,90+ days,2 beds
2150.0,2025-06-14,"Morroco Apartments, 2728 W Yale Ave #28, Anaheim, CA 92801",Anaheim,92801,33.833878,-117.98182,2.0,1.0,900.0,APARTMENT,,,7.0,,,,,,2.388888888888889,"700-1,000",False,False,0-7 days,2 beds
2700.0,,"Magnolia Garden Apartments, 1344 S Magnolia Ave, Anaheim, CA 92804",Anaheim,92804,33.813408,-117.97468,2.0,1.0,970.0,APARTMENT,,,300.0,225.0,,,,,2.783505154639175,"700-1,000",False,False,90+ days,2 beds
2550.0,,"Knott Village, 1412 S Knott Ave, Anaheim, CA 92804",Anaheim,92804,33.811604,-118.01042,2.0,2.0,,APARTMENT,2345.0,,340.0,150.0,,,,,,,False,False,90+ days,2 beds
2495.0,,"3424-3428 W Orange Ave, 3428 W Orange Ave #3424-105, Anaheim, CA 92804",Anaheim,92804,33.824432,-118.00938,2.0,2.0,1000.0,APARTMENT,,,92.0,,,,,,2.495,"700-1,000",False,False,90+ days,2 beds
1750.0,,"The Balboa, 2660 W Ball Rd, Anaheim, CA 92804",Anaheim,92804,33.816578,-117.97889,1.0,1.0,735.0,APARTMENT,,,630.0,,,,,,2.380952380952381,"700-1,000",False,False,90+ days,1 bed
1920.0,,"Villa Del Rey, 2477 W Lincoln Ave, Anaheim, CA 92801",Anaheim,92801,33.8329,-117.97115,2.0,1.0,1025.0,APARTMENT,2484.0,,250.0,60.0,,,,,1.8731707317073172,"1,000-1,500",False,False,90+ days,2 beds
2045.0,,"La Palma Woods Apartments, 2520 W La Palma Ave APT 214, Anaheim, CA 92801",Anaheim,92801,33.84628,-117.9729,1.0,1.0,700.0,APARTMENT,1896.0,,112.0,,,,,,2.9214285714285713,under 700,False,False,90+ days,1 bed
1800.0,,"The Palms Apartments, 1724 W Ball Rd #10, Anaheim, CA 92804",Anaheim,92804,33.81751,-117.94293,1.0,1.0,750.0,APARTMENT,,,82.0,-50.0,,,,,2.4,"700-1,000",False,True,61-90 days,1 bed
2600.0,2025-04-28,"Villa Palms Apartments, 1676 W Ball Rd APT D, Anaheim, CA 92802",Anaheim,92802,33.81776,-117.93999,2.0,2.0,1008.0,APARTMENT,,,70.0,,,,,,2.5793650793650795,"1,000-1,500",False,False,61-90 days,2 beds
2495.0,,"Normandy Park Apartments, 920 S Nutwood St, Anaheim, CA 92804",Anaheim,92804,33.819157,-117.94898,2.0,1.0,860.0,APARTMENT,,,50.0,,,,,,2.9011627906976742,"700-1,000",False,False,31-60 days,2 beds
3295.0,2025-05-25,"Shorecrest4112-4116, 4112-4116 Shorecrest Ln #4112, Corona Del Mar, CA 92625",Corona Del Mar,92625,33.59233,-117.86328,2.0,2.0,900.0,APARTMENT,4247.0,,11.0,,,,,,3.661111111111111,"700-1,000",True,False,8-30 days,2 beds
3495.0,2025-05-29,"9 Corsica Dr, Newport Beach, CA 92660",Newport Beach,92660,33.64055,-117.864204,2.0,1.0,920.0,APARTMENT,3804.0,839900.0,16.0,,,,,,3.7989130434782608,"700-1,000",True,False,8-30 days,2 beds
5500.0,2025-06-27,"120 Garnet Ave, Newport Beach, CA 92662",Newport Beach,92662,33.607094,-117.89855,2.0,2.0,850.0,SINGLE_FAMILY,5125.0,2165200.0,36.0,,,,,,6.470588235294118,"700-1,000",True,False,31-60 days,2 beds
6500.0,2025-04-22,"300 Apolena Ave UNIT 1/2, Newport Beach, CA 92662",Newport Beach,92662,33.607082,-117.89176,4.0,2.0,1500.0,APARTMENT,,,28.0,-500.0,,,,,4.333333333333333,"1,000-1,500",True,True,8-30 days,4 beds
11045.0,2025-05-27,"5 Nerval, Newport Coast, CA 92657",Newport Coast,92657,33.624207,-117.84184,4.0,3.0,3467.0,SINGLE_FAMILY,14209.0,4962400.0,18.0,,,,,,3.1857513700605713,"over 2,500",True,False,8-30 days,4 beds
8000.0,2025-06-01,"706 Bay Front S, Newport Beach, CA 92662",Newport Beach,92662,33.604523,-117.89444,2.0,1.0,856.0,SINGLE_FAMILY,4710.0,2955100.0,28.0,-4000.0,,,,,9.345794392523365,"700-1,000",True,True,8-30 days,2 beds
5300.0,2025-09-01,"36 Woodswallow Ln, Aliso Viejo, CA 92656",Aliso Viejo,92656,33.59427,-117.747314,4.0,3.0,1546.0,SINGLE_FAMILY,4907.0,1250800.0,18.0,-100.0,,,,,3.428201811125485,"1,500-2,500",False,True,8-30 days,4 beds
4042.0,,"93 Greenmoor, Irvine, CA 92614",Irvine,92614,33.665257,-117.79987,2.0,2.0,1171.0,SINGLE_FAMILY,3683.0,894400.0,31.0,,,,,,3.451750640478224,"1,000-1,500",False,False,31-60 days,2 beds
16000.0,2025-05-01,"119 Opal Ave, Newport Beach, CA 92662",Newport Beach,92662,33.60583,-117.89748,3.0,3.0,2354.0,SINGLE_FAMILY,8046.0,3134100.0,41.0,-2000.0,,,,,6.796941376380628,"1,500-2,500",True,True,31-60 days,3 beds
10995.0,2025-06-01,"1980 San Remo Dr, Laguna Beach, CA 92651",Laguna Beach,92651,33.54525,-117.76545,4.0,3.0,2486.0,SINGLE_FAMILY,8100.0,3862800.0,22.0,-255.0,,,,,4.422767497988737,"1,500-2,500",True,True,8-30 days,4 beds
2950.0,,"20121 Kline Dr, Newport Beach, CA 92660",Newport Beach,92660,33.663105,-117.880806,0.0,1.0,350.0,APARTMENT,2633.0,2312900.0,53.0,,,,,,8.428571428571429,under 700,True,False,31-60 days,Studio
2795.0,2025-05-10,"Avocado, 221-33 Avocado St #231-D, Costa Mesa, CA 92627",Costa Mesa,92627,33.654392,-117.91431,2.0,1.0,800.0,APARTMENT,,,34.0,200.0,,,,,3.49375,"700-1,000",False,False,31-60 days,2 beds
3200.0,2025-06-01,"217 1/2 Sapphire Ave, Newport Beach, CA 92662",Newport Beach,92662,33.605186,-117.89342,1.0,1.0,528.0,APARTMENT,3214.0,,36.0,,,,,,6.0606060606060606,under 700,True,False,31-60 days,1 bed
4000.0,2025-06-13,"Pet Friendly Property! Sunning 1 Bedroom 1 Bath In Laguna Beach!, 353 Cedar Way, Laguna Beach, CA 92651",Laguna Beach,92651,33.54432,-117.78819,1.0,1.0,700.0,APARTMENT,,,20.0,,,,,,5.714285714285714,under 700,True,False,8-30 days,1 bed
3150.0,2025-04-01,"1570 N Coast Hwy APT 7, Laguna Beach, CA 92651",Laguna Beach,92651,33.54939,-117.80223,1.0,1.0,710.0,APARTMENT,3567.0,,59.0,,,,,,4.436619718309859,"700-1,000",True,False,31-60 days,1 bed
12100.0,2025-05-16,"19 Sea Cove Ln #1, Newport Beach, CA 92660",Newport Beach,92660,33.615814,-117.88772,2.0,3.0,2374.0,APARTMENT,7826.0,2262100.0,64.0,,,,,,5.096882898062342,"1,500-2,500",True,False,61-90 days,2 beds
2695.0,,"255 Cypress Dr APT 10, Laguna Beach, CA 92651",Laguna Beach,92651,33.544426,-117.78691,1.0,1.0,735.0,APARTMENT,3729.0,,38.0,-100.0,,,,,3.6666666666666665,"700-1,000",True,True,31-60 days,1 bed
3400.0,,"2350 Santa Ana Avenue - E, 2350 Santa Ana Ave E, Costa Mesa, CA 92627",Costa Mesa,92627,33.650974,-117.89682,2.0,2.0,542.0,APARTMENT,,,61.0,-150.0,,,,,6.273062730627307,under 700,False,True,61-90 days,2 beds
20000.0,2025-08-01,"217 Coral Ave, Newport Beach, CA 92662",Newport Beach,92662,33.606472,-117.8929,3.0,4.0,2719.0,SINGLE_FAMILY,19359.0,5358300.0,50.0,-5000.0,,,,,7.355645457888929,"over 2,500",True,True,31-60 days,3 beds
18000.0,2025-04-21,"Larkspur Duplex, 304 Larkspur Ave #304, Corona Del Mar, CA 92625",Corona Del Mar,92625,33.595493,-117.872635,3.0,3.0,1800.0,APARTMENT,,,28.0,,,,,,10.0,"1,500-2,500",True,False,8-30 days,3 beds
50000.0,,"1228 W Oceanfront, Newport Beach, CA 92661",Newport Beach,92661,33.605774,-117.91733,3.0,4.0,3669.0,SINGLE_FAMILY,8626.0,10078800.0,50.0,,,,,,13.627691469065141,"over 2,500",True,False,31-60 days,3 beds
2950.0,,"510 Glenneyre St, 510 Glenneyre St APT 7, Laguna Beach, CA 92651",Laguna Beach,92651,33.541203,-117.78105,1.0,1.0,508.0,APARTMENT,2987.0,,11.0,,,,,,5.807086614173229,under 700,True,False,8-30 days,1 bed
183000.0,2025-06-01,"(undisclosed Address), Newport Coast, CA 92657",Newport Coast,92657,,,5.0,9.0,9510.0,SINGLE_FAMILY,60038.0,22740300.0,73.0,-42000.0,,,,,19.242902208201894,"over 2,500",True,True,61-90 days,5+ beds
7100.0,,"18 Wellington, Newport Beach, CA 92660",Newport Beach,92660,33.61619,-117.8446,3.0,3.0,2505.0,SINGLE_FAMILY,8530.0,3936800.0,103.0,-400.0,,,,,2.834331337325349,"over 2,500",True,True,90+ days,3 beds
5500.0,,"697 Cliff Dr, Laguna Beach, CA 92651",Laguna Beach,92651,33.545776,-117.79498,1.0,1.0,700.0,SINGLE_FAMILY,,1485100.0,101.0,,,,,,7.857142857142857,under 700,True,False,90+ days,1 bed
9000.0,2025-06-01,"429 Begonia Ave, Corona Del Mar, CA 92625",Corona Del Mar,92625,33.601646,-117.877495,3.0,2.0,1800.0,SINGLE_FAMILY,4182.0,,0.0,,,,,,5.0,"1,500-2,500",True,False,0-7 days,3 beds
4700.0,2025-05-20,"5 Hickory Tree Ln, Irvine, CA 92612",Irvine,92612,33.66645,-117.81626,3.0,2.0,1714.0,SINGLE_FAMILY,4825.0,1507900.0,0.0,,,,,,2.7421236872812136,"1,500-2,500",False,False,0-7 days,3 beds
4600.0,2025-07-05,"49 Sea Island Dr, Newport Beach, CA 92660",Newport Beach,92660,33.63093,-117.87443,2.0,2.0,1496.0,APARTMENT,5713.0,1302200.0,0.0,,,,,,3.0748663101604277,"1,000-1,500",True,False,0-7 days,2 beds
12500.0,2025-06-01,"519 Westminster Ave, Newport Beach, CA 92663",Newport Beach,92663,33.627964,-117.92366,5.0,5.0,3800.0,SINGLE_FAMILY,7151.0,2869200.0,0.0,,,,,,3.289473684210526,"over 2,500",True,False,0-7 days,5+ beds
18250.0,2025-05-19,"112 Abalone Ave, Newport Beach, CA 92662",Newport Beach,92662,33.605007,-117.887886,5.0,4.0,2893.0,SINGLE_FAMILY,8802.0,7032900.0,1.0,,,,,,6.308330452817144,"over 2,500",True,False,0-7 days,5+ beds
15720.0,,"202 Pearl Ave, Newport Beach, CA 92662",Newport Beach,92662,33.60714,-117.89762,3.0,3.0,2328.0,SINGLE_FAMILY,7711.0,4353200.0,1.0,,,,,,6.752577319587629,"1,500-2,500",True,False,0-7 days,3 beds
6500.0,2025-05-13,"73 Alevera St, Irvine, CA 92618",Irvine,92618,33.664364,-117.77357,3.0,3.0,1330.0,APARTMENT,4446.0,1192500.0,7.0,,,,,,4.887218045112782,"1,000-1,500",False,False,0-7 days,3 beds
19995.0,2025-07-01,"700 Acacia Ave, Corona Del Mar, CA 92625",Corona Del Mar,92625,33.604164,-117.875565,3.0,4.0,1706.0,TOWNHOUSE,7744.0,3337500.0,3.0,,,,,,11.72039859320047,"1,500-2,500",True,False,0-7 days,3 beds
16000.0,2025-06-01,"411 Iris Ave #B, Corona Del Mar, CA 92625",Corona Del Mar,92625,33.598064,-117.87337,3.0,3.0,1598.0,APARTMENT,6296.0,2086500.0,6.0,,,,,,10.012515644555695,"1,500-2,500",True,False,0-7 days,3 beds
5000.0,2025-05-13,"2930 S Coast Hwy #5, Laguna Beach, CA 92651",Laguna Beach,92651,33.551483,-117.805626,0.0,1.0,500.0,APARTMENT,1552.0,,7.0,,,,,,10.0,under 700,True,False,0-7 days,Studio
4200.0,2025-05-19,"316 Heliotrope Ave #1/2, Corona Del Mar, CA 92625",Corona Del Mar,92625,33.597378,-117.87461,2.0,1.0,,APARTMENT,,,1.0,,,,,,,,True,False,0-7 days,2 beds
15000.0,2025-05-16,"504 Avocado Ave, Corona Del Mar, CA 92625",Corona Del Mar,92625,33.603207,-117.87779,3.0,3.0,1924.0,TOWNHOUSE,3418.0,1524500.0,4.0,300.0,,,,,7.796257796257796,"1,500-2,500",True,False,0-7 days,3 beds
2450.0,2025-05-18,"3238 Watermarke Pl, Irvine, CA 92612",Irvine,92612,33.665314,-117.85062,1.0,1.0,648.0,APARTMENT,2476.0,564100.0,2.0,,,,,,3.7808641975308643,under 700,False,False,0-7 days,1 bed
8500.0,2025-05-14,"515 1/2 Jasmine Ave, Corona Del Mar, CA 92625",Corona Del Mar,92625,33.6004,-117.869415,2.0,3.0,1275.0,APARTMENT,7884.0,,6.0,,,,,,6.666666666666667,"1,000-1,500",True,False,0-7 days,2 beds
4492.0,,"Bayside Drive Complex, 3201-3211 N Bayside Dr #3203, Corona Del Mar, CA 92625",Corona Del Mar,92625,33.61753,-117.89782,2.0,1.0,900.0,APARTMENT,,,171.0,-3.0,,,,,4.9911111111111115,"700-1,000",True,True,90+ days,2 beds
4400.0,2025-05-21,"500 Marguerite Ave #1, Corona Del Mar, CA 92625",Corona Del Mar,92625,33.597256,-117.86953,1.0,1.0,610.0,APARTMENT,,,4.0,,,,,,7.213114754098361,under 700,True,False,0-7 days,1 bed
19000.0,,"507 J St, Newport Beach, CA 92661",Newport Beach,92661,33.599403,-117.88782,4.0,3.0,2097.0,SINGLE_FAMILY,7459.0,4821500.0,27.0,,,,,,9.060562708631378,"1,500-2,500",True,False,8-30 days,4 beds
12990.0,2025-05-10,"3310 3rd Ave, Corona Del Mar, CA 92625",Corona Del Mar,92625,33.598057,-117.86873,2.0,3.0,1250.0,TOWNHOUSE,6336.0,2021000.0,27.0,,,,,,10.392,"1,000-1,500",True,False,8-30 days,2 beds
6995.0,2025-05-15,"718 Iris Ave #A, Corona Del Mar, CA 92625",Corona Del Mar,92625,33.601048,-117.8697,3.0,3.0,1491.0,APARTMENT,7480.0,,5.0,,,,,,4.691482226693494,"1,000-1,500",True,False,0-7 days,3 beds
30000.0,2025-06-01,"331 E Bay Front, Newport Beach, CA 92662",Newport Beach,92662,33.60796,-117.88801,3.0,4.0,2750.0,SINGLE_FAMILY,19215.0,5270500.0,26.0,15000.0,,,,,10.909090909090908,"over 2,500",True,False,8-30 days,3 beds
14995.0,,"32 Belcourt Dr, Newport Beach, CA 92660",Newport Beach,92660,33.630886,-117.86579,4.0,5.0,4885.0,SINGLE_FAMILY,20999.0,4322700.0,284.0,-1000.0,,,,,3.069600818833163,"over 2,500",True,True,90+ days,4 beds
12500.0,2025-08-01,"2584 Bungalow Pl, Corona Del Mar, CA 92625",Corona Del Mar,92625,33.604435,-117.87152,3.0,3.0,2526.0,SINGLE_FAMILY,9230.0,3427700.0,13.0,,,,,,4.948535233570863,"over 2,500",True,False,8-30 days,3 beds
3500.0,2025-06-01,"24055 Paseo Del Lago UNIT 507, Laguna Woods, CA 92637",Laguna Woods,92637,33.613255,-117.74404,2.0,2.0,1030.0,APARTMENT,3169.0,257000.0,28.0,-200.0,,,,,3.3980582524271843,"1,000-1,500",False,True,8-30 days,2 beds
4950.0,2025-06-30,"10 Scripps Aisle, Irvine, CA 92612",Irvine,92612,33.653008,-117.83721,3.0,3.0,1983.0,APARTMENT,5541.0,,20.0,,,,,,2.496217851739788,"1,500-2,500",False,False,8-30 days,3 beds
5200.0,2025-07-01,"56 Arboles, Irvine, CA 92612",Irvine,92612,33.66013,-117.83452,3.0,2.0,1507.0,APARTMENT,4884.0,,17.0,,,,,,3.4505640345056405,"1,500-2,500",False,False,8-30 days,3 beds
8000.0,,"8 Lucerne, Newport Beach, CA 92660",Newport Beach,92660,33.61509,-117.84407,3.0,2.0,2025.0,TOWNHOUSE,5498.0,1938100.0,6.0,,,,,,3.950617283950617,"1,500-2,500",True,False,0-7 days,3 beds
13000.0,,"(undisclosed Address), Newport Beach, CA 92661",Newport Beach,92661,,,3.0,3.0,1860.0,TOWNHOUSE,6153.0,3425600.0,62.0,,,,,,6.989247311827957,"1,500-2,500",True,False,61-90 days,3 beds
20000.0,,"229 Agate Ave, Newport Beach, CA 92662",Newport Beach,92662,33.607853,-117.896614,3.0,2.0,1935.0,APARTMENT,5369.0,,41.0,-11000.0,,,,,10.335917312661499,"1,500-2,500",True,True,31-60 days,3 beds
3300.0,2025-05-16,"13 Cinnamon Teal #13, Aliso Viejo, CA 92656",Aliso Viejo,92656,33.60075,-117.74413,2.0,2.0,1011.0,APARTMENT,3136.0,,13.0,,,,,,3.264094955489614,"1,000-1,500",False,False,8-30 days,2 beds
6395.0,2025-07-18,"2216 Anaheim Ave, Costa Mesa, CA 92627",Costa Mesa,92627,33.654793,-117.92339,5.0,3.0,2100.0,SINGLE_FAMILY,5936.0,1181800.0,5.0,,,,,,3.045238095238095,"1,500-2,500",False,False,0-7 days,5+ beds
5100.0,2025-07-03,"104 Stanford Ct, Irvine, CA 92612",Irvine,92612,33.65474,-117.841324,3.0,3.0,1211.0,TOWNHOUSE,4902.0,1048700.0,20.0,,,,,,4.211395540875309,"1,000-1,500",False,False,8-30 days,3 beds
22000.0,2025-05-02,"2801 Pebble Dr, Corona Del Mar, CA 92625",Corona Del Mar,92625,33.60518,-117.86827,3.0,3.0,2572.0,SINGLE_FAMILY,14242.0,5356600.0,18.0,,,,,,8.553654743390357,"over 2,500",True,False,8-30 days,3 beds
6875.0,2025-05-06,"111 Marine Ave, Newport Beach, CA 92662",Newport Beach,92662,33.604908,-117.89,2.0,2.0,900.0,SINGLE_FAMILY,8097.0,3549100.0,14.0,,,,,,7.638888888888889,"700-1,000",True,False,8-30 days,2 beds
4000.0,2025-06-17,"1010 Anaheim Ave, Costa Mesa, CA 92627",Costa Mesa,92627,33.64416,-117.92299,3.0,2.0,1350.0,APARTMENT,,,6.0,,,,,,2.962962962962963,"1,000-1,500",False,False,0-7 days,3 beds
12000.0,,"(undisclosed Address), Corona Del Mar, CA 92625",Corona Del Mar,92625,,,3.0,3.0,2500.0,TOWNHOUSE,9123.0,4113600.0,136.0,,,,,,4.8,"1,500-2,500",True,False,90+ days,3 beds
3725.0,2025-07-01,"179 E 18th St #A, Costa Mesa, CA 92627",Costa Mesa,92627,33.638504,-117.91692,2.0,1.0,1100.0,APARTMENT,3388.0,,4.0,,,,,,3.3863636363636362,"1,000-1,500",False,False,0-7 days,2 beds
14800.0,2025-04-26,"2201 Hillview Dr, Laguna Beach, CA 92651",Laguna Beach,92651,33.549118,-117.76278,3.0,3.0,3200.0,SINGLE_FAMILY,6633.0,3777300.0,29.0,-700.0,,,,,4.625,"over 2,500",True,True,8-30 days,3 beds
28800.0,,"6 Faenza, Newport Coast, CA 92657",Newport Coast,92657,33.599785,-117.81327,4.0,4.0,4160.0,SINGLE_FAMILY,17695.0,6279800.0,107.0,-6200.0,,,,,6.923076923076923,"over 2,500",True,True,90+ days,4 beds
4950.0,2025-04-30,"20 Norton St, Irvine, CA 92612",Irvine,92612,33.66402,-117.82414,3.0,2.0,1592.0,SINGLE_FAMILY,4857.0,1581800.0,20.0,,,,,,3.10929648241206,"1,500-2,500",False,False,8-30 days,3 beds
7200.0,,"20 Rockrose Way, Irvine, CA 92612",Irvine,92612,33.667007,-117.81777,3.0,3.0,1741.0,SINGLE_FAMILY,4921.0,1446900.0,19.0,,,,,,4.135554279149914,"1,500-2,500",False,False,8-30 days,3 beds
3250.0,,"5053 Scholarship, Irvine, CA 92612",Irvine,92612,33.666588,-117.85295,1.0,1.0,954.0,APARTMENT,3347.0,963600.0,38.0,,,,,,3.406708595387841,"700-1,000",False,False,31-60 days,1 bed
19000.0,,"2395 Tustin Ave, Newport Beach, CA 92660",Newport Beach,92660,33.65005,-117.89331,4.0,3.0,2800.0,SINGLE_FAMILY,8000.0,2293600.0,13.0,,,,,,6.785714285714286,"over 2,500",True,False,8-30 days,4 beds
4200.0,2025-07-01,"40 Seasons, Irvine, CA 92603",Irvine,92603,33.650524,-117.780205,3.0,3.0,1683.0,APARTMENT,4486.0,1245100.0,5.0,,,,,,2.4955436720142603,"1,500-2,500",False,False,0-7 days,3 beds
5500.0,2025-06-01,"256 E 18th St, Costa Mesa, CA 92627",Costa Mesa,92627,33.637047,-117.913795,3.0,2.0,1200.0,SINGLE_FAMILY,2627.0,1911800.0,2.0,,,,,,4.583333333333333,"1,000-1,500",False,False,0-7 days,3 beds
18000.0,,"433 Iris Ave, Corona Del Mar, CA 92625",Corona Del Mar,92625,33.598866,-117.87257,3.0,3.0,2035.0,APARTMENT,11617.0,2989200.0,88.0,,,,,,8.845208845208845,"1,500-2,500",True,False,61-90 days,3 beds
7500.0,2025-05-05,"417 Bay Hill Dr, Newport Beach, CA 92660",Newport Beach,92660,33.627808,-117.86334,2.0,3.0,1850.0,TOWNHOUSE,7208.0,1716000.0,15.0,,,,,,4.054054054054054,"1,500-2,500",True,False,8-30 days,2 beds
50000.0,,"1104 W Bay Ave, Newport Beach, CA 92661",Newport Beach,92661,33.606777,-117.9147,3.0,4.0,3666.0,SINGLE_FAMILY,8637.0,9660500.0,89.0,,,,,,13.638843426077468,"over 2,500",True,False,61-90 days,3 beds
3200.0,2025-06-06,"96 Clearbrook #32, Irvine, CA 92614",Irvine,92614,33.666737,-117.80967,2.0,2.0,917.0,APARTMENT,3323.0,786000.0,8.0,-100.0,,,,,3.489640130861505,"700-1,000",False,True,8-30 days,2 beds
40000.0,,"239 Emerald Bay, Laguna Beach, CA 92651",Laguna Beach,92651,33.552845,-117.80659,3.0,3.0,2323.0,SINGLE_FAMILY,6917.0,8457300.0,111.0,-8000.0,,,,,17.219113215669392,"1,500-2,500",True,True,90+ days,3 beds
2295.0,2025-04-26,"339 Wake Forest Rd, Costa Mesa, CA 92626",Costa Mesa,92626,33.658176,-117.91362,0.0,1.0,500.0,SINGLE_FAMILY,2349.0,1625800.0,24.0,,,,,,4.59,under 700,False,False,8-30 days,Studio
5200.0,,"16572 E Buena Vista Ave, Orange, CA 92865",Orange,92865,33.837616,-117.84329,3.0,2.0,1500.0,SINGLE_FAMILY,4691.0,986200.0,130.0,-1200.0,,,,,3.466666666666667,"1,000-1,500",False,True,90+ days,3 beds
5000.0,,"5086 Burgundy Ln, Yorba Linda, CA 92886",Yorba Linda,92886,33.88721,-117.82589,4.0,3.0,1971.0,SINGLE_FAMILY,4537.0,1181200.0,14.0,,,,,,2.536783358701167,"1,500-2,500",False,False,8-30 days,4 beds
4600.0,,"1638 Grove Pl, Fullerton, CA 92831",Fullerton,92831,33.8756,-117.898575,4.0,2.0,1384.0,SINGLE_FAMILY,2860.0,1048700.0,15.0,,,,,,3.3236994219653178,"1,000-1,500",False,False,8-30 days,4 beds
3500.0,,"1629 Sherwood Village Cir, Placentia, CA 92870",Placentia,92870,33.891743,-117.845055,3.0,3.0,1352.0,TOWNHOUSE,3769.0,749200.0,8.0,,,,,,2.588757396449704,"1,000-1,500",False,False,8-30 days,3 beds
6700.0,2025-06-02,"1690 S Lewis St, Anaheim, CA 92805",Anaheim,92805,33.805763,-117.896255,3.0,3.0,1772.0,TOWNHOUSE,4152.0,859000.0,0.0,100.0,,,,,3.781038374717833,"1,500-2,500",False,False,0-7 days,3 beds
2000.0,2025-06-01,"400 N Acacia Ave UNIT C24, Fullerton, CA 92831",Fullerton,92831,33.873394,-117.89768,1.0,1.0,677.0,SINGLE_FAMILY,2010.0,400700.0,18.0,,,,,,2.9542097488921715,under 700,False,False,8-30 days,1 bed
4400.0,,"2125 Mendocino St, Fullerton, CA 92831",Fullerton,92831,33.870365,-117.92421,3.0,3.0,1974.0,SINGLE_FAMILY,4142.0,1107000.0,12.0,,,,,,2.2289766970618032,"1,500-2,500",False,False,8-30 days,3 beds
1800.0,2025-05-14,"217 W. Wilson Apartments, 217 W Wilson Ave #6, Orange, CA 92867",Orange,92867,33.80683,-117.854576,1.0,1.0,625.0,APARTMENT,,,6.0,,,,,,2.88,under 700,False,False,0-7 days,1 bed
5000.0,,"5319 Vista Montana, Yorba Linda, CA 92886",Yorba Linda,92886,33.883278,-117.78425,3.0,2.0,1943.0,SINGLE_FAMILY,5011.0,1452700.0,18.0,,,,,,2.573340195573855,"1,500-2,500",False,False,8-30 days,3 beds
3700.0,,"2750 Via Seville #63, Fullerton, CA 92835",Fullerton,92835,33.900356,-117.905975,3.0,3.0,1267.0,CONDO,3587.0,782500.0,29.0,,,,,,2.9202841357537492,"1,000-1,500",False,False,8-30 days,3 beds
1800.0,2025-05-14,"130 West Wilson Ave., Orange, 130 W Wilson Ave APT 8, Orange, CA 92867",Orange,92867,33.80625,-117.85374,1.0,1.0,625.0,APARTMENT,,,6.0,,,,,,2.88,under 700,False,False,0-7 days,1 bed
5995.0,,"2274 N Rockridge Pl, Orange, CA 92867",Orange,92867,33.826157,-117.81367,4.0,3.0,3900.0,SINGLE_FAMILY,6780.0,1920300.0,46.0,-505.0,,,,,1.5371794871794873,"over 2,500",False,True,31-60 days,4 beds
2595.0,2025-04-25,"Dory Apartments, 1221 E Lincoln Ave #21, Anaheim, CA 92805",Anaheim,92805,33.838657,-117.90194,2.0,2.0,957.0,APARTMENT,,,27.0,-100.0,,,,,2.7115987460815045,"700-1,000",False,True,8-30 days,2 beds
3750.0,2025-04-24,"703 S Citron St, Anaheim, CA 92805",Anaheim,92805,33.825428,-117.92099,3.0,2.0,1474.0,SINGLE_FAMILY,3798.0,936200.0,26.0,-100.0,,,,,2.5440976933514245,"1,000-1,500",False,True,8-30 days,3 beds
4000.0,,"2514 Sanabria Ln, Brea, CA 92821",Brea,92821,33.914326,-117.86651,3.0,3.0,1561.0,CONDO,3014.0,,33.0,,,,,,2.5624599615631007,"1,500-2,500",False,False,31-60 days,3 beds
5800.0,,"430 La Floresta Dr, Brea, CA 92823",Brea,92823,33.909443,-117.84741,4.0,3.0,2712.0,SINGLE_FAMILY,5680.0,1810200.0,41.0,,,,,,2.1386430678466075,"over 2,500",False,False,31-60 days,4 beds
3900.0,,"408 E Elm St, Brea, CA 92821",Brea,92821,33.911465,-117.89855,3.0,2.0,1530.0,MULTI_FAMILY,3885.0,1082300.0,57.0,-100.0,,,,,2.549019607843137,"1,500-2,500",False,True,31-60 days,3 beds
3000.0,,"124 N Janet Pl #A, Fullerton, CA 92831",Fullerton,92831,33.871532,-117.90319,3.0,2.0,1050.0,SINGLE_FAMILY,,667300.0,37.0,,,,,,2.857142857142857,"1,000-1,500",False,False,31-60 days,3 beds
5600.0,,"6648 E Leafwood Dr, Anaheim, CA 92807",Anaheim,92807,33.83082,-117.75691,4.0,3.0,2582.0,SINGLE_FAMILY,5484.0,1500100.0,124.0,,,,,,2.168861347792409,"over 2,500",False,False,90+ days,4 beds
2400.0,,"3019 Garnet Ln APT D, Fullerton, CA 92831",Fullerton,92831,33.886787,-117.87433,2.0,1.0,950.0,MULTI_FAMILY,2475.0,1010700.0,42.0,-50.0,,,,,2.526315789473684,"700-1,000",False,True,31-60 days,2 beds
2495.0,,"1766 N Willow Woods Dr UNIT B, Anaheim, CA 92807",Anaheim,92807,33.86629,-117.79482,2.0,1.0,886.0,APARTMENT,2613.0,,46.0,-100.0,,,,,2.8160270880361176,"700-1,000",False,True,31-60 days,2 beds
5750.0,,"3801 Tunales Dr, Fullerton, CA 92835",Fullerton,92835,33.914143,-117.92473,4.0,3.0,3000.0,SINGLE_FAMILY,5796.0,1707700.0,22.0,,,,,,1.9166666666666667,"over 2,500",False,False,8-30 days,4 beds
5000.0,,"2105 Woodbriar Ct, Fullerton, CA 92831",Fullerton,92831,33.891544,-117.88626,3.0,3.0,1857.0,SINGLE_FAMILY,4621.0,933800.0,124.0,-500.0,,,,,2.6925148088314486,"1,500-2,500",False,True,90+ days,3 beds
4750.0,2025-05-01,"780 S Carriage Cir, Anaheim, CA 92807",Anaheim,92807,33.837242,-117.76016,4.0,3.0,2414.0,SINGLE_FAMILY,4862.0,1216100.0,21.0,,,,,,1.9676884838442419,"1,500-2,500",False,False,8-30 days,4 beds
1950.0,,"920 North Philadelphia Street, 920 N Philadelphia St APT 3, Anaheim, CA 92805",Anaheim,92805,33.84675,-117.9143,1.0,1.0,675.0,APARTMENT,2033.0,,143.0,,,,,,2.888888888888889,under 700,False,False,90+ days,1 bed
4500.0,,"2167 N Pami Cir, Orange, CA 92867",Orange,92867,33.82439,-117.8302,3.0,2.0,1741.0,SINGLE_FAMILY,4333.0,1054400.0,36.0,,,,,,2.5847214244686962,"1,500-2,500",False,False,31-60 days,3 beds
3800.0,,"634 Willow Dr, Brea, CA 92821",Brea,92821,33.919266,-117.8916,4.0,2.0,1102.0,SINGLE_FAMILY,3818.0,863700.0,11.0,,,,,,3.4482758620689653,"1,000-1,500",False,False,8-30 days,4 beds
2450.0,,"(02) Leatrice, 325 E Leatrice Ln APT 5, Anaheim, CA 92802",Anaheim,92802,33.798695,-117.90261,2.0,1.0,725.0,APARTMENT,2200.0,,68.0,,,,,,3.3793103448275863,"700-1,000",False,False,61-90 days,2 beds
4250.0,,"1122 S Cambridge St, Anaheim, CA 92805",Anaheim,92805,33.81887,-117.91115,4.0,2.0,1199.0,SINGLE_FAMILY,4130.0,846900.0,35.0,,,,,,3.5446205170975813,"1,000-1,500",False,False,31-60 days,4 beds
4275.0,,"2952 E Walking Beam Pl, Brea, CA 92821",Brea,92821,33.925518,-117.85844,3.0,3.0,1827.0,SINGLE_FAMILY,4203.0,1127100.0,4.0,-100.0,,,,,2.3399014778325125,"1,500-2,500",False,True,0-7 days,3 beds
2100.0,,"420 E Wilshire Ave, Fullerton, CA 92832",Fullerton,92832,33.872158,-117.916695,1.0,1.0,1092.0,SINGLE_FAMILY,2236.0,809700.0,34.0,,,,,,1.9230769230769231,"1,000-1,500",False,False,31-60 days,1 bed
2695.0,,"46 Orange Via, Anaheim, CA 92801",Anaheim,92801,33.862705,-117.91238,2.0,1.0,800.0,MANUFACTURED,2607.0,108200.0,38.0,,,,,,3.36875,"700-1,000",False,False,31-60 days,2 beds
3995.0,,"1954 Lark Ellen Dr, Fullerton, CA 92835",Fullerton,92835,33.906376,-117.89176,3.0,2.0,1500.0,SINGLE_FAMILY,3899.0,1045100.0,11.0,,,,,,2.6633333333333336,"1,000-1,500",False,False,8-30 days,3 beds
3500.0,,"10476 Fredrick Dr #B, Villa Park, CA 92861",Villa Park,92861,33.810017,-117.818954,2.0,2.0,1200.0,SINGLE_FAMILY,3147.0,920200.0,106.0,-500.0,,,,,2.9166666666666665,"1,000-1,500",False,True,90+ days,2 beds
1850.0,,"The South Yale Apartments, 137-141 S Yale Ave #7, Fullerton, CA 92831",Fullerton,92831,33.868774,-117.91206,1.0,1.0,700.0,APARTMENT,,,217.0,,,,,,2.642857142857143,under 700,False,False,90+ days,1 bed
3750.0,,"1016 E Wilshire Ave, Fullerton, CA 92831",Fullerton,92831,33.87222,-117.90891,3.0,2.0,1143.0,SINGLE_FAMILY,3696.0,917800.0,40.0,,,,,,3.2808398950131235,"1,000-1,500",False,False,31-60 days,3 beds
4500.0,,"18601 Oriente Dr, Yorba Linda, CA 92886",Yorba Linda,92886,33.894184,-117.80965,3.0,2.0,1850.0,SINGLE_FAMILY,4409.0,1199800.0,112.0,-350.0,,,,,2.4324324324324325,"1,500-2,500",False,True,90+ days,3 beds
2995.0,,"510 S Pomona Ave, Fullerton, CA 92832",Fullerton,92832,33.865807,-117.92188,3.0,1.0,900.0,SINGLE_FAMILY,3074.0,591000.0,59.0,95.0,,,,,3.327777777777778,"700-1,000",False,False,31-60 days,3 beds
1750.0,,"4013, 2017-2025 E Whiting Ave #2017G, Fullerton, CA 92831",Fullerton,92831,33.873272,-117.895226,1.0,1.0,513.0,APARTMENT,1809.0,,231.0,,,,,,3.4113060428849904,under 700,False,False,90+ days,1 bed
2600.0,2025-06-02,"631 Shalimar Dr APT D, Costa Mesa, CA 92627",Costa Mesa,92627,33.63812,-117.924644,1.0,1.0,760.0,APARTMENT,2279.0,,22.0,,,,,,3.4210526315789473,"700-1,000",False,False,8-30 days,1 bed
6500.0,2025-05-01,"324 Ruby Ave, Newport Beach, CA 92662",Newport Beach,92662,33.607994,-117.89474,3.0,2.0,1314.0,APARTMENT,6325.0,,22.0,,,,,,4.946727549467275,"1,000-1,500",True,False,8-30 days,3 beds
4350.0,,"(undisclosed Address), Costa Mesa, CA 92627",Costa Mesa,92627,,,2.0,2.0,1200.0,SINGLE_FAMILY,3126.0,1381600.0,46.0,,,,,,3.625,"1,000-1,500",False,False,31-60 days,2 beds
3695.0,,"309 Fernleaf Ave APT C, Corona Del Mar, CA 92625",Corona Del Mar,92625,33.59855,-117.87674,1.0,1.0,700.0,APARTMENT,3585.0,,1.0,,,,,,5.2785714285714285,under 700,True,False,0-7 days,1 bed
5900.0,,"1623 W Balboa Blvd #B, Newport Beach, CA 92663",Newport Beach,92663,33.607117,-117.92318,2.0,2.0,1200.0,APARTMENT,,,49.0,-300.0,,,,,4.916666666666667,"1,000-1,500",True,True,31-60 days,2 beds
6800.0,2025-06-23,"2454 Monaco Ter, Costa Mesa, CA 92627",Costa Mesa,92627,33.652493,-117.89167,4.0,4.0,2811.0,SINGLE_FAMILY,7452.0,1688700.0,42.0,-200.0,,,,,2.4190679473496974,"over 2,500",False,True,31-60 days,4 beds
2395.0,2025-05-05,"201 Cypress Dr #2, Laguna Beach, CA 92651",Laguna Beach,92651,33.544888,-117.78555,0.0,1.0,500.0,APARTMENT,2950.0,,53.0,,,,,,4.79,under 700,True,False,31-60 days,Studio
22000.0,,"206 Onyx Ave, Newport Beach, CA 92662",Newport Beach,92662,33.606064,-117.89032,3.0,5.0,2415.0,SINGLE_FAMILY,15228.0,5041800.0,104.0,,,,,,9.109730848861284,"1,500-2,500",True,False,90+ days,3 beds
5300.0,,"29 Olivewood, Irvine, CA 92618",Irvine,92618,33.664295,-117.78648,3.0,3.0,1668.0,SINGLE_FAMILY,4608.0,1405800.0,22.0,-200.0,,,,,3.1774580335731413,"1,500-2,500",False,True,8-30 days,3 beds
1975.0,2025-05-13,"1917 Maple Ave APT 6, Costa Mesa, CA 92627",Costa Mesa,92627,33.644035,-117.922356,1.0,1.0,,APARTMENT,,,21.0,,,,,,,,False,False,8-30 days,1 bed
19995.0,2025-05-12,"15 Fayence, Newport Coast, CA 92657",Newport Coast,92657,33.626682,-117.842514,4.0,4.0,3435.0,SINGLE_FAMILY,13196.0,4732300.0,8.0,,,,,,5.820960698689956,"over 2,500",True,False,8-30 days,4 beds
4900.0,,"2 Saratoga, Newport Beach, CA 92660",Newport Beach,92660,33.61812,-117.89997,2.0,2.0,1400.0,APARTMENT,4308.0,,96.0,600.0,,,,,3.5,"1,000-1,500",True,False,90+ days,2 beds
2680.0,2025-05-20,"310 E 18th St, Costa Mesa, CA 92627",Costa Mesa,92627,33.63579,-117.911865,1.0,1.0,600.0,APARTMENT,2693.0,,40.0,-15.0,,,,,4.466666666666667,under 700,False,True,31-60 days,1 bed
4995.0,,"2558 Orange Ave, Costa Mesa, CA 92627",Costa Mesa,92627,33.65914,-117.89434,3.0,3.0,1450.0,SINGLE_FAMILY,4825.0,1403500.0,117.0,,,,,,3.4448275862068964,"1,000-1,500",False,False,90+ days,3 beds
11250.0,,"404 S Bayfront, Newport Beach, CA 92662",Newport Beach,92662,33.604603,-117.88616,4.0,2.0,1850.0,SINGLE_FAMILY,,4726900.0,64.0,-1250.0,,,,,6.081081081081081,"1,500-2,500",True,True,61-90 days,4 beds
32000.0,,"527 Seaward Rd, Corona Del Mar, CA 92625",Corona Del Mar,92625,33.592785,-117.86067,4.0,4.0,2616.0,SINGLE_FAMILY,13808.0,4870900.0,118.0,8000.0,,,,,12.232415902140673,"over 2,500",True,False,90+ days,4 beds
7140.0,,"339 Onyx Ave, Newport Beach, CA 92662",Newport Beach,92662,33.60842,-117.89064,2.0,3.0,1200.0,SINGLE_FAMILY,5870.0,2780500.0,154.0,,,,,,5.95,"1,000-1,500",True,False,90+ days,2 beds
15000.0,,"617 Begonia Ave, Corona Del Mar, CA 92625",Corona Del Mar,92625,33.603634,-117.87553,3.0,2.0,1528.0,APARTMENT,7337.0,2600300.0,129.0,3000.0,,,,,9.81675392670157,"1,500-2,500",True,False,90+ days,3 beds
4400.0,,"8 Silvermaple, Irvine, CA 92618",Irvine,92618,33.66931,-117.78268,3.0,3.0,1509.0,CONDO,4484.0,1178200.0,5.0,-100.0,,,,,2.9158383035122597,"1,500-2,500",False,True,0-7 days,3 beds
2750.0,,"3201 Watermarke Pl, Irvine, CA 92612",Irvine,92612,33.66579,-117.85076,1.0,1.0,749.0,CONDO,2623.0,627100.0,50.0,,,,,,3.671562082777036,"700-1,000",False,False,31-60 days,1 bed
3300.0,,"71 Sandpiper Ln, Aliso Viejo, CA 92656",Aliso Viejo,92656,33.59921,-117.74417,2.0,2.0,1011.0,CONDO,3166.0,746500.0,34.0,,,,,,3.264094955489614,"1,000-1,500",False,False,31-60 days,2 beds
15500.0,,"9 Agostino, Newport Coast, CA 92657",Newport Coast,92657,33.606586,-117.8214,5.0,3.0,3000.0,SINGLE_FAMILY,12249.0,,87.0,,,,,,5.166666666666667,"over 2,500",True,False,61-90 days,5+ beds
3000.0,,"1602 Elk Grv, Irvine, CA 92618",Irvine,92618,33.668053,-117.781334,1.0,2.0,890.0,CONDO,2945.0,692100.0,34.0,,,,,,3.3707865168539324,"700-1,000",False,False,31-60 days,1 bed
3650.0,2025-06-04,"Casa Townhomes, 321 Avocado St APT K, Costa Mesa, CA 92627",Costa Mesa,92627,33.653587,-117.91252,3.0,3.0,1229.0,APARTMENT,3590.0,,0.0,,,,,,2.9698942229454843,"1,000-1,500",False,False,0-7 days,3 beds
9750.0,,"302 Cabrillo St, Costa Mesa, CA 92627",Costa Mesa,92627,33.63415,-117.91405,4.0,3.0,2470.0,SINGLE_FAMILY,7955.0,,0.0,,,,,,3.9473684210526314,"1,500-2,500",False,False,0-7 days,4 beds
7350.0,,"2661 Orange Ave APT E, Costa Mesa, CA 92627",Costa Mesa,92627,33.662582,-117.89246,3.0,3.0,2280.0,SINGLE_FAMILY,,,0.0,,,,,,3.223684210526316,"1,500-2,500",False,False,0-7 days,3 beds
5000.0,,"47 Canyon Island Dr #47, Newport Beach, CA 92660",Newport Beach,92660,33.628414,-117.866844,2.0,2.0,1197.0,CONDO,4917.0,1134500.0,0.0,,,,,,4.177109440267335,"1,000-1,500",True,False,0-7 days,2 beds
7550.0,,"913 E Balboa Blvd, Newport Beach, CA 92661",Newport Beach,92661,33.601288,-117.89821,3.0,3.0,1313.0,MULTI_FAMILY,5042.0,,0.0,,,,,,5.7501904036557505,"1,000-1,500",True,False,0-7 days,3 beds
10000.0,,"127 Abalone Ave, Newport Beach, CA 92662",Newport Beach,92662,33.60557,-117.8883,3.0,3.0,2200.0,SINGLE_FAMILY,7770.0,4014900.0,0.0,,,,,,4.545454545454546,"1,500-2,500",True,False,0-7 days,3 beds
4400.0,,"17252 Citron, Irvine, CA 92612",Irvine,92612,33.662457,-117.80142,3.0,2.0,1532.0,SINGLE_FAMILY,4832.0,1483100.0,0.0,,,,,,2.8720626631853787,"1,500-2,500",False,False,0-7 days,3 beds
9650.0,,"431 Iris Ave, Corona Del Mar, CA 92625",Corona Del Mar,92625,33.598804,-117.872635,3.0,3.0,2030.0,CONDO,13660.0,2626400.0,0.0,,,,,,4.753694581280788,"1,500-2,500",True,False,0-7 days,3 beds
6200.0,,"16 Celano Ct, Newport Coast, CA 92657",Newport Coast,92657,33.60406,-117.82674,3.0,3.0,1742.0,CONDO,7222.0,1755500.0,0.0,,,,,,3.5591274397244548,"1,500-2,500",True,False,0-7 days,3 beds
4700.0,,"1516 Bruinbark Ln #20, Newport Beach, CA 92660",Newport Beach,92660,33.662895,-117.88495,3.0,3.0,1157.0,TOWNHOUSE,4117.0,982600.0,0.0,,,,,,4.062229904926534,"1,000-1,500",True,False,0-7 days,3 beds
30000.0,,"109 Onyx Ave, Newport Beach, CA 92662",Newport Beach,92662,33.6048,-117.89073,3.0,5.0,2370.0,SINGLE_FAMILY,16805.0,5771800.0,0.0,,,,,,12.658227848101266,"1,500-2,500",True,False,0-7 days,3 beds
3200.0,,"24055 Paseo Del Lago UNIT 201, Laguna Woods, CA 92637",Laguna Woods,92637,33.61336,-117.74385,1.0,1.0,625.0,CONDO,2469.0,,0.0,,,,,,5.12,under 700,False,False,0-7 days,1 bed
4650.0,,"Bland- 1880 Fullerton, 1880 Fullerton Ave #A, Costa Mesa, CA 92627",Costa Mesa,92627,33.641796,-117.91487,3.0,4.0,1550.0,APARTMENT,4612.0,1779000.0,0.0,,,,,,3.0,"1,500-2,500",False,False,0-7 days,3 beds
3200.0,2025-09-02,"203 E Bay Ave, Newport Beach, CA 92661",Newport Beach,92661,33.604046,-117.90444,2.0,2.0,,APARTMENT,4931.0,,0.0,,,,,,,,True,False,0-7 days,2 beds
5800.0,,"911 Cliff Dr, Laguna Beach, CA 92651",Laguna Beach,92651,33.545948,-117.7976,2.0,1.0,800.0,SINGLE_FAMILY,4940.0,3351900.0,1.0,,,,,,7.25,"700-1,000",True,False,0-7 days,2 beds
4500.0,,"425 1/2 Dahlia Ave, Corona Del Mar, CA 92625",Corona Del Mar,92625,33.600594,-117.875984,2.0,2.0,760.0,SINGLE_FAMILY,,,1.0,,,,,,5.921052631578948,"700-1,000",True,False,0-7 days,2 beds
20000.0,,"440 Mendoza Ter, Corona Del Mar, CA 92625",Corona Del Mar,92625,33.594833,-117.86204,4.0,4.0,3513.0,SINGLE_FAMILY,15751.0,5742200.0,54.0,-5000.0,,,,,5.69313976658127,"over 2,500",True,True,31-60 days,4 beds
7500.0,2025-05-13,"1622 W Oceanfront UNIT 1/2, Newport Beach, CA 92663",Newport Beach,92663,33.606804,-117.923355,1.0,2.0,,APARTMENT,,,7.0,,,,,,,,True,False,0-7 days,1 bed
12500.0,2025-11-01,"3731 4th Ave, Corona Del Mar, CA 92625",Corona Del Mar,92625,33.596355,-117.86474,3.0,3.0,1601.0,TOWNHOUSE,7221.0,2826400.0,72.0,-500.0,,,,,7.807620237351655,"1,500-2,500",True,True,61-90 days,3 beds
